file_name,error,time,path_flag
DataSet1/small/MarqSim_Ar_60.txt, 0.1, 0.7854, 1 
DataSet1/small/MarqSim_Ar_60.txt, 0.1, 0.7854, 2 
DataSet1/small/MarqSim_Ar_60.txt, 0.1, 0.7854, 3 
DataSet1/small/MarqSim_Ar_60.txt, 0.1, 0.7854, 4 
DataSet1/small/MarqSim_Ar_60.txt, 0.1, 0.7854, 11 
DataSet1/small/MarqSim_Ar_60.txt, 0.1, 0.7854, 12 
DataSet1/small/MarqSim_Ar_60.txt, 0.1, 0.7854, 13 
DataSet1/small/MarqSim_Ar_60.txt, 0.1, 0.7854, 14 
DataSet1/small/MarqSim_Cl-_60.txt, 0.1, 0.7854, 1
DataSet1/small/MarqSim_Cl-_60.txt, 0.1, 0.7854, 2
DataSet1/small/MarqSim_Cl-_60.txt, 0.1, 0.7854, 3
DataSet1/small/MarqSim_Cl-_60.txt, 0.1, 0.7854, 4
DataSet1/small/MarqSim_Cl-_60.txt, 0.1, 0.7854, 11
DataSet1/small/MarqSim_Cl-_60.txt, 0.1, 0.7854, 12
DataSet1/small/MarqSim_Cl-_60.txt, 0.1, 0.7854, 13
DataSet1/small/MarqSim_Cl-_60.txt, 0.1, 0.7854, 14
DataSet1/small/MarqSim_Na+_60.txt, 0.1, 0.7854, 1
DataSet1/small/MarqSim_Na+_60.txt, 0.1, 0.7854, 2
DataSet1/small/MarqSim_Na+_60.txt, 0.1, 0.7854, 3
DataSet1/small/MarqSim_Na+_60.txt, 0.1, 0.7854, 4
DataSet1/small/MarqSim_Na+_60.txt, 0.1, 0.7854, 11
DataSet1/small/MarqSim_Na+_60.txt, 0.1, 0.7854, 12
DataSet1/small/MarqSim_Na+_60.txt, 0.1, 0.7854, 13
DataSet1/small/MarqSim_Na+_60.txt, 0.1, 0.7854, 14
DataSet1/middle/BK_BeH2_sto3g_6_electrons_14_spin_orbitals_Hamiltonian_666_paulis.txt, 0.1, 0.7854, 1
DataSet1/middle/BK_BeH2_sto3g_6_electrons_14_spin_orbitals_Hamiltonian_666_paulis.txt, 0.1, 0.7854, 2
DataSet1/middle/BK_BeH2_sto3g_6_electrons_14_spin_orbitals_Hamiltonian_666_paulis.txt, 0.1, 0.7854, 3
DataSet1/middle/BK_BeH2_sto3g_6_electrons_14_spin_orbitals_Hamiltonian_666_paulis.txt, 0.1, 0.7854, 4
DataSet1/middle/BK_BeH2_sto3g_6_electrons_14_spin_orbitals_Hamiltonian_666_paulis.txt, 0.1, 0.7854, 11
DataSet1/middle/BK_BeH2_sto3g_6_electrons_14_spin_orbitals_Hamiltonian_666_paulis.txt, 0.1, 0.7854, 12
DataSet1/middle/BK_BeH2_sto3g_6_electrons_14_spin_orbitals_Hamiltonian_666_paulis.txt, 0.1, 0.7854, 13
DataSet1/middle/BK_BeH2_sto3g_6_electrons_14_spin_orbitals_Hamiltonian_666_paulis.txt, 0.1, 0.7854, 14
DataSet1/middle/BK_C2_sto3g_10_electrons_16_spin_orbitals_Hamiltonian_1177_paulis.txt, 0.1, 0.7854, 1
DataSet1/middle/BK_C2_sto3g_10_electrons_16_spin_orbitals_Hamiltonian_1177_paulis.txt, 0.1, 0.7854, 2
DataSet1/middle/BK_C2_sto3g_10_electrons_16_spin_orbitals_Hamiltonian_1177_paulis.txt, 0.1, 0.7854, 3
DataSet1/middle/BK_C2_sto3g_10_electrons_16_spin_orbitals_Hamiltonian_1177_paulis.txt, 0.1, 0.7854, 4
DataSet1/middle/BK_C2_sto3g_10_electrons_16_spin_orbitals_Hamiltonian_1177_paulis.txt, 0.1, 0.7854, 11
DataSet1/middle/BK_C2_sto3g_10_electrons_16_spin_orbitals_Hamiltonian_1177_paulis.txt, 0.1, 0.7854, 12
DataSet1/middle/BK_C2_sto3g_10_electrons_16_spin_orbitals_Hamiltonian_1177_paulis.txt, 0.1, 0.7854, 13
DataSet1/middle/BK_C2_sto3g_10_electrons_16_spin_orbitals_Hamiltonian_1177_paulis.txt, 0.1, 0.7854, 14
DataSet1/middle/BK_C2_sto3g_12_electrons_18_spin_orbitals_Hamiltonian_1884_paulis.txt, 0.1, 0.7854, 1
DataSet1/middle/BK_C2_sto3g_12_electrons_18_spin_orbitals_Hamiltonian_1884_paulis.txt, 0.1, 0.7854, 2
DataSet1/middle/BK_C2_sto3g_12_electrons_18_spin_orbitals_Hamiltonian_1884_paulis.txt, 0.1, 0.7854, 3
DataSet1/middle/BK_C2_sto3g_12_electrons_18_spin_orbitals_Hamiltonian_1884_paulis.txt, 0.1, 0.7854, 4
DataSet1/middle/BK_C2_sto3g_12_electrons_18_spin_orbitals_Hamiltonian_1884_paulis.txt, 0.1, 0.7854, 11
DataSet1/middle/BK_C2_sto3g_12_electrons_18_spin_orbitals_Hamiltonian_1884_paulis.txt, 0.1, 0.7854, 12
DataSet1/middle/BK_C2_sto3g_12_electrons_18_spin_orbitals_Hamiltonian_1884_paulis.txt, 0.1, 0.7854, 13
DataSet1/middle/BK_C2_sto3g_12_electrons_18_spin_orbitals_Hamiltonian_1884_paulis.txt, 0.1, 0.7854, 14
DataSet1/middle/BK_H2O_sto3g_10_electrons_14_spin_orbitals_Hamiltonian_1654_paulis.txt, 0.1, 0.7854, 1
DataSet1/middle/BK_H2O_sto3g_10_electrons_14_spin_orbitals_Hamiltonian_1654_paulis.txt, 0.1, 0.7854, 2
DataSet1/middle/BK_H2O_sto3g_10_electrons_14_spin_orbitals_Hamiltonian_1654_paulis.txt, 0.1, 0.7854, 3
DataSet1/middle/BK_H2O_sto3g_10_electrons_14_spin_orbitals_Hamiltonian_1654_paulis.txt, 0.1, 0.7854, 4
DataSet1/middle/BK_H2O_sto3g_10_electrons_14_spin_orbitals_Hamiltonian_1654_paulis.txt, 0.1, 0.7854, 11
DataSet1/middle/BK_H2O_sto3g_10_electrons_14_spin_orbitals_Hamiltonian_1654_paulis.txt, 0.1, 0.7854, 12
DataSet1/middle/BK_H2O_sto3g_10_electrons_14_spin_orbitals_Hamiltonian_1654_paulis.txt, 0.1, 0.7854, 13
DataSet1/middle/BK_H2O_sto3g_10_electrons_14_spin_orbitals_Hamiltonian_1654_paulis.txt, 0.1, 0.7854, 14
DataSet1/middle/BK_H2O_sto3g_8_electrons_12_spin_orbitals_Hamiltonian_1219_paulis.txt, 0.1, 0.7854, 1
DataSet1/middle/BK_H2O_sto3g_8_electrons_12_spin_orbitals_Hamiltonian_1219_paulis.txt, 0.1, 0.7854, 2
DataSet1/middle/BK_H2O_sto3g_8_electrons_12_spin_orbitals_Hamiltonian_1219_paulis.txt, 0.1, 0.7854, 3
DataSet1/middle/BK_H2O_sto3g_8_electrons_12_spin_orbitals_Hamiltonian_1219_paulis.txt, 0.1, 0.7854, 4
DataSet1/middle/BK_H2O_sto3g_8_electrons_12_spin_orbitals_Hamiltonian_1219_paulis.txt, 0.1, 0.7854, 11
DataSet1/middle/BK_H2O_sto3g_8_electrons_12_spin_orbitals_Hamiltonian_1219_paulis.txt, 0.1, 0.7854, 12
DataSet1/middle/BK_H2O_sto3g_8_electrons_12_spin_orbitals_Hamiltonian_1219_paulis.txt, 0.1, 0.7854, 13
DataSet1/middle/BK_H2O_sto3g_8_electrons_12_spin_orbitals_Hamiltonian_1219_paulis.txt, 0.1, 0.7854, 14
DataSet1/middle/BK_LiH_sto3g_4_electrons_12_spin_orbitals_Hamiltonian_631_paulis.txt, 0.1, 0.7854, 1
DataSet1/middle/BK_LiH_sto3g_4_electrons_12_spin_orbitals_Hamiltonian_631_paulis.txt, 0.1, 0.7854, 2
DataSet1/middle/BK_LiH_sto3g_4_electrons_12_spin_orbitals_Hamiltonian_631_paulis.txt, 0.1, 0.7854, 3
DataSet1/middle/BK_LiH_sto3g_4_electrons_12_spin_orbitals_Hamiltonian_631_paulis.txt, 0.1, 0.7854, 4
DataSet1/middle/BK_LiH_sto3g_4_electrons_12_spin_orbitals_Hamiltonian_631_paulis.txt, 0.1, 0.7854, 11
DataSet1/middle/BK_LiH_sto3g_4_electrons_12_spin_orbitals_Hamiltonian_631_paulis.txt, 0.1, 0.7854, 12
DataSet1/middle/BK_LiH_sto3g_4_electrons_12_spin_orbitals_Hamiltonian_631_paulis.txt, 0.1, 0.7854, 13
DataSet1/middle/BK_LiH_sto3g_4_electrons_12_spin_orbitals_Hamiltonian_631_paulis.txt, 0.1, 0.7854, 14
DataSet1/middle/BK_N2_sto3g_10_electrons_16_spin_orbitals_Hamiltonian_1177_paulis.txt, 0.1, 0.7854, 1
DataSet1/middle/BK_N2_sto3g_10_electrons_16_spin_orbitals_Hamiltonian_1177_paulis.txt, 0.1, 0.7854, 2
DataSet1/middle/BK_N2_sto3g_10_electrons_16_spin_orbitals_Hamiltonian_1177_paulis.txt, 0.1, 0.7854, 3
DataSet1/middle/BK_N2_sto3g_10_electrons_16_spin_orbitals_Hamiltonian_1177_paulis.txt, 0.1, 0.7854, 4
DataSet1/middle/BK_N2_sto3g_10_electrons_16_spin_orbitals_Hamiltonian_1177_paulis.txt, 0.1, 0.7854, 11
DataSet1/middle/BK_N2_sto3g_10_electrons_16_spin_orbitals_Hamiltonian_1177_paulis.txt, 0.1, 0.7854, 12
DataSet1/middle/BK_N2_sto3g_10_electrons_16_spin_orbitals_Hamiltonian_1177_paulis.txt, 0.1, 0.7854, 13
DataSet1/middle/BK_N2_sto3g_10_electrons_16_spin_orbitals_Hamiltonian_1177_paulis.txt, 0.1, 0.7854, 14
DataSet1/middle/BK_N2_sto3g_12_electrons_18_spin_orbitals_Hamiltonian_1884_paulis.txt, 0.1, 0.7854, 1
DataSet1/middle/BK_N2_sto3g_12_electrons_18_spin_orbitals_Hamiltonian_1884_paulis.txt, 0.1, 0.7854, 2
DataSet1/middle/BK_N2_sto3g_12_electrons_18_spin_orbitals_Hamiltonian_1884_paulis.txt, 0.1, 0.7854, 3
DataSet1/middle/BK_N2_sto3g_12_electrons_18_spin_orbitals_Hamiltonian_1884_paulis.txt, 0.1, 0.7854, 4
DataSet1/middle/BK_N2_sto3g_12_electrons_18_spin_orbitals_Hamiltonian_1884_paulis.txt, 0.1, 0.7854, 11
DataSet1/middle/BK_N2_sto3g_12_electrons_18_spin_orbitals_Hamiltonian_1884_paulis.txt, 0.1, 0.7854, 12
DataSet1/middle/BK_N2_sto3g_12_electrons_18_spin_orbitals_Hamiltonian_1884_paulis.txt, 0.1, 0.7854, 13
DataSet1/middle/BK_N2_sto3g_12_electrons_18_spin_orbitals_Hamiltonian_1884_paulis.txt, 0.1, 0.7854, 14
DataSet1/middle/BK_NH3_sto3g_8_electrons_12_spin_orbitals_Hamiltonian_915_paulis.txt, 0.1, 0.7854, 1
DataSet1/middle/BK_NH3_sto3g_8_electrons_12_spin_orbitals_Hamiltonian_915_paulis.txt, 0.1, 0.7854, 2
DataSet1/middle/BK_NH3_sto3g_8_electrons_12_spin_orbitals_Hamiltonian_915_paulis.txt, 0.1, 0.7854, 3
DataSet1/middle/BK_NH3_sto3g_8_electrons_12_spin_orbitals_Hamiltonian_915_paulis.txt, 0.1, 0.7854, 4
DataSet1/middle/BK_NH3_sto3g_8_electrons_12_spin_orbitals_Hamiltonian_915_paulis.txt, 0.1, 0.7854, 11
DataSet1/middle/BK_NH3_sto3g_8_electrons_12_spin_orbitals_Hamiltonian_915_paulis.txt, 0.1, 0.7854, 12
DataSet1/middle/BK_NH3_sto3g_8_electrons_12_spin_orbitals_Hamiltonian_915_paulis.txt, 0.1, 0.7854, 13
DataSet1/middle/BK_NH3_sto3g_8_electrons_12_spin_orbitals_Hamiltonian_915_paulis.txt, 0.1, 0.7854, 14
DataSet1/middle/BK_NH3_sto3g_8_electrons_14_spin_orbitals_Hamiltonian_1734_paulis.txt, 0.1, 0.7854, 1
DataSet1/middle/BK_NH3_sto3g_8_electrons_14_spin_orbitals_Hamiltonian_1734_paulis.txt, 0.1, 0.7854, 2
DataSet1/middle/BK_NH3_sto3g_8_electrons_14_spin_orbitals_Hamiltonian_1734_paulis.txt, 0.1, 0.7854, 3
DataSet1/middle/BK_NH3_sto3g_8_electrons_14_spin_orbitals_Hamiltonian_1734_paulis.txt, 0.1, 0.7854, 4
DataSet1/middle/BK_NH3_sto3g_8_electrons_14_spin_orbitals_Hamiltonian_1734_paulis.txt, 0.1, 0.7854, 11
DataSet1/middle/BK_NH3_sto3g_8_electrons_14_spin_orbitals_Hamiltonian_1734_paulis.txt, 0.1, 0.7854, 12
DataSet1/middle/BK_NH3_sto3g_8_electrons_14_spin_orbitals_Hamiltonian_1734_paulis.txt, 0.1, 0.7854, 13
DataSet1/middle/BK_NH3_sto3g_8_electrons_14_spin_orbitals_Hamiltonian_1734_paulis.txt, 0.1, 0.7854, 14
DataSet1/middle/BK_ethylene_sto3g_10_electrons_16_spin_orbitals_Hamiltonian_789_paulis.txt, 0.1, 0.7854, 1
DataSet1/middle/BK_ethylene_sto3g_10_electrons_16_spin_orbitals_Hamiltonian_789_paulis.txt, 0.1, 0.7854, 2
DataSet1/middle/BK_ethylene_sto3g_10_electrons_16_spin_orbitals_Hamiltonian_789_paulis.txt, 0.1, 0.7854, 3
DataSet1/middle/BK_ethylene_sto3g_10_electrons_16_spin_orbitals_Hamiltonian_789_paulis.txt, 0.1, 0.7854, 4
DataSet1/middle/BK_ethylene_sto3g_10_electrons_16_spin_orbitals_Hamiltonian_789_paulis.txt, 0.1, 0.7854, 11
DataSet1/middle/BK_ethylene_sto3g_10_electrons_16_spin_orbitals_Hamiltonian_789_paulis.txt, 0.1, 0.7854, 12
DataSet1/middle/BK_ethylene_sto3g_10_electrons_16_spin_orbitals_Hamiltonian_789_paulis.txt, 0.1, 0.7854, 13
DataSet1/middle/BK_ethylene_sto3g_10_electrons_16_spin_orbitals_Hamiltonian_789_paulis.txt, 0.1, 0.7854, 14
DataSet1/large/BK_ethylene_sto3g_12_electrons_20_spin_orbitals_Hamiltonian_2063_paulis.txt, 0.1, 0.7854, 1
DataSet1/large/BK_ethylene_sto3g_12_electrons_20_spin_orbitals_Hamiltonian_2063_paulis.txt, 0.1, 0.7854, 2
DataSet1/large/BK_ethylene_sto3g_12_electrons_20_spin_orbitals_Hamiltonian_2063_paulis.txt, 0.1, 0.7854, 3
DataSet1/large/BK_ethylene_sto3g_12_electrons_20_spin_orbitals_Hamiltonian_2063_paulis.txt, 0.1, 0.7854, 4
DataSet1/large/BK_ethylene_sto3g_12_electrons_20_spin_orbitals_Hamiltonian_2063_paulis.txt, 0.1, 0.7854, 11
DataSet1/large/BK_ethylene_sto3g_12_electrons_20_spin_orbitals_Hamiltonian_2063_paulis.txt, 0.1, 0.7854, 12
DataSet1/large/BK_ethylene_sto3g_12_electrons_20_spin_orbitals_Hamiltonian_2063_paulis.txt, 0.1, 0.7854, 13
DataSet1/large/BK_ethylene_sto3g_12_electrons_20_spin_orbitals_Hamiltonian_2063_paulis.txt, 0.1, 0.7854, 14
DataSet1/middle/JW_BeH2_sto3g_6_electrons_14_spin_orbitals_Hamiltonian_666_paulis.txt, 0.1, 0.7854, 1
DataSet1/middle/JW_BeH2_sto3g_6_electrons_14_spin_orbitals_Hamiltonian_666_paulis.txt, 0.1, 0.7854, 2
DataSet1/middle/JW_BeH2_sto3g_6_electrons_14_spin_orbitals_Hamiltonian_666_paulis.txt, 0.1, 0.7854, 3
DataSet1/middle/JW_BeH2_sto3g_6_electrons_14_spin_orbitals_Hamiltonian_666_paulis.txt, 0.1, 0.7854, 4
DataSet1/middle/JW_BeH2_sto3g_6_electrons_14_spin_orbitals_Hamiltonian_666_paulis.txt, 0.1, 0.7854, 11
DataSet1/middle/JW_BeH2_sto3g_6_electrons_14_spin_orbitals_Hamiltonian_666_paulis.txt, 0.1, 0.7854, 12
DataSet1/middle/JW_BeH2_sto3g_6_electrons_14_spin_orbitals_Hamiltonian_666_paulis.txt, 0.1, 0.7854, 13
DataSet1/middle/JW_BeH2_sto3g_6_electrons_14_spin_orbitals_Hamiltonian_666_paulis.txt, 0.1, 0.7854, 14
DataSet1/middle/JW_C2_sto3g_10_electrons_16_spin_orbitals_Hamiltonian_1177_paulis.txt, 0.1, 0.7854, 1
DataSet1/middle/JW_C2_sto3g_10_electrons_16_spin_orbitals_Hamiltonian_1177_paulis.txt, 0.1, 0.7854, 2
DataSet1/middle/JW_C2_sto3g_10_electrons_16_spin_orbitals_Hamiltonian_1177_paulis.txt, 0.1, 0.7854, 3
DataSet1/middle/JW_C2_sto3g_10_electrons_16_spin_orbitals_Hamiltonian_1177_paulis.txt, 0.1, 0.7854, 4
DataSet1/middle/JW_C2_sto3g_10_electrons_16_spin_orbitals_Hamiltonian_1177_paulis.txt, 0.1, 0.7854, 11
DataSet1/middle/JW_C2_sto3g_10_electrons_16_spin_orbitals_Hamiltonian_1177_paulis.txt, 0.1, 0.7854, 12
DataSet1/middle/JW_C2_sto3g_10_electrons_16_spin_orbitals_Hamiltonian_1177_paulis.txt, 0.1, 0.7854, 13
DataSet1/middle/JW_C2_sto3g_10_electrons_16_spin_orbitals_Hamiltonian_1177_paulis.txt, 0.1, 0.7854, 14
DataSet1/middle/JW_C2_sto3g_12_electrons_18_spin_orbitals_Hamiltonian_1884_paulis.txt, 0.1, 0.7854, 1
DataSet1/middle/JW_C2_sto3g_12_electrons_18_spin_orbitals_Hamiltonian_1884_paulis.txt, 0.1, 0.7854, 2
DataSet1/middle/JW_C2_sto3g_12_electrons_18_spin_orbitals_Hamiltonian_1884_paulis.txt, 0.1, 0.7854, 3
DataSet1/middle/JW_C2_sto3g_12_electrons_18_spin_orbitals_Hamiltonian_1884_paulis.txt, 0.1, 0.7854, 4
DataSet1/middle/JW_C2_sto3g_12_electrons_18_spin_orbitals_Hamiltonian_1884_paulis.txt, 0.1, 0.7854, 11
DataSet1/middle/JW_C2_sto3g_12_electrons_18_spin_orbitals_Hamiltonian_1884_paulis.txt, 0.1, 0.7854, 12
DataSet1/middle/JW_C2_sto3g_12_electrons_18_spin_orbitals_Hamiltonian_1884_paulis.txt, 0.1, 0.7854, 13
DataSet1/middle/JW_C2_sto3g_12_electrons_18_spin_orbitals_Hamiltonian_1884_paulis.txt, 0.1, 0.7854, 14
DataSet1/middle/JW_H2O_sto3g_10_electrons_14_spin_orbitals_Hamiltonian_1654_paulis.txt, 0.1, 0.7854, 1
DataSet1/middle/JW_H2O_sto3g_10_electrons_14_spin_orbitals_Hamiltonian_1654_paulis.txt, 0.1, 0.7854, 2
DataSet1/middle/JW_H2O_sto3g_10_electrons_14_spin_orbitals_Hamiltonian_1654_paulis.txt, 0.1, 0.7854, 3
DataSet1/middle/JW_H2O_sto3g_10_electrons_14_spin_orbitals_Hamiltonian_1654_paulis.txt, 0.1, 0.7854, 4
DataSet1/middle/JW_H2O_sto3g_10_electrons_14_spin_orbitals_Hamiltonian_1654_paulis.txt, 0.1, 0.7854, 11
DataSet1/middle/JW_H2O_sto3g_10_electrons_14_spin_orbitals_Hamiltonian_1654_paulis.txt, 0.1, 0.7854, 12
DataSet1/middle/JW_H2O_sto3g_10_electrons_14_spin_orbitals_Hamiltonian_1654_paulis.txt, 0.1, 0.7854, 13
DataSet1/middle/JW_H2O_sto3g_10_electrons_14_spin_orbitals_Hamiltonian_1654_paulis.txt, 0.1, 0.7854, 14
DataSet1/middle/JW_H2O_sto3g_8_electrons_12_spin_orbitals_Hamiltonian_1219_paulis.txt, 0.1, 0.7854, 1
DataSet1/middle/JW_H2O_sto3g_8_electrons_12_spin_orbitals_Hamiltonian_1219_paulis.txt, 0.1, 0.7854, 2
DataSet1/middle/JW_H2O_sto3g_8_electrons_12_spin_orbitals_Hamiltonian_1219_paulis.txt, 0.1, 0.7854, 3
DataSet1/middle/JW_H2O_sto3g_8_electrons_12_spin_orbitals_Hamiltonian_1219_paulis.txt, 0.1, 0.7854, 4
DataSet1/middle/JW_H2O_sto3g_8_electrons_12_spin_orbitals_Hamiltonian_1219_paulis.txt, 0.1, 0.7854, 11
DataSet1/middle/JW_H2O_sto3g_8_electrons_12_spin_orbitals_Hamiltonian_1219_paulis.txt, 0.1, 0.7854, 12
DataSet1/middle/JW_H2O_sto3g_8_electrons_12_spin_orbitals_Hamiltonian_1219_paulis.txt, 0.1, 0.7854, 13
DataSet1/middle/JW_H2O_sto3g_8_electrons_12_spin_orbitals_Hamiltonian_1219_paulis.txt, 0.1, 0.7854, 14
DataSet1/middle/JW_LiH_sto3g_4_electrons_12_spin_orbitals_Hamiltonian_631_paulis.txt, 0.1, 0.7854, 1
DataSet1/middle/JW_LiH_sto3g_4_electrons_12_spin_orbitals_Hamiltonian_631_paulis.txt, 0.1, 0.7854, 2
DataSet1/middle/JW_LiH_sto3g_4_electrons_12_spin_orbitals_Hamiltonian_631_paulis.txt, 0.1, 0.7854, 3
DataSet1/middle/JW_LiH_sto3g_4_electrons_12_spin_orbitals_Hamiltonian_631_paulis.txt, 0.1, 0.7854, 4
DataSet1/middle/JW_LiH_sto3g_4_electrons_12_spin_orbitals_Hamiltonian_631_paulis.txt, 0.1, 0.7854, 11
DataSet1/middle/JW_LiH_sto3g_4_electrons_12_spin_orbitals_Hamiltonian_631_paulis.txt, 0.1, 0.7854, 12
DataSet1/middle/JW_LiH_sto3g_4_electrons_12_spin_orbitals_Hamiltonian_631_paulis.txt, 0.1, 0.7854, 13
DataSet1/middle/JW_LiH_sto3g_4_electrons_12_spin_orbitals_Hamiltonian_631_paulis.txt, 0.1, 0.7854, 14
DataSet1/middle/JW_N2_sto3g_10_electrons_16_spin_orbitals_Hamiltonian_1177_paulis.txt, 0.1, 0.7854, 1
DataSet1/middle/JW_N2_sto3g_10_electrons_16_spin_orbitals_Hamiltonian_1177_paulis.txt, 0.1, 0.7854, 2
DataSet1/middle/JW_N2_sto3g_10_electrons_16_spin_orbitals_Hamiltonian_1177_paulis.txt, 0.1, 0.7854, 3
DataSet1/middle/JW_N2_sto3g_10_electrons_16_spin_orbitals_Hamiltonian_1177_paulis.txt, 0.1, 0.7854, 4
DataSet1/middle/JW_N2_sto3g_10_electrons_16_spin_orbitals_Hamiltonian_1177_paulis.txt, 0.1, 0.7854, 11
DataSet1/middle/JW_N2_sto3g_10_electrons_16_spin_orbitals_Hamiltonian_1177_paulis.txt, 0.1, 0.7854, 12
DataSet1/middle/JW_N2_sto3g_10_electrons_16_spin_orbitals_Hamiltonian_1177_paulis.txt, 0.1, 0.7854, 13
DataSet1/middle/JW_N2_sto3g_10_electrons_16_spin_orbitals_Hamiltonian_1177_paulis.txt, 0.1, 0.7854, 14
DataSet1/large/JW_N2_sto3g_12_electrons_18_spin_orbitals_Hamiltonian_1884_paulis.txt, 0.1, 0.7854, 1
DataSet1/large/JW_N2_sto3g_12_electrons_18_spin_orbitals_Hamiltonian_1884_paulis.txt, 0.1, 0.7854, 2
DataSet1/large/JW_N2_sto3g_12_electrons_18_spin_orbitals_Hamiltonian_1884_paulis.txt, 0.1, 0.7854, 3
DataSet1/large/JW_N2_sto3g_12_electrons_18_spin_orbitals_Hamiltonian_1884_paulis.txt, 0.1, 0.7854, 4
DataSet1/large/JW_N2_sto3g_12_electrons_18_spin_orbitals_Hamiltonian_1884_paulis.txt, 0.1, 0.7854, 11
DataSet1/large/JW_N2_sto3g_12_electrons_18_spin_orbitals_Hamiltonian_1884_paulis.txt, 0.1, 0.7854, 12
DataSet1/large/JW_N2_sto3g_12_electrons_18_spin_orbitals_Hamiltonian_1884_paulis.txt, 0.1, 0.7854, 13
DataSet1/large/JW_N2_sto3g_12_electrons_18_spin_orbitals_Hamiltonian_1884_paulis.txt, 0.1, 0.7854, 14
DataSet1/middle/JW_NH3_sto3g_8_electrons_12_spin_orbitals_Hamiltonian_915_paulis.txt, 0.1, 0.7854, 1
DataSet1/middle/JW_NH3_sto3g_8_electrons_12_spin_orbitals_Hamiltonian_915_paulis.txt, 0.1, 0.7854, 2
DataSet1/middle/JW_NH3_sto3g_8_electrons_12_spin_orbitals_Hamiltonian_915_paulis.txt, 0.1, 0.7854, 3
DataSet1/middle/JW_NH3_sto3g_8_electrons_12_spin_orbitals_Hamiltonian_915_paulis.txt, 0.1, 0.7854, 4
DataSet1/middle/JW_NH3_sto3g_8_electrons_12_spin_orbitals_Hamiltonian_915_paulis.txt, 0.1, 0.7854, 11
DataSet1/middle/JW_NH3_sto3g_8_electrons_12_spin_orbitals_Hamiltonian_915_paulis.txt, 0.1, 0.7854, 12
DataSet1/middle/JW_NH3_sto3g_8_electrons_12_spin_orbitals_Hamiltonian_915_paulis.txt, 0.1, 0.7854, 13
DataSet1/middle/JW_NH3_sto3g_8_electrons_12_spin_orbitals_Hamiltonian_915_paulis.txt, 0.1, 0.7854, 14
DataSet1/middle/JW_NH3_sto3g_8_electrons_14_spin_orbitals_Hamiltonian_1734_paulis.txt, 0.1, 0.7854, 1
DataSet1/middle/JW_NH3_sto3g_8_electrons_14_spin_orbitals_Hamiltonian_1734_paulis.txt, 0.1, 0.7854, 2
DataSet1/middle/JW_NH3_sto3g_8_electrons_14_spin_orbitals_Hamiltonian_1734_paulis.txt, 0.1, 0.7854, 3
DataSet1/middle/JW_NH3_sto3g_8_electrons_14_spin_orbitals_Hamiltonian_1734_paulis.txt, 0.1, 0.7854, 4
DataSet1/middle/JW_NH3_sto3g_8_electrons_14_spin_orbitals_Hamiltonian_1734_paulis.txt, 0.1, 0.7854, 11
DataSet1/middle/JW_NH3_sto3g_8_electrons_14_spin_orbitals_Hamiltonian_1734_paulis.txt, 0.1, 0.7854, 12
DataSet1/middle/JW_NH3_sto3g_8_electrons_14_spin_orbitals_Hamiltonian_1734_paulis.txt, 0.1, 0.7854, 13
DataSet1/middle/JW_NH3_sto3g_8_electrons_14_spin_orbitals_Hamiltonian_1734_paulis.txt, 0.1, 0.7854, 14
DataSet1/middle/JW_ethylene_sto3g_10_electrons_16_spin_orbitals_Hamiltonian_789_paulis.txt, 0.1, 0.7854, 1
DataSet1/middle/JW_ethylene_sto3g_10_electrons_16_spin_orbitals_Hamiltonian_789_paulis.txt, 0.1, 0.7854, 2
DataSet1/middle/JW_ethylene_sto3g_10_electrons_16_spin_orbitals_Hamiltonian_789_paulis.txt, 0.1, 0.7854, 3
DataSet1/middle/JW_ethylene_sto3g_10_electrons_16_spin_orbitals_Hamiltonian_789_paulis.txt, 0.1, 0.7854, 4
DataSet1/middle/JW_ethylene_sto3g_10_electrons_16_spin_orbitals_Hamiltonian_789_paulis.txt, 0.1, 0.7854, 11
DataSet1/middle/JW_ethylene_sto3g_10_electrons_16_spin_orbitals_Hamiltonian_789_paulis.txt, 0.1, 0.7854, 12
DataSet1/middle/JW_ethylene_sto3g_10_electrons_16_spin_orbitals_Hamiltonian_789_paulis.txt, 0.1, 0.7854, 13
DataSet1/middle/JW_ethylene_sto3g_10_electrons_16_spin_orbitals_Hamiltonian_789_paulis.txt, 0.1, 0.7854, 14
DataSet1/large/JW_ethylene_sto3g_12_electrons_20_spin_orbitals_Hamiltonian_2063_paulis.txt, 0.1, 0.7854, 1
DataSet1/large/JW_ethylene_sto3g_12_electrons_20_spin_orbitals_Hamiltonian_2063_paulis.txt, 0.1, 0.7854, 2
DataSet1/large/JW_ethylene_sto3g_12_electrons_20_spin_orbitals_Hamiltonian_2063_paulis.txt, 0.1, 0.7854, 3
DataSet1/large/JW_ethylene_sto3g_12_electrons_20_spin_orbitals_Hamiltonian_2063_paulis.txt, 0.1, 0.7854, 4
DataSet1/large/JW_ethylene_sto3g_12_electrons_20_spin_orbitals_Hamiltonian_2063_paulis.txt, 0.1, 0.7854, 11
DataSet1/large/JW_ethylene_sto3g_12_electrons_20_spin_orbitals_Hamiltonian_2063_paulis.txt, 0.1, 0.7854, 12
DataSet1/large/JW_ethylene_sto3g_12_electrons_20_spin_orbitals_Hamiltonian_2063_paulis.txt, 0.1, 0.7854, 13
DataSet1/large/JW_ethylene_sto3g_12_electrons_20_spin_orbitals_Hamiltonian_2063_paulis.txt, 0.1, 0.7854, 14
DataSet1/middle/MarqSim_BeH2_f_661.txt, 0.1, 0.7854, 1
DataSet1/middle/MarqSim_BeH2_f_661.txt, 0.1, 0.7854, 2
DataSet1/middle/MarqSim_BeH2_f_661.txt, 0.1, 0.7854, 3
DataSet1/middle/MarqSim_BeH2_f_661.txt, 0.1, 0.7854, 4
DataSet1/middle/MarqSim_BeH2_f_661.txt, 0.1, 0.7854, 11
DataSet1/middle/MarqSim_BeH2_f_661.txt, 0.1, 0.7854, 12
DataSet1/middle/MarqSim_BeH2_f_661.txt, 0.1, 0.7854, 13
DataSet1/middle/MarqSim_BeH2_f_661.txt, 0.1, 0.7854, 14
DataSet1/middle/MarqSim_BeH2_unf_661.txt, 0.1, 0.7854, 1
DataSet1/middle/MarqSim_BeH2_unf_661.txt, 0.1, 0.7854, 2
DataSet1/middle/MarqSim_BeH2_unf_661.txt, 0.1, 0.7854, 3
DataSet1/middle/MarqSim_BeH2_unf_661.txt, 0.1, 0.7854, 4
DataSet1/middle/MarqSim_BeH2_unf_661.txt, 0.1, 0.7854, 11
DataSet1/middle/MarqSim_BeH2_unf_661.txt, 0.1, 0.7854, 12
DataSet1/middle/MarqSim_BeH2_unf_661.txt, 0.1, 0.7854, 13
DataSet1/middle/MarqSim_BeH2_unf_661.txt, 0.1, 0.7854, 14
DataSet1/middle/MarqSim_H2O_550.txt, 0.1, 0.7854, 1
DataSet1/middle/MarqSim_H2O_550.txt, 0.1, 0.7854, 2
DataSet1/middle/MarqSim_H2O_550.txt, 0.1, 0.7854, 3
DataSet1/middle/MarqSim_H2O_550.txt, 0.1, 0.7854, 4
DataSet1/middle/MarqSim_H2O_550.txt, 0.1, 0.7854, 11
DataSet1/middle/MarqSim_H2O_550.txt, 0.1, 0.7854, 12
DataSet1/middle/MarqSim_H2O_550.txt, 0.1, 0.7854, 13
DataSet1/middle/MarqSim_H2O_550.txt, 0.1, 0.7854, 14
DataSet1/middle/MarqSim_HF_275.txt, 0.1, 0.7854, 1
DataSet1/middle/MarqSim_HF_275.txt, 0.1, 0.7854, 2
DataSet1/middle/MarqSim_HF_275.txt, 0.1, 0.7854, 3
DataSet1/middle/MarqSim_HF_275.txt, 0.1, 0.7854, 4
DataSet1/middle/MarqSim_HF_275.txt, 0.1, 0.7854, 11
DataSet1/middle/MarqSim_HF_275.txt, 0.1, 0.7854, 12
DataSet1/middle/MarqSim_HF_275.txt, 0.1, 0.7854, 13
DataSet1/middle/MarqSim_HF_275.txt, 0.1, 0.7854, 14
DataSet1/middle/MarqSim_LiH_f_275.txt, 0.1, 0.7854, 1
DataSet1/middle/MarqSim_LiH_f_275.txt, 0.1, 0.7854, 2
DataSet1/middle/MarqSim_LiH_f_275.txt, 0.1, 0.7854, 3
DataSet1/middle/MarqSim_LiH_f_275.txt, 0.1, 0.7854, 4
DataSet1/middle/MarqSim_LiH_f_275.txt, 0.1, 0.7854, 11
DataSet1/middle/MarqSim_LiH_f_275.txt, 0.1, 0.7854, 12
DataSet1/middle/MarqSim_LiH_f_275.txt, 0.1, 0.7854, 13
DataSet1/middle/MarqSim_LiH_f_275.txt, 0.1, 0.7854, 14
DataSet1/middle/MarqSim_LiH_unf_614.txt, 0.1, 0.7854, 1
DataSet1/middle/MarqSim_LiH_unf_614.txt, 0.1, 0.7854, 2
DataSet1/middle/MarqSim_LiH_unf_614.txt, 0.1, 0.7854, 3
DataSet1/middle/MarqSim_LiH_unf_614.txt, 0.1, 0.7854, 4
DataSet1/middle/MarqSim_LiH_unf_614.txt, 0.1, 0.7854, 11
DataSet1/middle/MarqSim_LiH_unf_614.txt, 0.1, 0.7854, 12
DataSet1/middle/MarqSim_LiH_unf_614.txt, 0.1, 0.7854, 13
DataSet1/middle/MarqSim_LiH_unf_614.txt, 0.1, 0.7854, 14
DataSet1/middle/MarqSim_OH-_275.txt, 0.1, 0.7854, 1
DataSet1/middle/MarqSim_OH-_275.txt, 0.1, 0.7854, 2
DataSet1/middle/MarqSim_OH-_275.txt, 0.1, 0.7854, 3
DataSet1/middle/MarqSim_OH-_275.txt, 0.1, 0.7854, 4
DataSet1/middle/MarqSim_OH-_275.txt, 0.1, 0.7854, 11
DataSet1/middle/MarqSim_OH-_275.txt, 0.1, 0.7854, 12
DataSet1/middle/MarqSim_OH-_275.txt, 0.1, 0.7854, 13
DataSet1/middle/MarqSim_OH-_275.txt, 0.1, 0.7854, 14
DataSet1/middle/MarqSim_SYK1_210.txt, 0.1, 0.7854, 1
DataSet1/middle/MarqSim_SYK1_210.txt, 0.1, 0.7854, 2
DataSet1/middle/MarqSim_SYK1_210.txt, 0.1, 0.7854, 3
DataSet1/middle/MarqSim_SYK1_210.txt, 0.1, 0.7854, 4
DataSet1/middle/MarqSim_SYK1_210.txt, 0.1, 0.7854, 11
DataSet1/middle/MarqSim_SYK1_210.txt, 0.1, 0.7854, 12
DataSet1/middle/MarqSim_SYK1_210.txt, 0.1, 0.7854, 13
DataSet1/middle/MarqSim_SYK1_210.txt, 0.1, 0.7854, 14
DataSet1/middle/MarqSim_SYK2_210.txt, 0.1, 0.7854, 1
DataSet1/middle/MarqSim_SYK2_210.txt, 0.1, 0.7854, 2
DataSet1/middle/MarqSim_SYK2_210.txt, 0.1, 0.7854, 3
DataSet1/middle/MarqSim_SYK2_210.txt, 0.1, 0.7854, 4
DataSet1/middle/MarqSim_SYK2_210.txt, 0.1, 0.7854, 11
DataSet1/middle/MarqSim_SYK2_210.txt, 0.1, 0.7854, 12
DataSet1/middle/MarqSim_SYK2_210.txt, 0.1, 0.7854, 13
DataSet1/middle/MarqSim_SYK2_210.txt, 0.1, 0.7854, 14
DataSet1/large/BK_benzene_sto3g_42_electrons_72_spin_orbitals_Hamiltonian_368021_paulis.txt, 0.1, 0.7854, 1
DataSet1/large/BK_benzene_sto3g_42_electrons_72_spin_orbitals_Hamiltonian_368021_paulis.txt, 0.1, 0.7854, 2
DataSet1/large/BK_benzene_sto3g_42_electrons_72_spin_orbitals_Hamiltonian_368021_paulis.txt, 0.1, 0.7854, 3
DataSet1/large/BK_benzene_sto3g_42_electrons_72_spin_orbitals_Hamiltonian_368021_paulis.txt, 0.1, 0.7854, 4
DataSet1/large/BK_benzene_sto3g_42_electrons_72_spin_orbitals_Hamiltonian_368021_paulis.txt, 0.1, 0.7854, 11
DataSet1/large/BK_benzene_sto3g_42_electrons_72_spin_orbitals_Hamiltonian_368021_paulis.txt, 0.1, 0.7854, 12
DataSet1/large/BK_benzene_sto3g_42_electrons_72_spin_orbitals_Hamiltonian_368021_paulis.txt, 0.1, 0.7854, 13
DataSet1/large/BK_benzene_sto3g_42_electrons_72_spin_orbitals_Hamiltonian_368021_paulis.txt, 0.1, 0.7854, 14
DataSet1/large/BK_ethylene_sto3g_16_electrons_28_spin_orbitals_Hamiltonian_8919_paulis.txt, 0.1, 0.7854, 1
DataSet1/large/BK_ethylene_sto3g_16_electrons_28_spin_orbitals_Hamiltonian_8919_paulis.txt, 0.1, 0.7854, 2
DataSet1/large/BK_ethylene_sto3g_16_electrons_28_spin_orbitals_Hamiltonian_8919_paulis.txt, 0.1, 0.7854, 3
DataSet1/large/BK_ethylene_sto3g_16_electrons_28_spin_orbitals_Hamiltonian_8919_paulis.txt, 0.1, 0.7854, 4
DataSet1/large/BK_ethylene_sto3g_16_electrons_28_spin_orbitals_Hamiltonian_8919_paulis.txt, 0.1, 0.7854, 11
DataSet1/large/BK_ethylene_sto3g_16_electrons_28_spin_orbitals_Hamiltonian_8919_paulis.txt, 0.1, 0.7854, 12
DataSet1/large/BK_ethylene_sto3g_16_electrons_28_spin_orbitals_Hamiltonian_8919_paulis.txt, 0.1, 0.7854, 13
DataSet1/large/BK_ethylene_sto3g_16_electrons_28_spin_orbitals_Hamiltonian_8919_paulis.txt, 0.1, 0.7854, 14
DataSet1/large/JW_benzene_sto3g_42_electrons_72_spin_orbitals_Hamiltonian_368021_paulis.txt, 0.1, 0.7854, 1
DataSet1/large/JW_benzene_sto3g_42_electrons_72_spin_orbitals_Hamiltonian_368021_paulis.txt, 0.1, 0.7854, 2
DataSet1/large/JW_benzene_sto3g_42_electrons_72_spin_orbitals_Hamiltonian_368021_paulis.txt, 0.1, 0.7854, 3
DataSet1/large/JW_benzene_sto3g_42_electrons_72_spin_orbitals_Hamiltonian_368021_paulis.txt, 0.1, 0.7854, 4
DataSet1/large/JW_benzene_sto3g_42_electrons_72_spin_orbitals_Hamiltonian_368021_paulis.txt, 0.1, 0.7854, 11
DataSet1/large/JW_benzene_sto3g_42_electrons_72_spin_orbitals_Hamiltonian_368021_paulis.txt, 0.1, 0.7854, 12
DataSet1/large/JW_benzene_sto3g_42_electrons_72_spin_orbitals_Hamiltonian_368021_paulis.txt, 0.1, 0.7854, 13
DataSet1/large/JW_benzene_sto3g_42_electrons_72_spin_orbitals_Hamiltonian_368021_paulis.txt, 0.1, 0.7854, 14
DataSet1/large/JW_ethylene_sto3g_16_electrons_28_spin_orbitals_Hamiltonian_8919_paulis.txt, 0.1, 0.7854, 1
DataSet1/large/JW_ethylene_sto3g_16_electrons_28_spin_orbitals_Hamiltonian_8919_paulis.txt, 0.1, 0.7854, 2
DataSet1/large/JW_ethylene_sto3g_16_electrons_28_spin_orbitals_Hamiltonian_8919_paulis.txt, 0.1, 0.7854, 3
DataSet1/large/JW_ethylene_sto3g_16_electrons_28_spin_orbitals_Hamiltonian_8919_paulis.txt, 0.1, 0.7854, 4
DataSet1/large/JW_ethylene_sto3g_16_electrons_28_spin_orbitals_Hamiltonian_8919_paulis.txt, 0.1, 0.7854, 11
DataSet1/large/JW_ethylene_sto3g_16_electrons_28_spin_orbitals_Hamiltonian_8919_paulis.txt, 0.1, 0.7854, 12
DataSet1/large/JW_ethylene_sto3g_16_electrons_28_spin_orbitals_Hamiltonian_8919_paulis.txt, 0.1, 0.7854, 13
DataSet1/large/JW_ethylene_sto3g_16_electrons_28_spin_orbitals_Hamiltonian_8919_paulis.txt, 0.1, 0.7854, 14
