file_name,error,time,path_flag,nqubit,npau,single_qubit_gates,multi_qubit_gates,status,message
DataSet1/dir_100/MarqSim_Ar.txt,0.1,0.7854,1,8,60,2158638,4495308,ok,
DataSet1/dir_100/MarqSim_Ar.txt,0.1,0.7854,2,8,60,282880,634712,ok,
DataSet1/dir_100/MarqSim_Ar.txt,0.1,0.7854,3,8,60,770,1768,ok,
DataSet1/dir_100/MarqSim_Ar.txt,0.1,0.7854,4,8,60,717,1782,ok,
DataSet1/dir_100/MarqSim_Ar.txt,0.1,0.7854,11,8,60,14954688,1335240,ok,
DataSet1/dir_100/MarqSim_Ar.txt,0.1,0.7854,12,8,60,2482272,106080,ok,
DataSet1/dir_100/MarqSim_Ar.txt,0.1,0.7854,13,8,60,21172,2655,ok,
DataSet1/dir_100/MarqSim_Ar.txt,0.1,0.7854,14,8,60,20824,2655,ok,
DataSet1/dir_100/MarqSim_Cl-.txt,0.1,0.7854,1,8,60,2158638,4495308,ok,
DataSet1/dir_100/MarqSim_Cl-.txt,0.1,0.7854,2,8,60,282880,634712,ok,
DataSet1/dir_100/MarqSim_Cl-.txt,0.1,0.7854,3,8,60,474,1176,ok,
DataSet1/dir_100/MarqSim_Cl-.txt,0.1,0.7854,4,8,60,433,1096,ok,
DataSet1/dir_100/MarqSim_Cl-.txt,0.1,0.7854,11,8,60,14954688,1335240,ok,
DataSet1/dir_100/MarqSim_Cl-.txt,0.1,0.7854,12,8,60,2482272,106080,ok,
DataSet1/dir_100/MarqSim_Cl-.txt,0.1,0.7854,13,8,60,12742,1546,ok,
DataSet1/dir_100/MarqSim_Cl-.txt,0.1,0.7854,14,8,60,12440,1546,ok,
DataSet1/dir_100/MarqSim_Na+.txt,0.1,0.7854,1,8,60,2158638,4495308,ok,
DataSet1/dir_100/MarqSim_Na+.txt,0.1,0.7854,2,8,60,282880,634712,ok,
DataSet1/dir_100/MarqSim_Na+.txt,0.1,0.7854,3,8,60,292,700,ok,
DataSet1/dir_100/MarqSim_Na+.txt,0.1,0.7854,4,8,60,408,1058,ok,
DataSet1/dir_100/MarqSim_Na+.txt,0.1,0.7854,11,8,60,14954688,1335240,ok,
DataSet1/dir_100/MarqSim_Na+.txt,0.1,0.7854,12,8,60,2482272,106080,ok,
DataSet1/dir_100/MarqSim_Na+.txt,0.1,0.7854,13,8,60,10790,1366,ok,
DataSet1/dir_100/MarqSim_Na+.txt,0.1,0.7854,14,8,60,11196,1366,ok,
DataSet1/dir_200_2500/BK_BeH2_sto3g_6_electrons_14_spin_orbitals_Hamiltonian_666_paulis.txt,0.1,0.7854,1,14,666,1737749255,4592036614,ok,
DataSet1/dir_200_2500/BK_BeH2_sto3g_6_electrons_14_spin_orbitals_Hamiltonian_666_paulis.txt,0.1,0.7854,2,14,666,114356060,204584248,ok,
DataSet1/dir_200_2500/BK_BeH2_sto3g_6_electrons_14_spin_orbitals_Hamiltonian_666_paulis.txt,0.1,0.7854,3,14,666,7042,10590,ok,
DataSet1/dir_200_2500/BK_BeH2_sto3g_6_electrons_14_spin_orbitals_Hamiltonian_666_paulis.txt,0.1,0.7854,4,,,,,error,"[DBG] Expected error: 0.100000;   t: 0.785400
[DBG] Analyzing DataSet1/dir_200_2500/BK_BeH2_sto3g_6_electrons_14_spin_orbitals_Hamiltonian_666_paulis.txt:
[DBG] Length of Pauli String 666

[DBG] ---- Trotterization (MarQSim) -> IBMDigital circuits: ----
[DBG] Dealing with 14070 pauli strings; lambda = 33.705040; relaxation factor: 1.003770.
Traceback (most recent call last):
  File ""/Users/anff/work/workarea/spring2025/particleSystem/mlqblue/qbluelib/ml/api.py"", line 30, in <module>
    main()
  File ""/Users/anff/work/workarea/spring2025/particleSystem/mlqblue/qbluelib/ml/api.py"", line 22, in main
    mat = networks.genmat_gate_cancellation(list_coef, cnot_matrix, singleq_matrix)
  File ""/Users/anff/work/workarea/spring2025/particleSystem/mlqblue/qbluelib/ml/networks.py"", line 79, in genmat_gate_cancellation
    res[ii][jj] = float(flow_matrix[ii][jj]) / float(coef_scaled[ii])
ZeroDivisionError: float division by zero
[DBG] trotterMarQSim_IBMDigital raise EXN: Failure(""python api failed with exit code 1"")
Fatal error: exception Failure(""python api failed with exit code 1"")"
DataSet1/dir_200_2500/BK_BeH2_sto3g_6_electrons_14_spin_orbitals_Hamiltonian_666_paulis.txt,0.1,0.7854,11,14,666,30004224932,1822584258,ok,
DataSet1/dir_200_2500/BK_BeH2_sto3g_6_electrons_14_spin_orbitals_Hamiltonian_666_paulis.txt,0.1,0.7854,12,14,666,1419648802,41846778,ok,
DataSet1/dir_200_2500/BK_BeH2_sto3g_6_electrons_14_spin_orbitals_Hamiltonian_666_paulis.txt,0.1,0.7854,13,14,666,152724,14070,ok,
DataSet1/dir_200_2500/BK_BeH2_sto3g_6_electrons_14_spin_orbitals_Hamiltonian_666_paulis.txt,0.1,0.7854,14,,,,,error,"[DBG] Expected error: 0.100000;   t: 0.785400
[DBG] Analyzing DataSet1/dir_200_2500/BK_BeH2_sto3g_6_electrons_14_spin_orbitals_Hamiltonian_666_paulis.txt:
[DBG] Length of Pauli String 666

[DBG] ---- Trotterization (MarQSim) -> IndiAnalog circuits: ----
[DBG] Dealing with 14070 pauli strings; lambda = 33.705040; relaxation factor: 1.003770.
Traceback (most recent call last):
  File ""/Users/anff/work/workarea/spring2025/particleSystem/mlqblue/qbluelib/ml/api.py"", line 30, in <module>
    main()
  File ""/Users/anff/work/workarea/spring2025/particleSystem/mlqblue/qbluelib/ml/api.py"", line 22, in main
    mat = networks.genmat_gate_cancellation(list_coef, cnot_matrix, singleq_matrix)
  File ""/Users/anff/work/workarea/spring2025/particleSystem/mlqblue/qbluelib/ml/networks.py"", line 79, in genmat_gate_cancellation
    res[ii][jj] = float(flow_matrix[ii][jj]) / float(coef_scaled[ii])
ZeroDivisionError: float division by zero
[DBG] trotterMarQSim_IndiAnalog raise EXN: Failure(""python api failed with exit code 1"")
Fatal error: exception Failure(""python api failed with exit code 1"")"
DataSet1/dir_200_2500/BK_C2_sto3g_10_electrons_16_spin_orbitals_Hamiltonian_1177_paulis.txt,0.1,0.7854,1,16,1177,6922560510,24587909367,ok,
DataSet1/dir_200_2500/BK_C2_sto3g_10_electrons_16_spin_orbitals_Hamiltonian_1177_paulis.txt,0.1,0.7854,2,16,1177,386024626,830996653,ok,
DataSet1/dir_200_2500/BK_C2_sto3g_10_electrons_16_spin_orbitals_Hamiltonian_1177_paulis.txt,0.1,0.7854,3,,,,,error,"[DBG] Expected error: 0.100000;   t: 0.785400
[DBG] Analyzing DataSet1/dir_200_2500/BK_C2_sto3g_10_electrons_16_spin_orbitals_Hamiltonian_1177_paulis.txt:
[DBG] Length of Pauli String 1177

[DBG] ---- Trotterization (QDrift) -> IBMDigital circuits: ----
[DBG] Dealing with 79979 pauli strings; lambda = 80.451692; relaxation factor: 1.001581.
decompose to voqc
convert to full gate set
convert to rzq"
DataSet1/dir_200_2500/BK_C2_sto3g_10_electrons_16_spin_orbitals_Hamiltonian_1177_paulis.txt,0.1,0.7854,4,,,,,error,"[DBG] Expected error: 0.100000;   t: 0.785400
[DBG] Analyzing DataSet1/dir_200_2500/BK_C2_sto3g_10_electrons_16_spin_orbitals_Hamiltonian_1177_paulis.txt:
[DBG] Length of Pauli String 1177

[DBG] ---- Trotterization (MarQSim) -> IBMDigital circuits: ----
[DBG] Dealing with 79979 pauli strings; lambda = 80.451692; relaxation factor: 1.001581.
[DBG] trotterMarQSim_IBMDigital raise EXN: Unix.Unix_error(Unix.E2BIG, ""create_process"", ""/usr/bin/python3"")
Fatal error: exception Unix.Unix_error(Unix.E2BIG, ""create_process"", ""/usr/bin/python3"")"
DataSet1/dir_200_2500/BK_C2_sto3g_10_electrons_16_spin_orbitals_Hamiltonian_1177_paulis.txt,0.1,0.7854,11,16,1177,182328278914,10059078667,ok,
DataSet1/dir_200_2500/BK_C2_sto3g_10_electrons_16_spin_orbitals_Hamiltonian_1177_paulis.txt,0.1,0.7854,12,16,1177,6445258845,173020177,ok,
DataSet1/dir_200_2500/BK_C2_sto3g_10_electrons_16_spin_orbitals_Hamiltonian_1177_paulis.txt,0.1,0.7854,13,,,,,error,"[DBG] Expected error: 0.100000;   t: 0.785400
[DBG] Analyzing DataSet1/dir_200_2500/BK_C2_sto3g_10_electrons_16_spin_orbitals_Hamiltonian_1177_paulis.txt:
[DBG] Length of Pauli String 1177

[DBG] ---- Trotterization (QDrift) -> IndiAnalog circuits: ----
[DBG] Dealing with 79979 pauli strings; lambda = 80.451692; relaxation factor: 1.001581.
[DBG] trotterQDrift_IndiAnalog raise EXN: Dune__exe__Qblue_util.Parse_timeout(600)
Fatal error: exception Dune__exe__Qblue_util.Parse_timeout(600)"
DataSet1/dir_200_2500/BK_C2_sto3g_10_electrons_16_spin_orbitals_Hamiltonian_1177_paulis.txt,0.1,0.7854,14,,,,,error,"[DBG] Expected error: 0.100000;   t: 0.785400
[DBG] Analyzing DataSet1/dir_200_2500/BK_C2_sto3g_10_electrons_16_spin_orbitals_Hamiltonian_1177_paulis.txt:
[DBG] Length of Pauli String 1177

[DBG] ---- Trotterization (MarQSim) -> IndiAnalog circuits: ----
[DBG] Dealing with 79979 pauli strings; lambda = 80.451692; relaxation factor: 1.001581.
[DBG] trotterMarQSim_IndiAnalog raise EXN: Unix.Unix_error(Unix.E2BIG, ""create_process"", ""/usr/bin/python3"")
Fatal error: exception Unix.Unix_error(Unix.E2BIG, ""create_process"", ""/usr/bin/python3"")"
DataSet1/dir_200_2500/BK_C2_sto3g_12_electrons_18_spin_orbitals_Hamiltonian_1884_paulis.txt,0.1,0.7854,1,18,1884,30786355272,96256627152,ok,
DataSet1/dir_200_2500/BK_C2_sto3g_12_electrons_18_spin_orbitals_Hamiltonian_1884_paulis.txt,0.1,0.7854,2,18,1884,1202461200,2545654896,ok,
DataSet1/dir_200_2500/BK_C2_sto3g_12_electrons_18_spin_orbitals_Hamiltonian_1884_paulis.txt,0.1,0.7854,3,,,,,error,"[DBG] Expected error: 0.100000;   t: 0.785400
[DBG] Analyzing DataSet1/dir_200_2500/BK_C2_sto3g_12_electrons_18_spin_orbitals_Hamiltonian_1884_paulis.txt:
[DBG] Length of Pauli String 1884

[DBG] ---- Trotterization (QDrift) -> IBMDigital circuits: ----
[DBG] Dealing with 237558 pauli strings; lambda = 138.700976; relaxation factor: 1.000918.
decompose to voqc
convert to full gate set
[DBG] trotterQDrift_IBMDigital raise EXN: Dune__exe__Qblue_util.Parse_timeout(600)
Fatal error: exception Dune__exe__Qblue_util.Parse_timeout(600)"
DataSet1/dir_200_2500/BK_C2_sto3g_12_electrons_18_spin_orbitals_Hamiltonian_1884_paulis.txt,0.1,0.7854,4,,,,,error,"[DBG] Expected error: 0.100000;   t: 0.785400
[DBG] Analyzing DataSet1/dir_200_2500/BK_C2_sto3g_12_electrons_18_spin_orbitals_Hamiltonian_1884_paulis.txt:
[DBG] Length of Pauli String 1884

[DBG] ---- Trotterization (MarQSim) -> IBMDigital circuits: ----
[DBG] Dealing with 237558 pauli strings; lambda = 138.700976; relaxation factor: 1.000918.
[DBG] trotterMarQSim_IBMDigital raise EXN: Unix.Unix_error(Unix.E2BIG, ""create_process"", ""/usr/bin/python3"")
Fatal error: exception Unix.Unix_error(Unix.E2BIG, ""create_process"", ""/usr/bin/python3"")"
DataSet1/dir_200_2500/BK_C2_sto3g_12_electrons_18_spin_orbitals_Hamiltonian_1884_paulis.txt,0.1,0.7854,11,18,1884,846340116624,41252840208,ok,
DataSet1/dir_200_2500/BK_C2_sto3g_12_electrons_18_spin_orbitals_Hamiltonian_1884_paulis.txt,0.1,0.7854,12,18,1884,23511233952,559367136,ok,
DataSet1/dir_200_2500/BK_C2_sto3g_12_electrons_18_spin_orbitals_Hamiltonian_1884_paulis.txt,0.1,0.7854,13,,,,,error,"[DBG] Expected error: 0.100000;   t: 0.785400
[DBG] Analyzing DataSet1/dir_200_2500/BK_C2_sto3g_12_electrons_18_spin_orbitals_Hamiltonian_1884_paulis.txt:
[DBG] Length of Pauli String 1884

[DBG] ---- Trotterization (QDrift) -> IndiAnalog circuits: ----
[DBG] Dealing with 237558 pauli strings; lambda = 138.700976; relaxation factor: 1.000918.
[DBG] trotterQDrift_IndiAnalog raise EXN: Dune__exe__Qblue_util.Parse_timeout(600)
Fatal error: exception Dune__exe__Qblue_util.Parse_timeout(600)"
DataSet1/dir_200_2500/BK_C2_sto3g_12_electrons_18_spin_orbitals_Hamiltonian_1884_paulis.txt,0.1,0.7854,14,,,,,error,"[DBG] Expected error: 0.100000;   t: 0.785400
[DBG] Analyzing DataSet1/dir_200_2500/BK_C2_sto3g_12_electrons_18_spin_orbitals_Hamiltonian_1884_paulis.txt:
[DBG] Length of Pauli String 1884

[DBG] ---- Trotterization (MarQSim) -> IndiAnalog circuits: ----
[DBG] Dealing with 237558 pauli strings; lambda = 138.700976; relaxation factor: 1.000918.
[DBG] trotterMarQSim_IndiAnalog raise EXN: Unix.Unix_error(Unix.E2BIG, ""create_process"", ""/usr/bin/python3"")
Fatal error: exception Unix.Unix_error(Unix.E2BIG, ""create_process"", ""/usr/bin/python3"")"
DataSet1/dir_200_2500/BK_H2O_sto3g_10_electrons_14_spin_orbitals_Hamiltonian_1654_paulis.txt,0.1,0.7854,1,14,1654,25703137950,77970123000,ok,
DataSet1/dir_200_2500/BK_H2O_sto3g_10_electrons_14_spin_orbitals_Hamiltonian_1654_paulis.txt,0.1,0.7854,2,14,1654,984178665,2245990050,ok,
DataSet1/dir_200_2500/BK_H2O_sto3g_10_electrons_14_spin_orbitals_Hamiltonian_1654_paulis.txt,0.1,0.7854,3,,,,,error,"[DBG] Expected error: 0.100000;   t: 0.785400
[DBG] Analyzing DataSet1/dir_200_2500/BK_H2O_sto3g_10_electrons_14_spin_orbitals_Hamiltonian_1654_paulis.txt:
[DBG] Length of Pauli String 1654

[DBG] ---- Trotterization (QDrift) -> IBMDigital circuits: ----
[DBG] Dealing with 182672 pauli strings; lambda = 121.618886; relaxation factor: 1.001046.
decompose to voqc
convert to full gate set
[DBG] trotterQDrift_IBMDigital raise EXN: Dune__exe__Qblue_util.Parse_timeout(600)
Fatal error: exception Dune__exe__Qblue_util.Parse_timeout(600)"
DataSet1/dir_200_2500/BK_H2O_sto3g_10_electrons_14_spin_orbitals_Hamiltonian_1654_paulis.txt,0.1,0.7854,4,,,,,error,"[DBG] Expected error: 0.100000;   t: 0.785400
[DBG] Analyzing DataSet1/dir_200_2500/BK_H2O_sto3g_10_electrons_14_spin_orbitals_Hamiltonian_1654_paulis.txt:
[DBG] Length of Pauli String 1654

[DBG] ---- Trotterization (MarQSim) -> IBMDigital circuits: ----
[DBG] Dealing with 182672 pauli strings; lambda = 121.618886; relaxation factor: 1.001046.
[DBG] trotterMarQSim_IBMDigital raise EXN: Unix.Unix_error(Unix.E2BIG, ""create_process"", ""/usr/bin/python3"")
Fatal error: exception Unix.Unix_error(Unix.E2BIG, ""create_process"", ""/usr/bin/python3"")"
DataSet1/dir_200_2500/BK_H2O_sto3g_10_electrons_14_spin_orbitals_Hamiltonian_1654_paulis.txt,0.1,0.7854,11,14,1654,451450387500,27913979100,ok,
DataSet1/dir_200_2500/BK_H2O_sto3g_10_electrons_14_spin_orbitals_Hamiltonian_1654_paulis.txt,0.1,0.7854,12,14,1654,13479361830,404229330,ok,
DataSet1/dir_200_2500/BK_H2O_sto3g_10_electrons_14_spin_orbitals_Hamiltonian_1654_paulis.txt,0.1,0.7854,13,,,,,error,"[DBG] Expected error: 0.100000;   t: 0.785400
[DBG] Analyzing DataSet1/dir_200_2500/BK_H2O_sto3g_10_electrons_14_spin_orbitals_Hamiltonian_1654_paulis.txt:
[DBG] Length of Pauli String 1654

[DBG] ---- Trotterization (QDrift) -> IndiAnalog circuits: ----
[DBG] Dealing with 182672 pauli strings; lambda = 121.618886; relaxation factor: 1.001046.
[DBG] trotterQDrift_IndiAnalog raise EXN: Dune__exe__Qblue_util.Parse_timeout(600)
Fatal error: exception Dune__exe__Qblue_util.Parse_timeout(600)"
DataSet1/dir_200_2500/BK_H2O_sto3g_10_electrons_14_spin_orbitals_Hamiltonian_1654_paulis.txt,0.1,0.7854,14,,,,,error,"[DBG] Expected error: 0.100000;   t: 0.785400
[DBG] Analyzing DataSet1/dir_200_2500/BK_H2O_sto3g_10_electrons_14_spin_orbitals_Hamiltonian_1654_paulis.txt:
[DBG] Length of Pauli String 1654

[DBG] ---- Trotterization (MarQSim) -> IndiAnalog circuits: ----
[DBG] Dealing with 182672 pauli strings; lambda = 121.618886; relaxation factor: 1.001046.
[DBG] trotterMarQSim_IndiAnalog raise EXN: Unix.Unix_error(Unix.E2BIG, ""create_process"", ""/usr/bin/python3"")
Fatal error: exception Unix.Unix_error(Unix.E2BIG, ""create_process"", ""/usr/bin/python3"")"
DataSet1/dir_200_2500/BK_H2O_sto3g_8_electrons_12_spin_orbitals_Hamiltonian_1219_paulis.txt,0.1,0.7854,1,12,1219,11513946680,40216308985,ok,
DataSet1/dir_200_2500/BK_H2O_sto3g_8_electrons_12_spin_orbitals_Hamiltonian_1219_paulis.txt,0.1,0.7854,2,12,1219,471992488,1283379640,ok,
DataSet1/dir_200_2500/BK_H2O_sto3g_8_electrons_12_spin_orbitals_Hamiltonian_1219_paulis.txt,0.1,0.7854,3,,,,,error,"[DBG] Expected error: 0.100000;   t: 0.785400
[DBG] Analyzing DataSet1/dir_200_2500/BK_H2O_sto3g_8_electrons_12_spin_orbitals_Hamiltonian_1219_paulis.txt:
[DBG] Length of Pauli String 1219

[DBG] ---- Trotterization (QDrift) -> IBMDigital circuits: ----
[DBG] Dealing with 21888 pauli strings; lambda = 42.055417; relaxation factor: 1.003023.
decompose to voqc
convert to full gate set
convert to rzq"
DataSet1/dir_200_2500/BK_H2O_sto3g_8_electrons_12_spin_orbitals_Hamiltonian_1219_paulis.txt,0.1,0.7854,4,,,,,error,"[DBG] Expected error: 0.100000;   t: 0.785400
[DBG] Analyzing DataSet1/dir_200_2500/BK_H2O_sto3g_8_electrons_12_spin_orbitals_Hamiltonian_1219_paulis.txt:
[DBG] Length of Pauli String 1219

[DBG] ---- Trotterization (MarQSim) -> IBMDigital circuits: ----
[DBG] Dealing with 21888 pauli strings; lambda = 42.055417; relaxation factor: 1.003023.
[DBG] trotterMarQSim_IBMDigital raise EXN: Unix.Unix_error(Unix.E2BIG, ""create_process"", ""/usr/bin/python3"")
Fatal error: exception Unix.Unix_error(Unix.E2BIG, ""create_process"", ""/usr/bin/python3"")"
DataSet1/dir_200_2500/BK_H2O_sto3g_8_electrons_12_spin_orbitals_Hamiltonian_1219_paulis.txt,0.1,0.7854,11,12,1219,180849633840,11174761945,ok,
DataSet1/dir_200_2500/BK_H2O_sto3g_8_electrons_12_spin_orbitals_Hamiltonian_1219_paulis.txt,0.1,0.7854,12,12,1219,6300720200,188827976,ok,
DataSet1/dir_200_2500/BK_H2O_sto3g_8_electrons_12_spin_orbitals_Hamiltonian_1219_paulis.txt,0.1,0.7854,13,12,1219,200532,21888,ok,
DataSet1/dir_200_2500/BK_H2O_sto3g_8_electrons_12_spin_orbitals_Hamiltonian_1219_paulis.txt,0.1,0.7854,14,,,,,error,"[DBG] Expected error: 0.100000;   t: 0.785400
[DBG] Analyzing DataSet1/dir_200_2500/BK_H2O_sto3g_8_electrons_12_spin_orbitals_Hamiltonian_1219_paulis.txt:
[DBG] Length of Pauli String 1219

[DBG] ---- Trotterization (MarQSim) -> IndiAnalog circuits: ----
[DBG] Dealing with 21888 pauli strings; lambda = 42.055417; relaxation factor: 1.003023.
[DBG] trotterMarQSim_IndiAnalog raise EXN: Unix.Unix_error(Unix.E2BIG, ""create_process"", ""/usr/bin/python3"")
Fatal error: exception Unix.Unix_error(Unix.E2BIG, ""create_process"", ""/usr/bin/python3"")"
DataSet1/dir_200_2500/BK_LiH_sto3g_4_electrons_12_spin_orbitals_Hamiltonian_631_paulis.txt,0.1,0.7854,1,12,631,1699942980,5696774235,ok,
DataSet1/dir_200_2500/BK_LiH_sto3g_4_electrons_12_spin_orbitals_Hamiltonian_631_paulis.txt,0.1,0.7854,2,12,631,111771944,243892411,ok,
DataSet1/dir_200_2500/BK_LiH_sto3g_4_electrons_12_spin_orbitals_Hamiltonian_631_paulis.txt,0.1,0.7854,3,12,631,1858,3526,ok,
DataSet1/dir_200_2500/BK_LiH_sto3g_4_electrons_12_spin_orbitals_Hamiltonian_631_paulis.txt,0.1,0.7854,4,12,631,1866,3416,ok,
DataSet1/dir_200_2500/BK_LiH_sto3g_4_electrons_12_spin_orbitals_Hamiltonian_631_paulis.txt,0.1,0.7854,11,12,631,26019936480,1550092515,ok,
DataSet1/dir_200_2500/BK_LiH_sto3g_4_electrons_12_spin_orbitals_Hamiltonian_631_paulis.txt,0.1,0.7854,12,12,631,1264680995,36580963,ok,
DataSet1/dir_200_2500/BK_LiH_sto3g_4_electrons_12_spin_orbitals_Hamiltonian_631_paulis.txt,0.1,0.7854,13,12,631,42152,3810,ok,
DataSet1/dir_200_2500/BK_LiH_sto3g_4_electrons_12_spin_orbitals_Hamiltonian_631_paulis.txt,0.1,0.7854,14,12,631,41738,3810,ok,
DataSet1/dir_200_2500/BK_N2_sto3g_10_electrons_16_spin_orbitals_Hamiltonian_1177_paulis.txt,0.1,0.7854,1,16,1177,7460981883,25707483968,ok,
DataSet1/dir_200_2500/BK_N2_sto3g_10_electrons_16_spin_orbitals_Hamiltonian_1177_paulis.txt,0.1,0.7854,2,16,1177,365150484,877889972,ok,
DataSet1/dir_200_2500/BK_N2_sto3g_10_electrons_16_spin_orbitals_Hamiltonian_1177_paulis.txt,0.1,0.7854,3,,,,,error,"[DBG] Expected error: 0.100000;   t: 0.785400
[DBG] Analyzing DataSet1/dir_200_2500/BK_N2_sto3g_10_electrons_16_spin_orbitals_Hamiltonian_1177_paulis.txt:
[DBG] Length of Pauli String 1177

[DBG] ---- Trotterization (QDrift) -> IBMDigital circuits: ----
[DBG] Dealing with 45441 pauli strings; lambda = 60.625823; relaxation factor: 1.002098.
decompose to voqc
convert to full gate set
convert to rzq"
DataSet1/dir_200_2500/BK_N2_sto3g_10_electrons_16_spin_orbitals_Hamiltonian_1177_paulis.txt,0.1,0.7854,4,,,,,error,"[DBG] Expected error: 0.100000;   t: 0.785400
[DBG] Analyzing DataSet1/dir_200_2500/BK_N2_sto3g_10_electrons_16_spin_orbitals_Hamiltonian_1177_paulis.txt:
[DBG] Length of Pauli String 1177

[DBG] ---- Trotterization (MarQSim) -> IBMDigital circuits: ----
[DBG] Dealing with 45441 pauli strings; lambda = 60.625823; relaxation factor: 1.002098.
[DBG] trotterMarQSim_IBMDigital raise EXN: Unix.Unix_error(Unix.E2BIG, ""create_process"", ""/usr/bin/python3"")
Fatal error: exception Unix.Unix_error(Unix.E2BIG, ""create_process"", ""/usr/bin/python3"")"
DataSet1/dir_200_2500/BK_N2_sto3g_10_electrons_16_spin_orbitals_Hamiltonian_1177_paulis.txt,0.1,0.7854,11,16,1177,186208331348,10059078667,ok,
DataSet1/dir_200_2500/BK_N2_sto3g_10_electrons_16_spin_orbitals_Hamiltonian_1177_paulis.txt,0.1,0.7854,12,16,1177,6578735753,173020177,ok,
DataSet1/dir_200_2500/BK_N2_sto3g_10_electrons_16_spin_orbitals_Hamiltonian_1177_paulis.txt,0.1,0.7854,13,,,,,error,"[DBG] Expected error: 0.100000;   t: 0.785400
[DBG] Analyzing DataSet1/dir_200_2500/BK_N2_sto3g_10_electrons_16_spin_orbitals_Hamiltonian_1177_paulis.txt:
[DBG] Length of Pauli String 1177

[DBG] ---- Trotterization (QDrift) -> IndiAnalog circuits: ----
[DBG] Dealing with 45441 pauli strings; lambda = 60.625823; relaxation factor: 1.002098.
[DBG] trotterQDrift_IndiAnalog raise EXN: Dune__exe__Qblue_util.Parse_timeout(600)
Fatal error: exception Dune__exe__Qblue_util.Parse_timeout(600)"
DataSet1/dir_200_2500/BK_N2_sto3g_10_electrons_16_spin_orbitals_Hamiltonian_1177_paulis.txt,0.1,0.7854,14,,,,,error,"[DBG] Expected error: 0.100000;   t: 0.785400
[DBG] Analyzing DataSet1/dir_200_2500/BK_N2_sto3g_10_electrons_16_spin_orbitals_Hamiltonian_1177_paulis.txt:
[DBG] Length of Pauli String 1177

[DBG] ---- Trotterization (MarQSim) -> IndiAnalog circuits: ----
[DBG] Dealing with 45441 pauli strings; lambda = 60.625823; relaxation factor: 1.002098.
[DBG] trotterMarQSim_IndiAnalog raise EXN: Unix.Unix_error(Unix.E2BIG, ""create_process"", ""/usr/bin/python3"")
Fatal error: exception Unix.Unix_error(Unix.E2BIG, ""create_process"", ""/usr/bin/python3"")"
DataSet1/dir_200_2500/BK_N2_sto3g_12_electrons_18_spin_orbitals_Hamiltonian_1884_paulis.txt,0.1,0.7854,1,18,1884,31837383048,95862491736,ok,
DataSet1/dir_200_2500/BK_N2_sto3g_12_electrons_18_spin_orbitals_Hamiltonian_1884_paulis.txt,0.1,0.7854,2,18,1884,1291829304,2523090192,ok,
DataSet1/dir_200_2500/BK_N2_sto3g_12_electrons_18_spin_orbitals_Hamiltonian_1884_paulis.txt,0.1,0.7854,3,,,,,error,"[DBG] Expected error: 0.100000;   t: 0.785400
[DBG] Analyzing DataSet1/dir_200_2500/BK_N2_sto3g_12_electrons_18_spin_orbitals_Hamiltonian_1884_paulis.txt:
[DBG] Length of Pauli String 1884

[DBG] ---- Trotterization (QDrift) -> IBMDigital circuits: ----
[DBG] Dealing with 187027 pauli strings; lambda = 123.060928; relaxation factor: 1.001034.
decompose to voqc
convert to full gate set
[DBG] trotterQDrift_IBMDigital raise EXN: Dune__exe__Qblue_util.Parse_timeout(600)
Fatal error: exception Dune__exe__Qblue_util.Parse_timeout(600)"
DataSet1/dir_200_2500/BK_N2_sto3g_12_electrons_18_spin_orbitals_Hamiltonian_1884_paulis.txt,0.1,0.7854,4,,,,,error,"[DBG] Expected error: 0.100000;   t: 0.785400
[DBG] Analyzing DataSet1/dir_200_2500/BK_N2_sto3g_12_electrons_18_spin_orbitals_Hamiltonian_1884_paulis.txt:
[DBG] Length of Pauli String 1884

[DBG] ---- Trotterization (MarQSim) -> IBMDigital circuits: ----
[DBG] Dealing with 187027 pauli strings; lambda = 123.060928; relaxation factor: 1.001034.
[DBG] trotterMarQSim_IBMDigital raise EXN: Unix.Unix_error(Unix.E2BIG, ""create_process"", ""/usr/bin/python3"")
Fatal error: exception Unix.Unix_error(Unix.E2BIG, ""create_process"", ""/usr/bin/python3"")"
DataSet1/dir_200_2500/BK_N2_sto3g_12_electrons_18_spin_orbitals_Hamiltonian_1884_paulis.txt,0.1,0.7854,11,18,1884,828472644432,41252840208,ok,
DataSet1/dir_200_2500/BK_N2_sto3g_12_electrons_18_spin_orbitals_Hamiltonian_1884_paulis.txt,0.1,0.7854,12,18,1884,23026686624,559367136,ok,
DataSet1/dir_200_2500/BK_N2_sto3g_12_electrons_18_spin_orbitals_Hamiltonian_1884_paulis.txt,0.1,0.7854,13,,,,,error,"[DBG] Expected error: 0.100000;   t: 0.785400
[DBG] Analyzing DataSet1/dir_200_2500/BK_N2_sto3g_12_electrons_18_spin_orbitals_Hamiltonian_1884_paulis.txt:
[DBG] Length of Pauli String 1884

[DBG] ---- Trotterization (QDrift) -> IndiAnalog circuits: ----
[DBG] Dealing with 187027 pauli strings; lambda = 123.060928; relaxation factor: 1.001034.
[DBG] trotterQDrift_IndiAnalog raise EXN: Dune__exe__Qblue_util.Parse_timeout(600)
Fatal error: exception Dune__exe__Qblue_util.Parse_timeout(600)"
DataSet1/dir_200_2500/BK_N2_sto3g_12_electrons_18_spin_orbitals_Hamiltonian_1884_paulis.txt,0.1,0.7854,14,,,,,error,"[DBG] Expected error: 0.100000;   t: 0.785400
[DBG] Analyzing DataSet1/dir_200_2500/BK_N2_sto3g_12_electrons_18_spin_orbitals_Hamiltonian_1884_paulis.txt:
[DBG] Length of Pauli String 1884

[DBG] ---- Trotterization (MarQSim) -> IndiAnalog circuits: ----
[DBG] Dealing with 187027 pauli strings; lambda = 123.060928; relaxation factor: 1.001034.
[DBG] trotterMarQSim_IndiAnalog raise EXN: Unix.Unix_error(Unix.E2BIG, ""create_process"", ""/usr/bin/python3"")
Fatal error: exception Unix.Unix_error(Unix.E2BIG, ""create_process"", ""/usr/bin/python3"")"
DataSet1/dir_200_2500/BK_NH3_sto3g_8_electrons_12_spin_orbitals_Hamiltonian_915_paulis.txt,0.1,0.7854,1,12,915,5449252240,17608057712,ok,
DataSet1/dir_200_2500/BK_NH3_sto3g_8_electrons_12_spin_orbitals_Hamiltonian_915_paulis.txt,0.1,0.7854,2,12,915,298052196,646469460,ok,
DataSet1/dir_200_2500/BK_NH3_sto3g_8_electrons_12_spin_orbitals_Hamiltonian_915_paulis.txt,0.1,0.7854,3,,,,,error,"[DBG] Expected error: 0.100000;   t: 0.785400
[DBG] Analyzing DataSet1/dir_200_2500/BK_NH3_sto3g_8_electrons_12_spin_orbitals_Hamiltonian_915_paulis.txt:
[DBG] Length of Pauli String 915

[DBG] ---- Trotterization (QDrift) -> IBMDigital circuits: ----
[DBG] Dealing with 18360 pauli strings; lambda = 38.512463; relaxation factor: 1.003300.
decompose to voqc
convert to full gate set
convert to rzq"
DataSet1/dir_200_2500/BK_NH3_sto3g_8_electrons_12_spin_orbitals_Hamiltonian_915_paulis.txt,0.1,0.7854,4,,,,,error,"[DBG] Expected error: 0.100000;   t: 0.785400
[DBG] Analyzing DataSet1/dir_200_2500/BK_NH3_sto3g_8_electrons_12_spin_orbitals_Hamiltonian_915_paulis.txt:
[DBG] Length of Pauli String 915

[DBG] ---- Trotterization (MarQSim) -> IBMDigital circuits: ----
[DBG] Dealing with 18360 pauli strings; lambda = 38.512463; relaxation factor: 1.003300.
[DBG] trotterMarQSim_IBMDigital raise EXN: Unix.Unix_error(Unix.E2BIG, ""create_process"", ""/usr/bin/python3"")
Fatal error: exception Unix.Unix_error(Unix.E2BIG, ""create_process"", ""/usr/bin/python3"")"
DataSet1/dir_200_2500/BK_NH3_sto3g_8_electrons_12_spin_orbitals_Hamiltonian_915_paulis.txt,0.1,0.7854,11,12,915,75680041536,4726128720,ok,
DataSet1/dir_200_2500/BK_NH3_sto3g_8_electrons_12_spin_orbitals_Hamiltonian_915_paulis.txt,0.1,0.7854,12,12,915,3050064108,92352780,ok,
DataSet1/dir_200_2500/BK_NH3_sto3g_8_electrons_12_spin_orbitals_Hamiltonian_915_paulis.txt,0.1,0.7854,13,12,915,171798,18360,ok,
DataSet1/dir_200_2500/BK_NH3_sto3g_8_electrons_12_spin_orbitals_Hamiltonian_915_paulis.txt,0.1,0.7854,14,,,,,error,"[DBG] Expected error: 0.100000;   t: 0.785400
[DBG] Analyzing DataSet1/dir_200_2500/BK_NH3_sto3g_8_electrons_12_spin_orbitals_Hamiltonian_915_paulis.txt:
[DBG] Length of Pauli String 915

[DBG] ---- Trotterization (MarQSim) -> IndiAnalog circuits: ----
[DBG] Dealing with 18360 pauli strings; lambda = 38.512463; relaxation factor: 1.003300.
[DBG] trotterMarQSim_IndiAnalog raise EXN: Unix.Unix_error(Unix.E2BIG, ""create_process"", ""/usr/bin/python3"")
Fatal error: exception Unix.Unix_error(Unix.E2BIG, ""create_process"", ""/usr/bin/python3"")"
DataSet1/dir_200_2500/BK_NH3_sto3g_8_electrons_14_spin_orbitals_Hamiltonian_1734_paulis.txt,0.1,0.7854,1,14,1734,28212469272,94301245088,ok,
DataSet1/dir_200_2500/BK_NH3_sto3g_8_electrons_14_spin_orbitals_Hamiltonian_1734_paulis.txt,0.1,0.7854,2,14,1734,1189932601,2565554486,ok,
DataSet1/dir_200_2500/BK_NH3_sto3g_8_electrons_14_spin_orbitals_Hamiltonian_1734_paulis.txt,0.1,0.7854,3,,,,,error,"[DBG] Expected error: 0.100000;   t: 0.785400
[DBG] Analyzing DataSet1/dir_200_2500/BK_NH3_sto3g_8_electrons_14_spin_orbitals_Hamiltonian_1734_paulis.txt:
[DBG] Length of Pauli String 1734

[DBG] ---- Trotterization (QDrift) -> IBMDigital circuits: ----
[DBG] Dealing with 24144 pauli strings; lambda = 44.173654; relaxation factor: 1.002878.
decompose to voqc
convert to full gate set
convert to rzq"
DataSet1/dir_200_2500/BK_NH3_sto3g_8_electrons_14_spin_orbitals_Hamiltonian_1734_paulis.txt,0.1,0.7854,4,,,,,error,"[DBG] Expected error: 0.100000;   t: 0.785400
[DBG] Analyzing DataSet1/dir_200_2500/BK_NH3_sto3g_8_electrons_14_spin_orbitals_Hamiltonian_1734_paulis.txt:
[DBG] Length of Pauli String 1734

[DBG] ---- Trotterization (MarQSim) -> IBMDigital circuits: ----
[DBG] Dealing with 24144 pauli strings; lambda = 44.173654; relaxation factor: 1.002878.
[DBG] trotterMarQSim_IBMDigital raise EXN: Unix.Unix_error(Unix.E2BIG, ""create_process"", ""/usr/bin/python3"")
Fatal error: exception Unix.Unix_error(Unix.E2BIG, ""create_process"", ""/usr/bin/python3"")"
DataSet1/dir_200_2500/BK_NH3_sto3g_8_electrons_14_spin_orbitals_Hamiltonian_1734_paulis.txt,0.1,0.7854,11,14,1734,518916528832,32163327888,ok,
DataSet1/dir_200_2500/BK_NH3_sto3g_8_electrons_14_spin_orbitals_Hamiltonian_1734_paulis.txt,0.1,0.7854,12,14,1734,15129480278,454781382,ok,
DataSet1/dir_200_2500/BK_NH3_sto3g_8_electrons_14_spin_orbitals_Hamiltonian_1734_paulis.txt,0.1,0.7854,13,14,1734,260648,24144,ok,
DataSet1/dir_200_2500/BK_NH3_sto3g_8_electrons_14_spin_orbitals_Hamiltonian_1734_paulis.txt,0.1,0.7854,14,,,,,error,"[DBG] Expected error: 0.100000;   t: 0.785400
[DBG] Analyzing DataSet1/dir_200_2500/BK_NH3_sto3g_8_electrons_14_spin_orbitals_Hamiltonian_1734_paulis.txt:
[DBG] Length of Pauli String 1734

[DBG] ---- Trotterization (MarQSim) -> IndiAnalog circuits: ----
[DBG] Dealing with 24144 pauli strings; lambda = 44.173654; relaxation factor: 1.002878.
[DBG] trotterMarQSim_IndiAnalog raise EXN: Unix.Unix_error(Unix.E2BIG, ""create_process"", ""/usr/bin/python3"")
Fatal error: exception Unix.Unix_error(Unix.E2BIG, ""create_process"", ""/usr/bin/python3"")"
DataSet1/dir_200_2500/BK_ethylene_sto3g_10_electrons_16_spin_orbitals_Hamiltonian_789_paulis.txt,0.1,0.7854,1,16,789,1931852483,6943915088,ok,
DataSet1/dir_200_2500/BK_ethylene_sto3g_10_electrons_16_spin_orbitals_Hamiltonian_789_paulis.txt,0.1,0.7854,2,16,789,132852578,281239684,ok,
DataSet1/dir_200_2500/BK_ethylene_sto3g_10_electrons_16_spin_orbitals_Hamiltonian_789_paulis.txt,0.1,0.7854,3,,,,,error,"[DBG] Expected error: 0.100000;   t: 0.785400
[DBG] Analyzing DataSet1/dir_200_2500/BK_ethylene_sto3g_10_electrons_16_spin_orbitals_Hamiltonian_789_paulis.txt:
[DBG] Length of Pauli String 789

[DBG] ---- Trotterization (QDrift) -> IBMDigital circuits: ----
[DBG] Dealing with 22062 pauli strings; lambda = 42.223338; relaxation factor: 1.003011.
decompose to voqc
convert to full gate set
convert to rzq"
DataSet1/dir_200_2500/BK_ethylene_sto3g_10_electrons_16_spin_orbitals_Hamiltonian_789_paulis.txt,0.1,0.7854,4,,,,,error,"[DBG] Expected error: 0.100000;   t: 0.785400
[DBG] Analyzing DataSet1/dir_200_2500/BK_ethylene_sto3g_10_electrons_16_spin_orbitals_Hamiltonian_789_paulis.txt:
[DBG] Length of Pauli String 789

[DBG] ---- Trotterization (MarQSim) -> IBMDigital circuits: ----
[DBG] Dealing with 22062 pauli strings; lambda = 42.223338; relaxation factor: 1.003011.
[DBG] trotterMarQSim_IBMDigital raise EXN: Unix.Unix_error(Unix.E2BIG, ""create_process"", ""/usr/bin/python3"")
Fatal error: exception Unix.Unix_error(Unix.E2BIG, ""create_process"", ""/usr/bin/python3"")"
DataSet1/dir_200_2500/BK_ethylene_sto3g_10_electrons_16_spin_orbitals_Hamiltonian_789_paulis.txt,0.1,0.7854,11,16,789,56234958362,3030281529,ok,
DataSet1/dir_200_2500/BK_ethylene_sto3g_10_electrons_16_spin_orbitals_Hamiltonian_789_paulis.txt,0.1,0.7854,12,16,789,2433176357,63837201,ok,
DataSet1/dir_200_2500/BK_ethylene_sto3g_10_electrons_16_spin_orbitals_Hamiltonian_789_paulis.txt,0.1,0.7854,13,16,789,216212,22062,ok,
DataSet1/dir_200_2500/BK_ethylene_sto3g_10_electrons_16_spin_orbitals_Hamiltonian_789_paulis.txt,0.1,0.7854,14,,,,,error,"[DBG] Expected error: 0.100000;   t: 0.785400
[DBG] Analyzing DataSet1/dir_200_2500/BK_ethylene_sto3g_10_electrons_16_spin_orbitals_Hamiltonian_789_paulis.txt:
[DBG] Length of Pauli String 789

[DBG] ---- Trotterization (MarQSim) -> IndiAnalog circuits: ----
[DBG] Dealing with 22062 pauli strings; lambda = 42.223338; relaxation factor: 1.003011.
[DBG] trotterMarQSim_IndiAnalog raise EXN: Unix.Unix_error(Unix.E2BIG, ""create_process"", ""/usr/bin/python3"")
Fatal error: exception Unix.Unix_error(Unix.E2BIG, ""create_process"", ""/usr/bin/python3"")"
DataSet1/dir_200_2500/BK_ethylene_sto3g_12_electrons_20_spin_orbitals_Hamiltonian_2063_paulis.txt,0.1,0.7854,1,20,2063,43346509700,136997024600,ok,
DataSet1/dir_200_2500/BK_ethylene_sto3g_12_electrons_20_spin_orbitals_Hamiltonian_2063_paulis.txt,0.1,0.7854,2,,,,,error,"[DBG] Expected error: 0.100000;   t: 0.785400
[DBG] Analyzing DataSet1/dir_200_2500/BK_ethylene_sto3g_12_electrons_20_spin_orbitals_Hamiltonian_2063_paulis.txt:
[DBG] Length of Pauli String 2063

[DBG] ---- Trotterization (2nd-order) -> IBMDigital circuits: ----
[DBG] Dealing with 701533465 pauli strings; relaxation factor: 1.004776; splitting r: 340055.
decompose to voqc
convert to full gate set
convert to rzq"
DataSet1/dir_200_2500/BK_ethylene_sto3g_12_electrons_20_spin_orbitals_Hamiltonian_2063_paulis.txt,0.1,0.7854,3,,,,,error,"[DBG] Expected error: 0.100000;   t: 0.785400
[DBG] Analyzing DataSet1/dir_200_2500/BK_ethylene_sto3g_12_electrons_20_spin_orbitals_Hamiltonian_2063_paulis.txt:
[DBG] Length of Pauli String 2063

[DBG] ---- Trotterization (QDrift) -> IBMDigital circuits: ----
[DBG] Dealing with 63452 pauli strings; lambda = 71.651881; relaxation factor: 1.001775.
decompose to voqc
convert to full gate set"
DataSet1/dir_200_2500/BK_ethylene_sto3g_12_electrons_20_spin_orbitals_Hamiltonian_2063_paulis.txt,0.1,0.7854,4,,,,,error,"[DBG] Expected error: 0.100000;   t: 0.785400
[DBG] Analyzing DataSet1/dir_200_2500/BK_ethylene_sto3g_12_electrons_20_spin_orbitals_Hamiltonian_2063_paulis.txt:
[DBG] Length of Pauli String 2063

[DBG] ---- Trotterization (MarQSim) -> IBMDigital circuits: ----
[DBG] Dealing with 63452 pauli strings; lambda = 71.651881; relaxation factor: 1.001775.
[DBG] trotterMarQSim_IBMDigital raise EXN: Unix.Unix_error(Unix.E2BIG, ""create_process"", ""/usr/bin/python3"")
Fatal error: exception Unix.Unix_error(Unix.E2BIG, ""create_process"", ""/usr/bin/python3"")"
DataSet1/dir_200_2500/BK_ethylene_sto3g_12_electrons_20_spin_orbitals_Hamiltonian_2063_paulis.txt,0.1,0.7854,11,20,2063,1150165897600,54163446100,ok,
DataSet1/dir_200_2500/BK_ethylene_sto3g_12_electrons_20_spin_orbitals_Hamiltonian_2063_paulis.txt,0.1,0.7854,12,20,2063,30495792345,701533465,ok,
DataSet1/dir_200_2500/BK_ethylene_sto3g_12_electrons_20_spin_orbitals_Hamiltonian_2063_paulis.txt,0.1,0.7854,13,,,,,error,"[DBG] Expected error: 0.100000;   t: 0.785400
[DBG] Analyzing DataSet1/dir_200_2500/BK_ethylene_sto3g_12_electrons_20_spin_orbitals_Hamiltonian_2063_paulis.txt:
[DBG] Length of Pauli String 2063

[DBG] ---- Trotterization (QDrift) -> IndiAnalog circuits: ----
[DBG] Dealing with 63452 pauli strings; lambda = 71.651881; relaxation factor: 1.001775.
[DBG] trotterQDrift_IndiAnalog raise EXN: Dune__exe__Qblue_util.Parse_timeout(600)
Fatal error: exception Dune__exe__Qblue_util.Parse_timeout(600)"
DataSet1/dir_200_2500/BK_ethylene_sto3g_12_electrons_20_spin_orbitals_Hamiltonian_2063_paulis.txt,0.1,0.7854,14,,,,,error,"[DBG] Expected error: 0.100000;   t: 0.785400
[DBG] Analyzing DataSet1/dir_200_2500/BK_ethylene_sto3g_12_electrons_20_spin_orbitals_Hamiltonian_2063_paulis.txt:
[DBG] Length of Pauli String 2063

[DBG] ---- Trotterization (MarQSim) -> IndiAnalog circuits: ----
[DBG] Dealing with 63452 pauli strings; lambda = 71.651881; relaxation factor: 1.001775.
[DBG] trotterMarQSim_IndiAnalog raise EXN: Unix.Unix_error(Unix.E2BIG, ""create_process"", ""/usr/bin/python3"")
Fatal error: exception Unix.Unix_error(Unix.E2BIG, ""create_process"", ""/usr/bin/python3"")"
DataSet1/dir_200_2500/JW_BeH2_sto3g_6_electrons_14_spin_orbitals_Hamiltonian_666_paulis.txt,0.1,0.7854,1,14,666,1693963447,4958742756,ok,
DataSet1/dir_200_2500/JW_BeH2_sto3g_6_electrons_14_spin_orbitals_Hamiltonian_666_paulis.txt,0.1,0.7854,2,14,666,107695762,198300948,ok,
DataSet1/dir_200_2500/JW_BeH2_sto3g_6_electrons_14_spin_orbitals_Hamiltonian_666_paulis.txt,0.1,0.7854,3,14,666,5801,13081,ok,
DataSet1/dir_200_2500/JW_BeH2_sto3g_6_electrons_14_spin_orbitals_Hamiltonian_666_paulis.txt,0.1,0.7854,4,,,,,error,"[DBG] Expected error: 0.100000;   t: 0.785400
[DBG] Analyzing DataSet1/dir_200_2500/JW_BeH2_sto3g_6_electrons_14_spin_orbitals_Hamiltonian_666_paulis.txt:
[DBG] Length of Pauli String 666

[DBG] ---- Trotterization (MarQSim) -> IBMDigital circuits: ----
[DBG] Dealing with 14070 pauli strings; lambda = 33.705040; relaxation factor: 1.003770.
Traceback (most recent call last):
  File ""/Users/anff/work/workarea/spring2025/particleSystem/mlqblue/qbluelib/ml/api.py"", line 30, in <module>
    main()
  File ""/Users/anff/work/workarea/spring2025/particleSystem/mlqblue/qbluelib/ml/api.py"", line 22, in main
    mat = networks.genmat_gate_cancellation(list_coef, cnot_matrix, singleq_matrix)
  File ""/Users/anff/work/workarea/spring2025/particleSystem/mlqblue/qbluelib/ml/networks.py"", line 79, in genmat_gate_cancellation
    res[ii][jj] = float(flow_matrix[ii][jj]) / float(coef_scaled[ii])
ZeroDivisionError: float division by zero
[DBG] trotterMarQSim_IBMDigital raise EXN: Failure(""python api failed with exit code 1"")
Fatal error: exception Failure(""python api failed with exit code 1"")"
DataSet1/dir_200_2500/JW_BeH2_sto3g_6_electrons_14_spin_orbitals_Hamiltonian_666_paulis.txt,0.1,0.7854,11,14,666,38684761368,1822584258,ok,
DataSet1/dir_200_2500/JW_BeH2_sto3g_6_electrons_14_spin_orbitals_Hamiltonian_666_paulis.txt,0.1,0.7854,12,14,666,1818261354,41846778,ok,
DataSet1/dir_200_2500/JW_BeH2_sto3g_6_electrons_14_spin_orbitals_Hamiltonian_666_paulis.txt,0.1,0.7854,13,14,666,109706,14070,ok,
DataSet1/dir_200_2500/JW_BeH2_sto3g_6_electrons_14_spin_orbitals_Hamiltonian_666_paulis.txt,0.1,0.7854,14,,,,,error,"[DBG] Expected error: 0.100000;   t: 0.785400
[DBG] Analyzing DataSet1/dir_200_2500/JW_BeH2_sto3g_6_electrons_14_spin_orbitals_Hamiltonian_666_paulis.txt:
[DBG] Length of Pauli String 666

[DBG] ---- Trotterization (MarQSim) -> IndiAnalog circuits: ----
[DBG] Dealing with 14070 pauli strings; lambda = 33.705040; relaxation factor: 1.003770.
Traceback (most recent call last):
  File ""/Users/anff/work/workarea/spring2025/particleSystem/mlqblue/qbluelib/ml/api.py"", line 30, in <module>
    main()
  File ""/Users/anff/work/workarea/spring2025/particleSystem/mlqblue/qbluelib/ml/api.py"", line 22, in main
    mat = networks.genmat_gate_cancellation(list_coef, cnot_matrix, singleq_matrix)
  File ""/Users/anff/work/workarea/spring2025/particleSystem/mlqblue/qbluelib/ml/networks.py"", line 79, in genmat_gate_cancellation
    res[ii][jj] = float(flow_matrix[ii][jj]) / float(coef_scaled[ii])
ZeroDivisionError: float division by zero
[DBG] trotterMarQSim_IndiAnalog raise EXN: Failure(""python api failed with exit code 1"")
Fatal error: exception Failure(""python api failed with exit code 1"")"
DataSet1/dir_200_2500/JW_C2_sto3g_10_electrons_16_spin_orbitals_Hamiltonian_1177_paulis.txt,0.1,0.7854,1,16,1177,8204516160,27861169460,ok,
DataSet1/dir_200_2500/JW_C2_sto3g_10_electrons_16_spin_orbitals_Hamiltonian_1177_paulis.txt,0.1,0.7854,2,16,1177,427331907,953448486,ok,
DataSet1/dir_200_2500/JW_C2_sto3g_10_electrons_16_spin_orbitals_Hamiltonian_1177_paulis.txt,0.1,0.7854,3,,,,,error,"[DBG] Expected error: 0.100000;   t: 0.785400
[DBG] Analyzing DataSet1/dir_200_2500/JW_C2_sto3g_10_electrons_16_spin_orbitals_Hamiltonian_1177_paulis.txt:
[DBG] Length of Pauli String 1177

[DBG] ---- Trotterization (QDrift) -> IBMDigital circuits: ----
[DBG] Dealing with 79979 pauli strings; lambda = 80.451692; relaxation factor: 1.001581.
decompose to voqc
convert to full gate set
convert to rzq"
DataSet1/dir_200_2500/JW_C2_sto3g_10_electrons_16_spin_orbitals_Hamiltonian_1177_paulis.txt,0.1,0.7854,4,,,,,error,"[DBG] Expected error: 0.100000;   t: 0.785400
[DBG] Analyzing DataSet1/dir_200_2500/JW_C2_sto3g_10_electrons_16_spin_orbitals_Hamiltonian_1177_paulis.txt:
[DBG] Length of Pauli String 1177

[DBG] ---- Trotterization (MarQSim) -> IBMDigital circuits: ----
[DBG] Dealing with 79979 pauli strings; lambda = 80.451692; relaxation factor: 1.001581.
[DBG] trotterMarQSim_IBMDigital raise EXN: Unix.Unix_error(Unix.E2BIG, ""create_process"", ""/usr/bin/python3"")
Fatal error: exception Unix.Unix_error(Unix.E2BIG, ""create_process"", ""/usr/bin/python3"")"
DataSet1/dir_200_2500/JW_C2_sto3g_10_electrons_16_spin_orbitals_Hamiltonian_1177_paulis.txt,0.1,0.7854,11,16,1177,227812065376,10059078667,ok,
DataSet1/dir_200_2500/JW_C2_sto3g_10_electrons_16_spin_orbitals_Hamiltonian_1177_paulis.txt,0.1,0.7854,12,16,1177,8009937489,173020177,ok,
DataSet1/dir_200_2500/JW_C2_sto3g_10_electrons_16_spin_orbitals_Hamiltonian_1177_paulis.txt,0.1,0.7854,13,,,,,error,"[DBG] Expected error: 0.100000;   t: 0.785400
[DBG] Analyzing DataSet1/dir_200_2500/JW_C2_sto3g_10_electrons_16_spin_orbitals_Hamiltonian_1177_paulis.txt:
[DBG] Length of Pauli String 1177

[DBG] ---- Trotterization (QDrift) -> IndiAnalog circuits: ----
[DBG] Dealing with 79979 pauli strings; lambda = 80.451692; relaxation factor: 1.001581.
[DBG] trotterQDrift_IndiAnalog raise EXN: Dune__exe__Qblue_util.Parse_timeout(600)
Fatal error: exception Dune__exe__Qblue_util.Parse_timeout(600)"
DataSet1/dir_200_2500/JW_C2_sto3g_10_electrons_16_spin_orbitals_Hamiltonian_1177_paulis.txt,0.1,0.7854,14,,,,,error,"[DBG] Expected error: 0.100000;   t: 0.785400
[DBG] Analyzing DataSet1/dir_200_2500/JW_C2_sto3g_10_electrons_16_spin_orbitals_Hamiltonian_1177_paulis.txt:
[DBG] Length of Pauli String 1177

[DBG] ---- Trotterization (MarQSim) -> IndiAnalog circuits: ----
[DBG] Dealing with 79979 pauli strings; lambda = 80.451692; relaxation factor: 1.001581.
[DBG] trotterMarQSim_IndiAnalog raise EXN: Unix.Unix_error(Unix.E2BIG, ""create_process"", ""/usr/bin/python3"")
Fatal error: exception Unix.Unix_error(Unix.E2BIG, ""create_process"", ""/usr/bin/python3"")"
DataSet1/dir_200_2500/JW_C2_sto3g_12_electrons_18_spin_orbitals_Hamiltonian_1884_paulis.txt,0.1,0.7854,1,18,1884,28465335600,102212451216,ok,
DataSet1/dir_200_2500/JW_C2_sto3g_12_electrons_18_spin_orbitals_Hamiltonian_1884_paulis.txt,0.1,0.7854,2,18,1884,1143377304,2843152704,ok,
DataSet1/dir_200_2500/JW_C2_sto3g_12_electrons_18_spin_orbitals_Hamiltonian_1884_paulis.txt,0.1,0.7854,3,,,,,error,"[DBG] Expected error: 0.100000;   t: 0.785400
[DBG] Analyzing DataSet1/dir_200_2500/JW_C2_sto3g_12_electrons_18_spin_orbitals_Hamiltonian_1884_paulis.txt:
[DBG] Length of Pauli String 1884

[DBG] ---- Trotterization (QDrift) -> IBMDigital circuits: ----
[DBG] Dealing with 237558 pauli strings; lambda = 138.700976; relaxation factor: 1.000918.
decompose to voqc
convert to full gate set
[DBG] trotterQDrift_IBMDigital raise EXN: Dune__exe__Qblue_util.Parse_timeout(600)
Fatal error: exception Dune__exe__Qblue_util.Parse_timeout(600)"
DataSet1/dir_200_2500/JW_C2_sto3g_12_electrons_18_spin_orbitals_Hamiltonian_1884_paulis.txt,0.1,0.7854,4,,,,,error,"[DBG] Expected error: 0.100000;   t: 0.785400
[DBG] Analyzing DataSet1/dir_200_2500/JW_C2_sto3g_12_electrons_18_spin_orbitals_Hamiltonian_1884_paulis.txt:
[DBG] Length of Pauli String 1884

[DBG] ---- Trotterization (MarQSim) -> IBMDigital circuits: ----
[DBG] Dealing with 237558 pauli strings; lambda = 138.700976; relaxation factor: 1.000918.
[DBG] trotterMarQSim_IBMDigital raise EXN: Unix.Unix_error(Unix.E2BIG, ""create_process"", ""/usr/bin/python3"")
Fatal error: exception Unix.Unix_error(Unix.E2BIG, ""create_process"", ""/usr/bin/python3"")"
DataSet1/dir_200_2500/JW_C2_sto3g_12_electrons_18_spin_orbitals_Hamiltonian_1884_paulis.txt,0.1,0.7854,11,18,1884,1052604317664,41252840208,ok,
DataSet1/dir_200_2500/JW_C2_sto3g_12_electrons_18_spin_orbitals_Hamiltonian_1884_paulis.txt,0.1,0.7854,12,18,1884,29104905312,559367136,ok,
DataSet1/dir_200_2500/JW_C2_sto3g_12_electrons_18_spin_orbitals_Hamiltonian_1884_paulis.txt,0.1,0.7854,13,,,,,error,"[DBG] Expected error: 0.100000;   t: 0.785400
[DBG] Analyzing DataSet1/dir_200_2500/JW_C2_sto3g_12_electrons_18_spin_orbitals_Hamiltonian_1884_paulis.txt:
[DBG] Length of Pauli String 1884

[DBG] ---- Trotterization (QDrift) -> IndiAnalog circuits: ----
[DBG] Dealing with 237558 pauli strings; lambda = 138.700976; relaxation factor: 1.000918.
[DBG] trotterQDrift_IndiAnalog raise EXN: Dune__exe__Qblue_util.Parse_timeout(600)
Fatal error: exception Dune__exe__Qblue_util.Parse_timeout(600)"
DataSet1/dir_200_2500/JW_C2_sto3g_12_electrons_18_spin_orbitals_Hamiltonian_1884_paulis.txt,0.1,0.7854,14,,,,,error,"[DBG] Expected error: 0.100000;   t: 0.785400
[DBG] Analyzing DataSet1/dir_200_2500/JW_C2_sto3g_12_electrons_18_spin_orbitals_Hamiltonian_1884_paulis.txt:
[DBG] Length of Pauli String 1884

[DBG] ---- Trotterization (MarQSim) -> IndiAnalog circuits: ----
[DBG] Dealing with 237558 pauli strings; lambda = 138.700976; relaxation factor: 1.000918.
[DBG] trotterMarQSim_IndiAnalog raise EXN: Unix.Unix_error(Unix.E2BIG, ""create_process"", ""/usr/bin/python3"")
Fatal error: exception Unix.Unix_error(Unix.E2BIG, ""create_process"", ""/usr/bin/python3"")"
DataSet1/dir_200_2500/JW_H2O_sto3g_10_electrons_14_spin_orbitals_Hamiltonian_1654_paulis.txt,0.1,0.7854,1,14,1654,26074424250,73734083850,ok,
DataSet1/dir_200_2500/JW_H2O_sto3g_10_electrons_14_spin_orbitals_Hamiltonian_1654_paulis.txt,0.1,0.7854,2,14,1654,942387120,2127947265,ok,
DataSet1/dir_200_2500/JW_H2O_sto3g_10_electrons_14_spin_orbitals_Hamiltonian_1654_paulis.txt,0.1,0.7854,3,,,,,error,"[DBG] Expected error: 0.100000;   t: 0.785400
[DBG] Analyzing DataSet1/dir_200_2500/JW_H2O_sto3g_10_electrons_14_spin_orbitals_Hamiltonian_1654_paulis.txt:
[DBG] Length of Pauli String 1654

[DBG] ---- Trotterization (QDrift) -> IBMDigital circuits: ----
[DBG] Dealing with 182672 pauli strings; lambda = 121.618886; relaxation factor: 1.001046.
decompose to voqc
convert to full gate set
[DBG] trotterQDrift_IBMDigital raise EXN: Dune__exe__Qblue_util.Parse_timeout(600)
Fatal error: exception Dune__exe__Qblue_util.Parse_timeout(600)"
DataSet1/dir_200_2500/JW_H2O_sto3g_10_electrons_14_spin_orbitals_Hamiltonian_1654_paulis.txt,0.1,0.7854,4,,,,,error,"[DBG] Expected error: 0.100000;   t: 0.785400
[DBG] Analyzing DataSet1/dir_200_2500/JW_H2O_sto3g_10_electrons_14_spin_orbitals_Hamiltonian_1654_paulis.txt:
[DBG] Length of Pauli String 1654

[DBG] ---- Trotterization (MarQSim) -> IBMDigital circuits: ----
[DBG] Dealing with 182672 pauli strings; lambda = 121.618886; relaxation factor: 1.001046.
[DBG] trotterMarQSim_IBMDigital raise EXN: Unix.Unix_error(Unix.E2BIG, ""create_process"", ""/usr/bin/python3"")
Fatal error: exception Unix.Unix_error(Unix.E2BIG, ""create_process"", ""/usr/bin/python3"")"
DataSet1/dir_200_2500/JW_H2O_sto3g_10_electrons_14_spin_orbitals_Hamiltonian_1654_paulis.txt,0.1,0.7854,11,14,1654,545318314800,27913979100,ok,
DataSet1/dir_200_2500/JW_H2O_sto3g_10_electrons_14_spin_orbitals_Hamiltonian_1654_paulis.txt,0.1,0.7854,12,14,1654,16198011810,404229330,ok,
DataSet1/dir_200_2500/JW_H2O_sto3g_10_electrons_14_spin_orbitals_Hamiltonian_1654_paulis.txt,0.1,0.7854,13,,,,,error,"[DBG] Expected error: 0.100000;   t: 0.785400
[DBG] Analyzing DataSet1/dir_200_2500/JW_H2O_sto3g_10_electrons_14_spin_orbitals_Hamiltonian_1654_paulis.txt:
[DBG] Length of Pauli String 1654

[DBG] ---- Trotterization (QDrift) -> IndiAnalog circuits: ----
[DBG] Dealing with 182672 pauli strings; lambda = 121.618886; relaxation factor: 1.001046.
[DBG] trotterQDrift_IndiAnalog raise EXN: Dune__exe__Qblue_util.Parse_timeout(600)
Fatal error: exception Dune__exe__Qblue_util.Parse_timeout(600)"
DataSet1/dir_200_2500/JW_H2O_sto3g_10_electrons_14_spin_orbitals_Hamiltonian_1654_paulis.txt,0.1,0.7854,14,,,,,error,"[DBG] Expected error: 0.100000;   t: 0.785400
[DBG] Analyzing DataSet1/dir_200_2500/JW_H2O_sto3g_10_electrons_14_spin_orbitals_Hamiltonian_1654_paulis.txt:
[DBG] Length of Pauli String 1654

[DBG] ---- Trotterization (MarQSim) -> IndiAnalog circuits: ----
[DBG] Dealing with 182672 pauli strings; lambda = 121.618886; relaxation factor: 1.001046.
[DBG] trotterMarQSim_IndiAnalog raise EXN: Unix.Unix_error(Unix.E2BIG, ""create_process"", ""/usr/bin/python3"")
Fatal error: exception Unix.Unix_error(Unix.E2BIG, ""create_process"", ""/usr/bin/python3"")"
DataSet1/dir_200_2500/JW_H2O_sto3g_8_electrons_12_spin_orbitals_Hamiltonian_1219_paulis.txt,0.1,0.7854,1,12,1219,12228984770,34046813670,ok,
DataSet1/dir_200_2500/JW_H2O_sto3g_8_electrons_12_spin_orbitals_Hamiltonian_1219_paulis.txt,0.1,0.7854,2,12,1219,447982368,1031041024,ok,
DataSet1/dir_200_2500/JW_H2O_sto3g_8_electrons_12_spin_orbitals_Hamiltonian_1219_paulis.txt,0.1,0.7854,3,12,1219,11092,20639,ok,
DataSet1/dir_200_2500/JW_H2O_sto3g_8_electrons_12_spin_orbitals_Hamiltonian_1219_paulis.txt,0.1,0.7854,4,,,,,error,"[DBG] Expected error: 0.100000;   t: 0.785400
[DBG] Analyzing DataSet1/dir_200_2500/JW_H2O_sto3g_8_electrons_12_spin_orbitals_Hamiltonian_1219_paulis.txt:
[DBG] Length of Pauli String 1219

[DBG] ---- Trotterization (MarQSim) -> IBMDigital circuits: ----
[DBG] Dealing with 21888 pauli strings; lambda = 42.055417; relaxation factor: 1.003023.
[DBG] trotterMarQSim_IBMDigital raise EXN: Unix.Unix_error(Unix.E2BIG, ""create_process"", ""/usr/bin/python3"")
Fatal error: exception Unix.Unix_error(Unix.E2BIG, ""create_process"", ""/usr/bin/python3"")"
DataSet1/dir_200_2500/JW_H2O_sto3g_8_electrons_12_spin_orbitals_Hamiltonian_1219_paulis.txt,0.1,0.7854,11,12,1219,187523322680,11174761945,ok,
DataSet1/dir_200_2500/JW_H2O_sto3g_8_electrons_12_spin_orbitals_Hamiltonian_1219_paulis.txt,0.1,0.7854,12,12,1219,6526260424,188827976,ok,
DataSet1/dir_200_2500/JW_H2O_sto3g_8_electrons_12_spin_orbitals_Hamiltonian_1219_paulis.txt,0.1,0.7854,13,12,1219,154254,21888,ok,
DataSet1/dir_200_2500/JW_H2O_sto3g_8_electrons_12_spin_orbitals_Hamiltonian_1219_paulis.txt,0.1,0.7854,14,,,,,error,"[DBG] Expected error: 0.100000;   t: 0.785400
[DBG] Analyzing DataSet1/dir_200_2500/JW_H2O_sto3g_8_electrons_12_spin_orbitals_Hamiltonian_1219_paulis.txt:
[DBG] Length of Pauli String 1219

[DBG] ---- Trotterization (MarQSim) -> IndiAnalog circuits: ----
[DBG] Dealing with 21888 pauli strings; lambda = 42.055417; relaxation factor: 1.003023.
[DBG] trotterMarQSim_IndiAnalog raise EXN: Unix.Unix_error(Unix.E2BIG, ""create_process"", ""/usr/bin/python3"")
Fatal error: exception Unix.Unix_error(Unix.E2BIG, ""create_process"", ""/usr/bin/python3"")"
DataSet1/dir_200_2500/JW_LiH_sto3g_4_electrons_12_spin_orbitals_Hamiltonian_631_paulis.txt,0.1,0.7854,1,12,631,1520613735,4274423100,ok,
DataSet1/dir_200_2500/JW_LiH_sto3g_4_electrons_12_spin_orbitals_Hamiltonian_631_paulis.txt,0.1,0.7854,2,12,631,94611936,173571162,ok,
DataSet1/dir_200_2500/JW_LiH_sto3g_4_electrons_12_spin_orbitals_Hamiltonian_631_paulis.txt,0.1,0.7854,3,12,631,1770,4028,ok,
DataSet1/dir_200_2500/JW_LiH_sto3g_4_electrons_12_spin_orbitals_Hamiltonian_631_paulis.txt,0.1,0.7854,4,12,631,1711,3774,ok,
DataSet1/dir_200_2500/JW_LiH_sto3g_4_electrons_12_spin_orbitals_Hamiltonian_631_paulis.txt,0.1,0.7854,11,12,631,27238392720,1550092515,ok,
DataSet1/dir_200_2500/JW_LiH_sto3g_4_electrons_12_spin_orbitals_Hamiltonian_631_paulis.txt,0.1,0.7854,12,12,631,1322190211,36580963,ok,
DataSet1/dir_200_2500/JW_LiH_sto3g_4_electrons_12_spin_orbitals_Hamiltonian_631_paulis.txt,0.1,0.7854,13,12,631,30258,3810,ok,
DataSet1/dir_200_2500/JW_LiH_sto3g_4_electrons_12_spin_orbitals_Hamiltonian_631_paulis.txt,0.1,0.7854,14,12,631,30062,3810,ok,
DataSet1/dir_200_2500/JW_N2_sto3g_10_electrons_16_spin_orbitals_Hamiltonian_1177_paulis.txt,0.1,0.7854,1,16,1177,8811308501,27109088812,ok,
DataSet1/dir_200_2500/JW_N2_sto3g_10_electrons_16_spin_orbitals_Hamiltonian_1177_paulis.txt,0.1,0.7854,2,16,1177,388229641,806741488,ok,
DataSet1/dir_200_2500/JW_N2_sto3g_10_electrons_16_spin_orbitals_Hamiltonian_1177_paulis.txt,0.1,0.7854,3,,,,,error,"[DBG] Expected error: 0.100000;   t: 0.785400
[DBG] Analyzing DataSet1/dir_200_2500/JW_N2_sto3g_10_electrons_16_spin_orbitals_Hamiltonian_1177_paulis.txt:
[DBG] Length of Pauli String 1177

[DBG] ---- Trotterization (QDrift) -> IBMDigital circuits: ----
[DBG] Dealing with 45441 pauli strings; lambda = 60.625823; relaxation factor: 1.002098.
decompose to voqc
convert to full gate set
convert to rzq"
DataSet1/dir_200_2500/JW_N2_sto3g_10_electrons_16_spin_orbitals_Hamiltonian_1177_paulis.txt,0.1,0.7854,4,,,,,error,"[DBG] Expected error: 0.100000;   t: 0.785400
[DBG] Analyzing DataSet1/dir_200_2500/JW_N2_sto3g_10_electrons_16_spin_orbitals_Hamiltonian_1177_paulis.txt:
[DBG] Length of Pauli String 1177

[DBG] ---- Trotterization (MarQSim) -> IBMDigital circuits: ----
[DBG] Dealing with 45441 pauli strings; lambda = 60.625823; relaxation factor: 1.002098.
[DBG] trotterMarQSim_IBMDigital raise EXN: Unix.Unix_error(Unix.E2BIG, ""create_process"", ""/usr/bin/python3"")
Fatal error: exception Unix.Unix_error(Unix.E2BIG, ""create_process"", ""/usr/bin/python3"")"
DataSet1/dir_200_2500/JW_N2_sto3g_10_electrons_16_spin_orbitals_Hamiltonian_1177_paulis.txt,0.1,0.7854,11,16,1177,230273420224,10059078667,ok,
DataSet1/dir_200_2500/JW_N2_sto3g_10_electrons_16_spin_orbitals_Hamiltonian_1177_paulis.txt,0.1,0.7854,12,16,1177,8094610065,173020177,ok,
DataSet1/dir_200_2500/JW_N2_sto3g_10_electrons_16_spin_orbitals_Hamiltonian_1177_paulis.txt,0.1,0.7854,13,,,,,error,"[DBG] Expected error: 0.100000;   t: 0.785400
[DBG] Analyzing DataSet1/dir_200_2500/JW_N2_sto3g_10_electrons_16_spin_orbitals_Hamiltonian_1177_paulis.txt:
[DBG] Length of Pauli String 1177

[DBG] ---- Trotterization (QDrift) -> IndiAnalog circuits: ----
[DBG] Dealing with 45441 pauli strings; lambda = 60.625823; relaxation factor: 1.002098.
[DBG] trotterQDrift_IndiAnalog raise EXN: Dune__exe__Qblue_util.Parse_timeout(600)
Fatal error: exception Dune__exe__Qblue_util.Parse_timeout(600)"
DataSet1/dir_200_2500/JW_N2_sto3g_10_electrons_16_spin_orbitals_Hamiltonian_1177_paulis.txt,0.1,0.7854,14,,,,,error,"[DBG] Expected error: 0.100000;   t: 0.785400
[DBG] Analyzing DataSet1/dir_200_2500/JW_N2_sto3g_10_electrons_16_spin_orbitals_Hamiltonian_1177_paulis.txt:
[DBG] Length of Pauli String 1177

[DBG] ---- Trotterization (MarQSim) -> IndiAnalog circuits: ----
[DBG] Dealing with 45441 pauli strings; lambda = 60.625823; relaxation factor: 1.002098.
[DBG] trotterMarQSim_IndiAnalog raise EXN: Unix.Unix_error(Unix.E2BIG, ""create_process"", ""/usr/bin/python3"")
Fatal error: exception Unix.Unix_error(Unix.E2BIG, ""create_process"", ""/usr/bin/python3"")"
DataSet1/dir_200_2500/JW_N2_sto3g_12_electrons_18_spin_orbitals_Hamiltonian_1884_paulis.txt,0.1,0.7854,1,18,1884,30304634208,103438650288,ok,
DataSet1/dir_200_2500/JW_N2_sto3g_12_electrons_18_spin_orbitals_Hamiltonian_1884_paulis.txt,0.1,0.7854,2,18,1884,1180490304,2346135408,ok,
DataSet1/dir_200_2500/JW_N2_sto3g_12_electrons_18_spin_orbitals_Hamiltonian_1884_paulis.txt,0.1,0.7854,3,,,,,error,"[DBG] Expected error: 0.100000;   t: 0.785400
[DBG] Analyzing DataSet1/dir_200_2500/JW_N2_sto3g_12_electrons_18_spin_orbitals_Hamiltonian_1884_paulis.txt:
[DBG] Length of Pauli String 1884

[DBG] ---- Trotterization (QDrift) -> IBMDigital circuits: ----
[DBG] Dealing with 187027 pauli strings; lambda = 123.060928; relaxation factor: 1.001034.
decompose to voqc
convert to full gate set
[DBG] trotterQDrift_IBMDigital raise EXN: Dune__exe__Qblue_util.Parse_timeout(600)
Fatal error: exception Dune__exe__Qblue_util.Parse_timeout(600)"
DataSet1/dir_200_2500/JW_N2_sto3g_12_electrons_18_spin_orbitals_Hamiltonian_1884_paulis.txt,0.1,0.7854,4,,,,,error,"[DBG] Expected error: 0.100000;   t: 0.785400
[DBG] Analyzing DataSet1/dir_200_2500/JW_N2_sto3g_12_electrons_18_spin_orbitals_Hamiltonian_1884_paulis.txt:
[DBG] Length of Pauli String 1884

[DBG] ---- Trotterization (MarQSim) -> IBMDigital circuits: ----
[DBG] Dealing with 187027 pauli strings; lambda = 123.060928; relaxation factor: 1.001034.
[DBG] trotterMarQSim_IBMDigital raise EXN: Unix.Unix_error(Unix.E2BIG, ""create_process"", ""/usr/bin/python3"")
Fatal error: exception Unix.Unix_error(Unix.E2BIG, ""create_process"", ""/usr/bin/python3"")"
DataSet1/dir_200_2500/JW_N2_sto3g_12_electrons_18_spin_orbitals_Hamiltonian_1884_paulis.txt,0.1,0.7854,11,18,1884,1073624873184,41252840208,ok,
DataSet1/dir_200_2500/JW_N2_sto3g_12_electrons_18_spin_orbitals_Hamiltonian_1884_paulis.txt,0.1,0.7854,12,18,1884,29674960992,559367136,ok,
DataSet1/dir_200_2500/JW_N2_sto3g_12_electrons_18_spin_orbitals_Hamiltonian_1884_paulis.txt,0.1,0.7854,13,,,,,error,"[DBG] Expected error: 0.100000;   t: 0.785400
[DBG] Analyzing DataSet1/dir_200_2500/JW_N2_sto3g_12_electrons_18_spin_orbitals_Hamiltonian_1884_paulis.txt:
[DBG] Length of Pauli String 1884

[DBG] ---- Trotterization (QDrift) -> IndiAnalog circuits: ----
[DBG] Dealing with 187027 pauli strings; lambda = 123.060928; relaxation factor: 1.001034.
[DBG] trotterQDrift_IndiAnalog raise EXN: Dune__exe__Qblue_util.Parse_timeout(600)
Fatal error: exception Dune__exe__Qblue_util.Parse_timeout(600)"
DataSet1/dir_200_2500/JW_N2_sto3g_12_electrons_18_spin_orbitals_Hamiltonian_1884_paulis.txt,0.1,0.7854,14,,,,,error,"[DBG] Expected error: 0.100000;   t: 0.785400
[DBG] Analyzing DataSet1/dir_200_2500/JW_N2_sto3g_12_electrons_18_spin_orbitals_Hamiltonian_1884_paulis.txt:
[DBG] Length of Pauli String 1884

[DBG] ---- Trotterization (MarQSim) -> IndiAnalog circuits: ----
[DBG] Dealing with 187027 pauli strings; lambda = 123.060928; relaxation factor: 1.001034.
[DBG] trotterMarQSim_IndiAnalog raise EXN: Unix.Unix_error(Unix.E2BIG, ""create_process"", ""/usr/bin/python3"")
Fatal error: exception Unix.Unix_error(Unix.E2BIG, ""create_process"", ""/usr/bin/python3"")"
DataSet1/dir_200_2500/JW_NH3_sto3g_8_electrons_12_spin_orbitals_Hamiltonian_915_paulis.txt,0.1,0.7854,1,12,915,5330453376,15366374800,ok,
DataSet1/dir_200_2500/JW_NH3_sto3g_8_electrons_12_spin_orbitals_Hamiltonian_915_paulis.txt,0.1,0.7854,2,12,915,268277256,534031212,ok,
DataSet1/dir_200_2500/JW_NH3_sto3g_8_electrons_12_spin_orbitals_Hamiltonian_915_paulis.txt,0.1,0.7854,3,12,915,9148,19328,ok,
DataSet1/dir_200_2500/JW_NH3_sto3g_8_electrons_12_spin_orbitals_Hamiltonian_915_paulis.txt,0.1,0.7854,4,,,,,error,"[DBG] Expected error: 0.100000;   t: 0.785400
[DBG] Analyzing DataSet1/dir_200_2500/JW_NH3_sto3g_8_electrons_12_spin_orbitals_Hamiltonian_915_paulis.txt:
[DBG] Length of Pauli String 915

[DBG] ---- Trotterization (MarQSim) -> IBMDigital circuits: ----
[DBG] Dealing with 18360 pauli strings; lambda = 38.512463; relaxation factor: 1.003300.
[DBG] trotterMarQSim_IBMDigital raise EXN: Unix.Unix_error(Unix.E2BIG, ""create_process"", ""/usr/bin/python3"")
Fatal error: exception Unix.Unix_error(Unix.E2BIG, ""create_process"", ""/usr/bin/python3"")"
DataSet1/dir_200_2500/JW_NH3_sto3g_8_electrons_12_spin_orbitals_Hamiltonian_915_paulis.txt,0.1,0.7854,11,12,915,77064306560,4726128720,ok,
DataSet1/dir_200_2500/JW_NH3_sto3g_8_electrons_12_spin_orbitals_Hamiltonian_915_paulis.txt,0.1,0.7854,12,12,915,3104163660,92352780,ok,
DataSet1/dir_200_2500/JW_NH3_sto3g_8_electrons_12_spin_orbitals_Hamiltonian_915_paulis.txt,0.1,0.7854,13,12,915,129270,18360,ok,
DataSet1/dir_200_2500/JW_NH3_sto3g_8_electrons_12_spin_orbitals_Hamiltonian_915_paulis.txt,0.1,0.7854,14,,,,,error,"[DBG] Expected error: 0.100000;   t: 0.785400
[DBG] Analyzing DataSet1/dir_200_2500/JW_NH3_sto3g_8_electrons_12_spin_orbitals_Hamiltonian_915_paulis.txt:
[DBG] Length of Pauli String 915

[DBG] ---- Trotterization (MarQSim) -> IndiAnalog circuits: ----
[DBG] Dealing with 18360 pauli strings; lambda = 38.512463; relaxation factor: 1.003300.
[DBG] trotterMarQSim_IndiAnalog raise EXN: Unix.Unix_error(Unix.E2BIG, ""create_process"", ""/usr/bin/python3"")
Fatal error: exception Unix.Unix_error(Unix.E2BIG, ""create_process"", ""/usr/bin/python3"")"
DataSet1/dir_200_2500/JW_NH3_sto3g_8_electrons_14_spin_orbitals_Hamiltonian_1734_paulis.txt,0.1,0.7854,1,14,1734,30883472280,94097210136,ok,
DataSet1/dir_200_2500/JW_NH3_sto3g_8_electrons_14_spin_orbitals_Hamiltonian_1734_paulis.txt,0.1,0.7854,2,14,1734,1182588957,2609354077,ok,
DataSet1/dir_200_2500/JW_NH3_sto3g_8_electrons_14_spin_orbitals_Hamiltonian_1734_paulis.txt,0.1,0.7854,3,,,,,error,"[DBG] Expected error: 0.100000;   t: 0.785400
[DBG] Analyzing DataSet1/dir_200_2500/JW_NH3_sto3g_8_electrons_14_spin_orbitals_Hamiltonian_1734_paulis.txt:
[DBG] Length of Pauli String 1734

[DBG] ---- Trotterization (QDrift) -> IBMDigital circuits: ----
[DBG] Dealing with 24144 pauli strings; lambda = 44.173654; relaxation factor: 1.002878.
decompose to voqc
convert to full gate set
convert to rzq"
DataSet1/dir_200_2500/JW_NH3_sto3g_8_electrons_14_spin_orbitals_Hamiltonian_1734_paulis.txt,0.1,0.7854,4,,,,,error,"[DBG] Expected error: 0.100000;   t: 0.785400
[DBG] Analyzing DataSet1/dir_200_2500/JW_NH3_sto3g_8_electrons_14_spin_orbitals_Hamiltonian_1734_paulis.txt:
[DBG] Length of Pauli String 1734

[DBG] ---- Trotterization (MarQSim) -> IBMDigital circuits: ----
[DBG] Dealing with 24144 pauli strings; lambda = 44.173654; relaxation factor: 1.002878.
[DBG] trotterMarQSim_IBMDigital raise EXN: Unix.Unix_error(Unix.E2BIG, ""create_process"", ""/usr/bin/python3"")
Fatal error: exception Unix.Unix_error(Unix.E2BIG, ""create_process"", ""/usr/bin/python3"")"
DataSet1/dir_200_2500/JW_NH3_sto3g_8_electrons_14_spin_orbitals_Hamiltonian_1734_paulis.txt,0.1,0.7854,11,14,1734,637776162688,32163327888,ok,
DataSet1/dir_200_2500/JW_NH3_sto3g_8_electrons_14_spin_orbitals_Hamiltonian_1734_paulis.txt,0.1,0.7854,12,14,1734,18490771046,454781382,ok,
DataSet1/dir_200_2500/JW_NH3_sto3g_8_electrons_14_spin_orbitals_Hamiltonian_1734_paulis.txt,0.1,0.7854,13,14,1734,235432,24144,ok,
DataSet1/dir_200_2500/JW_NH3_sto3g_8_electrons_14_spin_orbitals_Hamiltonian_1734_paulis.txt,0.1,0.7854,14,,,,,error,"[DBG] Expected error: 0.100000;   t: 0.785400
[DBG] Analyzing DataSet1/dir_200_2500/JW_NH3_sto3g_8_electrons_14_spin_orbitals_Hamiltonian_1734_paulis.txt:
[DBG] Length of Pauli String 1734

[DBG] ---- Trotterization (MarQSim) -> IndiAnalog circuits: ----
[DBG] Dealing with 24144 pauli strings; lambda = 44.173654; relaxation factor: 1.002878.
[DBG] trotterMarQSim_IndiAnalog raise EXN: Unix.Unix_error(Unix.E2BIG, ""create_process"", ""/usr/bin/python3"")
Fatal error: exception Unix.Unix_error(Unix.E2BIG, ""create_process"", ""/usr/bin/python3"")"
DataSet1/dir_200_2500/JW_ethylene_sto3g_10_electrons_16_spin_orbitals_Hamiltonian_789_paulis.txt,0.1,0.7854,1,16,789,2496429650,7984734219,ok,
DataSet1/dir_200_2500/JW_ethylene_sto3g_10_electrons_16_spin_orbitals_Hamiltonian_789_paulis.txt,0.1,0.7854,2,16,789,159552548,339898709,ok,
DataSet1/dir_200_2500/JW_ethylene_sto3g_10_electrons_16_spin_orbitals_Hamiltonian_789_paulis.txt,0.1,0.7854,3,16,789,7727,17738,ok,
DataSet1/dir_200_2500/JW_ethylene_sto3g_10_electrons_16_spin_orbitals_Hamiltonian_789_paulis.txt,0.1,0.7854,4,,,,,error,"[DBG] Expected error: 0.100000;   t: 0.785400
[DBG] Analyzing DataSet1/dir_200_2500/JW_ethylene_sto3g_10_electrons_16_spin_orbitals_Hamiltonian_789_paulis.txt:
[DBG] Length of Pauli String 789

[DBG] ---- Trotterization (MarQSim) -> IBMDigital circuits: ----
[DBG] Dealing with 22062 pauli strings; lambda = 42.223338; relaxation factor: 1.003011.
[DBG] trotterMarQSim_IBMDigital raise EXN: Unix.Unix_error(Unix.E2BIG, ""create_process"", ""/usr/bin/python3"")
Fatal error: exception Unix.Unix_error(Unix.E2BIG, ""create_process"", ""/usr/bin/python3"")"
DataSet1/dir_200_2500/JW_ethylene_sto3g_10_electrons_16_spin_orbitals_Hamiltonian_789_paulis.txt,0.1,0.7854,11,16,789,69562052032,3030281529,ok,
DataSet1/dir_200_2500/JW_ethylene_sto3g_10_electrons_16_spin_orbitals_Hamiltonian_789_paulis.txt,0.1,0.7854,12,16,789,2994684817,63837201,ok,
DataSet1/dir_200_2500/JW_ethylene_sto3g_10_electrons_16_spin_orbitals_Hamiltonian_789_paulis.txt,0.1,0.7854,13,16,789,175556,22062,ok,
DataSet1/dir_200_2500/JW_ethylene_sto3g_10_electrons_16_spin_orbitals_Hamiltonian_789_paulis.txt,0.1,0.7854,14,,,,,error,"[DBG] Expected error: 0.100000;   t: 0.785400
[DBG] Analyzing DataSet1/dir_200_2500/JW_ethylene_sto3g_10_electrons_16_spin_orbitals_Hamiltonian_789_paulis.txt:
[DBG] Length of Pauli String 789

[DBG] ---- Trotterization (MarQSim) -> IndiAnalog circuits: ----
[DBG] Dealing with 22062 pauli strings; lambda = 42.223338; relaxation factor: 1.003011.
[DBG] trotterMarQSim_IndiAnalog raise EXN: Unix.Unix_error(Unix.E2BIG, ""create_process"", ""/usr/bin/python3"")
Fatal error: exception Unix.Unix_error(Unix.E2BIG, ""create_process"", ""/usr/bin/python3"")"
DataSet1/dir_200_2500/JW_ethylene_sto3g_12_electrons_20_spin_orbitals_Hamiltonian_2063_paulis.txt,0.1,0.7854,1,20,2063,34971260400,131693575200,ok,
DataSet1/dir_200_2500/JW_ethylene_sto3g_12_electrons_20_spin_orbitals_Hamiltonian_2063_paulis.txt,0.1,0.7854,2,20,2063,1576494980,3484883640,ok,
DataSet1/dir_200_2500/JW_ethylene_sto3g_12_electrons_20_spin_orbitals_Hamiltonian_2063_paulis.txt,0.1,0.7854,3,,,,,error,"[DBG] Expected error: 0.100000;   t: 0.785400
[DBG] Analyzing DataSet1/dir_200_2500/JW_ethylene_sto3g_12_electrons_20_spin_orbitals_Hamiltonian_2063_paulis.txt:
[DBG] Length of Pauli String 2063

[DBG] ---- Trotterization (QDrift) -> IBMDigital circuits: ----
[DBG] Dealing with 63452 pauli strings; lambda = 71.651881; relaxation factor: 1.001775.
decompose to voqc
convert to full gate set
convert to rzq"
DataSet1/dir_200_2500/JW_ethylene_sto3g_12_electrons_20_spin_orbitals_Hamiltonian_2063_paulis.txt,0.1,0.7854,4,,,,,error,"[DBG] Expected error: 0.100000;   t: 0.785400
[DBG] Analyzing DataSet1/dir_200_2500/JW_ethylene_sto3g_12_electrons_20_spin_orbitals_Hamiltonian_2063_paulis.txt:
[DBG] Length of Pauli String 2063

[DBG] ---- Trotterization (MarQSim) -> IBMDigital circuits: ----
[DBG] Dealing with 63452 pauli strings; lambda = 71.651881; relaxation factor: 1.001775.
[DBG] trotterMarQSim_IBMDigital raise EXN: Unix.Unix_error(Unix.E2BIG, ""create_process"", ""/usr/bin/python3"")
Fatal error: exception Unix.Unix_error(Unix.E2BIG, ""create_process"", ""/usr/bin/python3"")"
DataSet1/dir_200_2500/JW_ethylene_sto3g_12_electrons_20_spin_orbitals_Hamiltonian_2063_paulis.txt,0.1,0.7854,11,20,2063,1635772828800,54163446100,ok,
DataSet1/dir_200_2500/JW_ethylene_sto3g_12_electrons_20_spin_orbitals_Hamiltonian_2063_paulis.txt,0.1,0.7854,12,20,2063,43075106905,701533465,ok,
DataSet1/dir_200_2500/JW_ethylene_sto3g_12_electrons_20_spin_orbitals_Hamiltonian_2063_paulis.txt,0.1,0.7854,13,,,,,error,"[DBG] Expected error: 0.100000;   t: 0.785400
[DBG] Analyzing DataSet1/dir_200_2500/JW_ethylene_sto3g_12_electrons_20_spin_orbitals_Hamiltonian_2063_paulis.txt:
[DBG] Length of Pauli String 2063

[DBG] ---- Trotterization (QDrift) -> IndiAnalog circuits: ----
[DBG] Dealing with 63452 pauli strings; lambda = 71.651881; relaxation factor: 1.001775.
[DBG] trotterQDrift_IndiAnalog raise EXN: Dune__exe__Qblue_util.Parse_timeout(600)
Fatal error: exception Dune__exe__Qblue_util.Parse_timeout(600)"
DataSet1/dir_200_2500/JW_ethylene_sto3g_12_electrons_20_spin_orbitals_Hamiltonian_2063_paulis.txt,0.1,0.7854,14,,,,,error,"[DBG] Expected error: 0.100000;   t: 0.785400
[DBG] Analyzing DataSet1/dir_200_2500/JW_ethylene_sto3g_12_electrons_20_spin_orbitals_Hamiltonian_2063_paulis.txt:
[DBG] Length of Pauli String 2063

[DBG] ---- Trotterization (MarQSim) -> IndiAnalog circuits: ----
[DBG] Dealing with 63452 pauli strings; lambda = 71.651881; relaxation factor: 1.001775.
[DBG] trotterMarQSim_IndiAnalog raise EXN: Unix.Unix_error(Unix.E2BIG, ""create_process"", ""/usr/bin/python3"")
Fatal error: exception Unix.Unix_error(Unix.E2BIG, ""create_process"", ""/usr/bin/python3"")"
DataSet1/dir_200_2500/MarqSim_BeH2_f.txt,0.1,0.7854,1,12,661,1674017901,5394057681,ok,
DataSet1/dir_200_2500/MarqSim_BeH2_f.txt,0.1,0.7854,2,12,661,94314858,215408177,ok,
DataSet1/dir_200_2500/MarqSim_BeH2_f.txt,0.1,0.7854,3,12,661,5503,10596,ok,
DataSet1/dir_200_2500/MarqSim_BeH2_f.txt,0.1,0.7854,4,12,661,5263,10205,ok,
DataSet1/dir_200_2500/MarqSim_BeH2_f.txt,0.1,0.7854,11,12,661,22050670580,1781845141,ok,
DataSet1/dir_200_2500/MarqSim_BeH2_f.txt,0.1,0.7854,12,12,661,1057531751,41068591,ok,
DataSet1/dir_200_2500/MarqSim_BeH2_f.txt,0.1,0.7854,13,12,661,75718,5731,ok,
DataSet1/dir_200_2500/MarqSim_BeH2_f.txt,0.1,0.7854,14,12,661,74520,5731,ok,
DataSet1/dir_200_2500/MarqSim_BeH2_unf.txt,0.1,0.7854,1,14,661,1609321557,4393960030,ok,
DataSet1/dir_200_2500/MarqSim_BeH2_unf.txt,0.1,0.7854,2,14,661,104007294,225038482,ok,
DataSet1/dir_200_2500/MarqSim_BeH2_unf.txt,0.1,0.7854,3,14,661,3791,8665,ok,
DataSet1/dir_200_2500/MarqSim_BeH2_unf.txt,0.1,0.7854,4,14,661,3765,8470,ok,
DataSet1/dir_200_2500/MarqSim_BeH2_unf.txt,0.1,0.7854,11,14,661,37890492136,1781845141,ok,
DataSet1/dir_200_2500/MarqSim_BeH2_unf.txt,0.1,0.7854,12,14,661,1787695263,41068591,ok,
DataSet1/dir_200_2500/MarqSim_BeH2_unf.txt,0.1,0.7854,13,14,661,69940,5731,ok,
DataSet1/dir_200_2500/MarqSim_BeH2_unf.txt,0.1,0.7854,14,14,661,69512,5731,ok,
DataSet1/dir_200_2500/MarqSim_H2O.txt,0.1,0.7854,1,12,550,1401676163,3032921125,ok,
DataSet1/dir_200_2500/MarqSim_H2O.txt,0.1,0.7854,2,12,550,76804110,152143935,ok,
DataSet1/dir_200_2500/MarqSim_H2O.txt,0.1,0.7854,3,12,550,7457,16625,ok,
DataSet1/dir_200_2500/MarqSim_H2O.txt,0.1,0.7854,4,12,550,7352,16149,ok,
DataSet1/dir_200_2500/MarqSim_H2O.txt,0.1,0.7854,11,12,550,17827976976,1026527150,ok,
DataSet1/dir_200_2500/MarqSim_H2O.txt,0.1,0.7854,12,12,550,928356690,25979250,ok,
DataSet1/dir_200_2500/MarqSim_H2O.txt,0.1,0.7854,13,12,550,112404,9143,ok,
DataSet1/dir_200_2500/MarqSim_H2O.txt,0.1,0.7854,14,12,550,112998,9143,ok,
DataSet1/dir_200_2500/MarqSim_HF.txt,0.1,0.7854,1,10,275,225421896,423774496,ok,
DataSet1/dir_200_2500/MarqSim_HF.txt,0.1,0.7854,2,10,275,14271840,25985520,ok,
DataSet1/dir_200_2500/MarqSim_HF.txt,0.1,0.7854,3,10,275,3831,8428,ok,
DataSet1/dir_200_2500/MarqSim_HF.txt,0.1,0.7854,4,10,275,3719,7954,ok,
DataSet1/dir_200_2500/MarqSim_HF.txt,0.1,0.7854,11,10,275,1922853440,128345800,ok,
DataSet1/dir_200_2500/MarqSim_HF.txt,0.1,0.7854,12,10,275,143307450,4628250,ok,
DataSet1/dir_200_2500/MarqSim_HF.txt,0.1,0.7854,13,10,275,70768,7399,ok,
DataSet1/dir_200_2500/MarqSim_HF.txt,0.1,0.7854,14,10,275,70528,7399,ok,
DataSet1/dir_200_2500/MarqSim_LiH_f.txt,0.1,0.7854,1,10,275,225421896,423774496,ok,
DataSet1/dir_200_2500/MarqSim_LiH_f.txt,0.1,0.7854,2,10,275,14271840,25985520,ok,
DataSet1/dir_200_2500/MarqSim_LiH_f.txt,0.1,0.7854,3,10,275,656,1391,ok,
DataSet1/dir_200_2500/MarqSim_LiH_f.txt,0.1,0.7854,4,10,275,652,1391,ok,
DataSet1/dir_200_2500/MarqSim_LiH_f.txt,0.1,0.7854,11,10,275,1922853440,128345800,ok,
DataSet1/dir_200_2500/MarqSim_LiH_f.txt,0.1,0.7854,12,10,275,143307450,4628250,ok,
DataSet1/dir_200_2500/MarqSim_LiH_f.txt,0.1,0.7854,13,10,275,10572,991,ok,
DataSet1/dir_200_2500/MarqSim_LiH_f.txt,0.1,0.7854,14,10,275,10570,991,ok,
DataSet1/dir_200_2500/MarqSim_LiH_unf.txt,0.1,0.7854,1,12,614,1509570755,3856499710,ok,
DataSet1/dir_200_2500/MarqSim_LiH_unf.txt,0.1,0.7854,2,12,614,92894871,181337022,ok,
DataSet1/dir_200_2500/MarqSim_LiH_unf.txt,0.1,0.7854,3,12,614,1211,2766,ok,
DataSet1/dir_200_2500/MarqSim_LiH_unf.txt,0.1,0.7854,4,12,614,1247,2895,ok,
DataSet1/dir_200_2500/MarqSim_LiH_unf.txt,0.1,0.7854,11,12,614,24748586800,1428160930,ok,
DataSet1/dir_200_2500/MarqSim_LiH_unf.txt,0.1,0.7854,12,12,614,1218598146,34174626,ok,
DataSet1/dir_200_2500/MarqSim_LiH_unf.txt,0.1,0.7854,13,12,614,21168,1900,ok,
DataSet1/dir_200_2500/MarqSim_LiH_unf.txt,0.1,0.7854,14,12,614,21310,1900,ok,
DataSet1/dir_200_2500/MarqSim_OH-.txt,0.1,0.7854,1,10,275,230089016,432642024,ok,
DataSet1/dir_200_2500/MarqSim_OH-.txt,0.1,0.7854,2,10,275,14423310,24723270,ok,
DataSet1/dir_200_2500/MarqSim_OH-.txt,0.1,0.7854,3,10,275,3074,5899,ok,
DataSet1/dir_200_2500/MarqSim_OH-.txt,0.1,0.7854,4,10,275,2883,6070,ok,
DataSet1/dir_200_2500/MarqSim_OH-.txt,0.1,0.7854,11,10,275,1878049088,128345800,ok,
DataSet1/dir_200_2500/MarqSim_OH-.txt,0.1,0.7854,12,10,275,140076090,4628250,ok,
DataSet1/dir_200_2500/MarqSim_OH-.txt,0.1,0.7854,13,10,275,43490,4290,ok,
DataSet1/dir_200_2500/MarqSim_OH-.txt,0.1,0.7854,14,10,275,43256,4290,ok,
DataSet1/dir_200_2500/MarqSim_SYK1.txt,0.1,0.7854,1,8,210,173662324,416462940,ok,
DataSet1/dir_200_2500/MarqSim_SYK1.txt,0.1,0.7854,2,8,210,14543460,34566084,ok,
DataSet1/dir_200_2500/MarqSim_SYK1.txt,0.1,0.7854,3,,,,,error,"[DBG] Expected error: 0.100000;   t: 0.785400
[DBG] Analyzing DataSet1/dir_200_2500/MarqSim_SYK1.txt:
[DBG] Length of Pauli String 210

[DBG] ---- Trotterization (QDrift) -> IBMDigital circuits: ----
[DBG] Dealing with 133965 pauli strings; lambda = 104.141124; relaxation factor: 1.001222.
decompose to voqc
convert to full gate set"
DataSet1/dir_200_2500/MarqSim_SYK1.txt,0.1,0.7854,4,,,,,error,"[DBG] Expected error: 0.100000;   t: 0.785400
[DBG] Analyzing DataSet1/dir_200_2500/MarqSim_SYK1.txt:
[DBG] Length of Pauli String 210

[DBG] ---- Trotterization (MarQSim) -> IBMDigital circuits: ----
[DBG] Dealing with 133965 pauli strings; lambda = 104.141124; relaxation factor: 1.001222.
decompose to voqc
convert to full gate set"
DataSet1/dir_200_2500/MarqSim_SYK1.txt,0.1,0.7854,11,8,210,757799232,57161580,ok,
DataSet1/dir_200_2500/MarqSim_SYK1.txt,0.1,0.7854,12,8,210,65141172,2367540,ok,
DataSet1/dir_200_2500/MarqSim_SYK1.txt,0.1,0.7854,13,,,,,error,"[DBG] Expected error: 0.100000;   t: 0.785400
[DBG] Analyzing DataSet1/dir_200_2500/MarqSim_SYK1.txt:
[DBG] Length of Pauli String 210

[DBG] ---- Trotterization (QDrift) -> IndiAnalog circuits: ----
[DBG] Dealing with 133965 pauli strings; lambda = 104.141124; relaxation factor: 1.001222.
[DBG] trotterQDrift_IndiAnalog raise EXN: Dune__exe__Qblue_util.Parse_timeout(600)
Fatal error: exception Dune__exe__Qblue_util.Parse_timeout(600)"
DataSet1/dir_200_2500/MarqSim_SYK1.txt,0.1,0.7854,14,,,,,error,"[DBG] Expected error: 0.100000;   t: 0.785400
[DBG] Analyzing DataSet1/dir_200_2500/MarqSim_SYK1.txt:
[DBG] Length of Pauli String 210

[DBG] ---- Trotterization (MarQSim) -> IndiAnalog circuits: ----
[DBG] Dealing with 133965 pauli strings; lambda = 104.141124; relaxation factor: 1.001222.
[DBG] trotterMarQSim_IndiAnalog raise EXN: Dune__exe__Qblue_util.Parse_timeout(600)
Fatal error: exception Dune__exe__Qblue_util.Parse_timeout(600)"
DataSet1/dir_200_2500/MarqSim_SYK2.txt,0.1,0.7854,1,10,210,77032034,81115004,ok,
DataSet1/dir_200_2500/MarqSim_SYK2.txt,0.1,0.7854,2,10,210,6358536,6696756,ok,
DataSet1/dir_200_2500/MarqSim_SYK2.txt,0.1,0.7854,3,,,,,error,"[DBG] Expected error: 0.100000;   t: 0.785400
[DBG] Analyzing DataSet1/dir_200_2500/MarqSim_SYK2.txt:
[DBG] Length of Pauli String 210

[DBG] ---- Trotterization (QDrift) -> IBMDigital circuits: ----
[DBG] Dealing with 145168 pauli strings; lambda = 108.410952; relaxation factor: 1.001174.
decompose to voqc
convert to full gate set"
DataSet1/dir_200_2500/MarqSim_SYK2.txt,0.1,0.7854,4,,,,,error,"[DBG] Expected error: 0.100000;   t: 0.785400
[DBG] Analyzing DataSet1/dir_200_2500/MarqSim_SYK2.txt:
[DBG] Length of Pauli String 210

[DBG] ---- Trotterization (MarQSim) -> IBMDigital circuits: ----
[DBG] Dealing with 145168 pauli strings; lambda = 108.410952; relaxation factor: 1.001174.
decompose to voqc
convert to full gate set"
DataSet1/dir_200_2500/MarqSim_SYK2.txt,0.1,0.7854,11,10,210,524797744,57161580,ok,
DataSet1/dir_200_2500/MarqSim_SYK2.txt,0.1,0.7854,12,10,210,45840084,2367540,ok,
DataSet1/dir_200_2500/MarqSim_SYK2.txt,0.1,0.7854,13,,,,,error,"[DBG] Expected error: 0.100000;   t: 0.785400
[DBG] Analyzing DataSet1/dir_200_2500/MarqSim_SYK2.txt:
[DBG] Length of Pauli String 210

[DBG] ---- Trotterization (QDrift) -> IndiAnalog circuits: ----
[DBG] Dealing with 145168 pauli strings; lambda = 108.410952; relaxation factor: 1.001174.
[DBG] trotterQDrift_IndiAnalog raise EXN: Dune__exe__Qblue_util.Parse_timeout(600)
Fatal error: exception Dune__exe__Qblue_util.Parse_timeout(600)"
DataSet1/dir_200_2500/MarqSim_SYK2.txt,0.1,0.7854,14,,,,,error,"[DBG] Expected error: 0.100000;   t: 0.785400
[DBG] Analyzing DataSet1/dir_200_2500/MarqSim_SYK2.txt:
[DBG] Length of Pauli String 210

[DBG] ---- Trotterization (MarQSim) -> IndiAnalog circuits: ----
[DBG] Dealing with 145168 pauli strings; lambda = 108.410952; relaxation factor: 1.001174.
[DBG] trotterMarQSim_IndiAnalog raise EXN: Dune__exe__Qblue_util.Parse_timeout(600)
Fatal error: exception Dune__exe__Qblue_util.Parse_timeout(600)"
DataSet1/dir_5000/BK_benzene_sto3g_42_electrons_72_spin_orbitals_Hamiltonian_368021_paulis.txt,0.1,0.7854,1,,,,,error,"[DBG] Expected error: 0.100000;   t: 0.785400
[DBG] Analyzing DataSet1/dir_5000/BK_benzene_sto3g_42_electrons_72_spin_orbitals_Hamiltonian_368021_paulis.txt:
Fatal error: exception Dune__exe__Qblue_util.Parse_timeout(30)"
DataSet1/dir_5000/BK_benzene_sto3g_42_electrons_72_spin_orbitals_Hamiltonian_368021_paulis.txt,0.1,0.7854,2,,,,,error,"[DBG] Expected error: 0.100000;   t: 0.785400
[DBG] Analyzing DataSet1/dir_5000/BK_benzene_sto3g_42_electrons_72_spin_orbitals_Hamiltonian_368021_paulis.txt:
Fatal error: exception Dune__exe__Qblue_util.Parse_timeout(30)"
DataSet1/dir_5000/BK_benzene_sto3g_42_electrons_72_spin_orbitals_Hamiltonian_368021_paulis.txt,0.1,0.7854,3,,,,,error,"[DBG] Expected error: 0.100000;   t: 0.785400
[DBG] Analyzing DataSet1/dir_5000/BK_benzene_sto3g_42_electrons_72_spin_orbitals_Hamiltonian_368021_paulis.txt:
Fatal error: exception Dune__exe__Qblue_util.Parse_timeout(30)"
DataSet1/dir_5000/BK_benzene_sto3g_42_electrons_72_spin_orbitals_Hamiltonian_368021_paulis.txt,0.1,0.7854,4,,,,,error,"[DBG] Expected error: 0.100000;   t: 0.785400
[DBG] Analyzing DataSet1/dir_5000/BK_benzene_sto3g_42_electrons_72_spin_orbitals_Hamiltonian_368021_paulis.txt:
Fatal error: exception Dune__exe__Qblue_util.Parse_timeout(30)"
DataSet1/dir_5000/BK_benzene_sto3g_42_electrons_72_spin_orbitals_Hamiltonian_368021_paulis.txt,0.1,0.7854,11,,,,,error,"[DBG] Expected error: 0.100000;   t: 0.785400
[DBG] Analyzing DataSet1/dir_5000/BK_benzene_sto3g_42_electrons_72_spin_orbitals_Hamiltonian_368021_paulis.txt:
Fatal error: exception Dune__exe__Qblue_util.Parse_timeout(30)"
DataSet1/dir_5000/BK_benzene_sto3g_42_electrons_72_spin_orbitals_Hamiltonian_368021_paulis.txt,0.1,0.7854,12,,,,,error,"[DBG] Expected error: 0.100000;   t: 0.785400
[DBG] Analyzing DataSet1/dir_5000/BK_benzene_sto3g_42_electrons_72_spin_orbitals_Hamiltonian_368021_paulis.txt:
Fatal error: exception Dune__exe__Qblue_util.Parse_timeout(30)"
DataSet1/dir_5000/BK_benzene_sto3g_42_electrons_72_spin_orbitals_Hamiltonian_368021_paulis.txt,0.1,0.7854,13,,,,,error,"[DBG] Expected error: 0.100000;   t: 0.785400
[DBG] Analyzing DataSet1/dir_5000/BK_benzene_sto3g_42_electrons_72_spin_orbitals_Hamiltonian_368021_paulis.txt:
Fatal error: exception Dune__exe__Qblue_util.Parse_timeout(30)"
DataSet1/dir_5000/BK_benzene_sto3g_42_electrons_72_spin_orbitals_Hamiltonian_368021_paulis.txt,0.1,0.7854,14,,,,,error,"[DBG] Expected error: 0.100000;   t: 0.785400
[DBG] Analyzing DataSet1/dir_5000/BK_benzene_sto3g_42_electrons_72_spin_orbitals_Hamiltonian_368021_paulis.txt:
Fatal error: exception Dune__exe__Qblue_util.Parse_timeout(30)"
DataSet1/dir_5000/BK_ethylene_sto3g_16_electrons_28_spin_orbitals_Hamiltonian_8919_paulis.txt,0.1,0.7854,1,,,,,error,"[DBG] Expected error: 0.100000;   t: 0.785400
[DBG] Analyzing DataSet1/dir_5000/BK_ethylene_sto3g_16_electrons_28_spin_orbitals_Hamiltonian_8919_paulis.txt:
[DBG] Length of Pauli String 8919

[DBG] ---- Trotterization (1st-order) -> IBMDigital circuits: ----
[DBG] Dealing with 4376596271742 pauli strings; relaxation factor: 1.000014; splitting r: 490704818.
decompose to voqc
convert to full gate set
convert to rzq"
DataSet1/dir_5000/BK_ethylene_sto3g_16_electrons_28_spin_orbitals_Hamiltonian_8919_paulis.txt,0.1,0.7854,2,,,,,error,"[DBG] Expected error: 0.100000;   t: 0.785400
[DBG] Analyzing DataSet1/dir_5000/BK_ethylene_sto3g_16_electrons_28_spin_orbitals_Hamiltonian_8919_paulis.txt:
[DBG] Length of Pauli String 8919

[DBG] ---- Trotterization (2nd-order) -> IBMDigital circuits: ----
[DBG] Dealing with 27128190942 pauli strings; relaxation factor: 1.002306; splitting r: 3041618.
decompose to voqc
convert to full gate set"
DataSet1/dir_5000/BK_ethylene_sto3g_16_electrons_28_spin_orbitals_Hamiltonian_8919_paulis.txt,0.1,0.7854,3,,,,,error,"[DBG] Expected error: 0.100000;   t: 0.785400
[DBG] Analyzing DataSet1/dir_5000/BK_ethylene_sto3g_16_electrons_28_spin_orbitals_Hamiltonian_8919_paulis.txt:
[DBG] Length of Pauli String 8919

[DBG] ---- Trotterization (QDrift) -> IBMDigital circuits: ----
[DBG] Dealing with 599611 pauli strings; lambda = 220.395680; relaxation factor: 1.000578."
DataSet1/dir_5000/BK_ethylene_sto3g_16_electrons_28_spin_orbitals_Hamiltonian_8919_paulis.txt,0.1,0.7854,4,,,,,error,"[DBG] Expected error: 0.100000;   t: 0.785400
[DBG] Analyzing DataSet1/dir_5000/BK_ethylene_sto3g_16_electrons_28_spin_orbitals_Hamiltonian_8919_paulis.txt:
[DBG] Length of Pauli String 8919

[DBG] ---- Trotterization (MarQSim) -> IBMDigital circuits: ----
[DBG] Dealing with 599611 pauli strings; lambda = 220.395680; relaxation factor: 1.000578.
[DBG] trotterMarQSim_IBMDigital raise EXN: Unix.Unix_error(Unix.E2BIG, ""create_process"", ""/usr/bin/python3"")
Fatal error: exception Unix.Unix_error(Unix.E2BIG, ""create_process"", ""/usr/bin/python3"")"
DataSet1/dir_5000/BK_ethylene_sto3g_16_electrons_28_spin_orbitals_Hamiltonian_8919_paulis.txt,0.1,0.7854,11,28,8919,102156891830512,4376596271742,ok,
DataSet1/dir_5000/BK_ethylene_sto3g_16_electrons_28_spin_orbitals_Hamiltonian_8919_paulis.txt,0.1,0.7854,12,28,8919,1293560594366,27128190942,ok,
DataSet1/dir_5000/BK_ethylene_sto3g_16_electrons_28_spin_orbitals_Hamiltonian_8919_paulis.txt,0.1,0.7854,13,,,,,error,"[DBG] Expected error: 0.100000;   t: 0.785400
[DBG] Analyzing DataSet1/dir_5000/BK_ethylene_sto3g_16_electrons_28_spin_orbitals_Hamiltonian_8919_paulis.txt:
[DBG] Length of Pauli String 8919

[DBG] ---- Trotterization (QDrift) -> IndiAnalog circuits: ----
[DBG] Dealing with 599611 pauli strings; lambda = 220.395680; relaxation factor: 1.000578."
DataSet1/dir_5000/BK_ethylene_sto3g_16_electrons_28_spin_orbitals_Hamiltonian_8919_paulis.txt,0.1,0.7854,14,,,,,error,"[DBG] Expected error: 0.100000;   t: 0.785400
[DBG] Analyzing DataSet1/dir_5000/BK_ethylene_sto3g_16_electrons_28_spin_orbitals_Hamiltonian_8919_paulis.txt:
[DBG] Length of Pauli String 8919

[DBG] ---- Trotterization (MarQSim) -> IndiAnalog circuits: ----
[DBG] Dealing with 599611 pauli strings; lambda = 220.395680; relaxation factor: 1.000578.
[DBG] trotterMarQSim_IndiAnalog raise EXN: Unix.Unix_error(Unix.E2BIG, ""create_process"", ""/usr/bin/python3"")
Fatal error: exception Unix.Unix_error(Unix.E2BIG, ""create_process"", ""/usr/bin/python3"")"
DataSet1/dir_5000/JW_benzene_sto3g_42_electrons_72_spin_orbitals_Hamiltonian_368021_paulis.txt,0.1,0.7854,1,,,,,error,"[DBG] Expected error: 0.100000;   t: 0.785400
[DBG] Analyzing DataSet1/dir_5000/JW_benzene_sto3g_42_electrons_72_spin_orbitals_Hamiltonian_368021_paulis.txt:
Fatal error: exception Dune__exe__Qblue_util.Parse_timeout(30)"
DataSet1/dir_5000/JW_benzene_sto3g_42_electrons_72_spin_orbitals_Hamiltonian_368021_paulis.txt,0.1,0.7854,2,,,,,error,"[DBG] Expected error: 0.100000;   t: 0.785400
[DBG] Analyzing DataSet1/dir_5000/JW_benzene_sto3g_42_electrons_72_spin_orbitals_Hamiltonian_368021_paulis.txt:
Fatal error: exception Dune__exe__Qblue_util.Parse_timeout(30)"
DataSet1/dir_5000/JW_benzene_sto3g_42_electrons_72_spin_orbitals_Hamiltonian_368021_paulis.txt,0.1,0.7854,3,,,,,error,"[DBG] Expected error: 0.100000;   t: 0.785400
[DBG] Analyzing DataSet1/dir_5000/JW_benzene_sto3g_42_electrons_72_spin_orbitals_Hamiltonian_368021_paulis.txt:
Fatal error: exception Dune__exe__Qblue_util.Parse_timeout(30)"
DataSet1/dir_5000/JW_benzene_sto3g_42_electrons_72_spin_orbitals_Hamiltonian_368021_paulis.txt,0.1,0.7854,4,,,,,error,"[DBG] Expected error: 0.100000;   t: 0.785400
[DBG] Analyzing DataSet1/dir_5000/JW_benzene_sto3g_42_electrons_72_spin_orbitals_Hamiltonian_368021_paulis.txt:
Fatal error: exception Dune__exe__Qblue_util.Parse_timeout(30)"
DataSet1/dir_5000/JW_benzene_sto3g_42_electrons_72_spin_orbitals_Hamiltonian_368021_paulis.txt,0.1,0.7854,11,,,,,error,"[DBG] Expected error: 0.100000;   t: 0.785400
[DBG] Analyzing DataSet1/dir_5000/JW_benzene_sto3g_42_electrons_72_spin_orbitals_Hamiltonian_368021_paulis.txt:
Fatal error: exception Dune__exe__Qblue_util.Parse_timeout(30)"
DataSet1/dir_5000/JW_benzene_sto3g_42_electrons_72_spin_orbitals_Hamiltonian_368021_paulis.txt,0.1,0.7854,12,,,,,error,"[DBG] Expected error: 0.100000;   t: 0.785400
[DBG] Analyzing DataSet1/dir_5000/JW_benzene_sto3g_42_electrons_72_spin_orbitals_Hamiltonian_368021_paulis.txt:
Fatal error: exception Dune__exe__Qblue_util.Parse_timeout(30)"
DataSet1/dir_5000/JW_benzene_sto3g_42_electrons_72_spin_orbitals_Hamiltonian_368021_paulis.txt,0.1,0.7854,13,,,,,error,"[DBG] Expected error: 0.100000;   t: 0.785400
[DBG] Analyzing DataSet1/dir_5000/JW_benzene_sto3g_42_electrons_72_spin_orbitals_Hamiltonian_368021_paulis.txt:
Fatal error: exception Dune__exe__Qblue_util.Parse_timeout(30)"
DataSet1/dir_5000/JW_benzene_sto3g_42_electrons_72_spin_orbitals_Hamiltonian_368021_paulis.txt,0.1,0.7854,14,,,,,error,"[DBG] Expected error: 0.100000;   t: 0.785400
[DBG] Analyzing DataSet1/dir_5000/JW_benzene_sto3g_42_electrons_72_spin_orbitals_Hamiltonian_368021_paulis.txt:
Fatal error: exception Dune__exe__Qblue_util.Parse_timeout(30)"
DataSet1/dir_5000/JW_ethylene_sto3g_16_electrons_28_spin_orbitals_Hamiltonian_8919_paulis.txt,0.1,0.7854,1,,,,,error,"[DBG] Expected error: 0.100000;   t: 0.785400
[DBG] Analyzing DataSet1/dir_5000/JW_ethylene_sto3g_16_electrons_28_spin_orbitals_Hamiltonian_8919_paulis.txt:
[DBG] Length of Pauli String 8919

[DBG] ---- Trotterization (1st-order) -> IBMDigital circuits: ----
[DBG] Dealing with 4376596271742 pauli strings; relaxation factor: 1.000014; splitting r: 490704818.
decompose to voqc
convert to full gate set
convert to rzq"
DataSet1/dir_5000/JW_ethylene_sto3g_16_electrons_28_spin_orbitals_Hamiltonian_8919_paulis.txt,0.1,0.7854,2,,,,,error,"[DBG] Expected error: 0.100000;   t: 0.785400
[DBG] Analyzing DataSet1/dir_5000/JW_ethylene_sto3g_16_electrons_28_spin_orbitals_Hamiltonian_8919_paulis.txt:
[DBG] Length of Pauli String 8919

[DBG] ---- Trotterization (2nd-order) -> IBMDigital circuits: ----
[DBG] Dealing with 27128190942 pauli strings; relaxation factor: 1.002306; splitting r: 3041618.
decompose to voqc
convert to full gate set
convert to rzq"
DataSet1/dir_5000/JW_ethylene_sto3g_16_electrons_28_spin_orbitals_Hamiltonian_8919_paulis.txt,0.1,0.7854,3,,,,,error,"[DBG] Expected error: 0.100000;   t: 0.785400
[DBG] Analyzing DataSet1/dir_5000/JW_ethylene_sto3g_16_electrons_28_spin_orbitals_Hamiltonian_8919_paulis.txt:
[DBG] Length of Pauli String 8919

[DBG] ---- Trotterization (QDrift) -> IBMDigital circuits: ----
[DBG] Dealing with 599611 pauli strings; lambda = 220.395680; relaxation factor: 1.000578."
DataSet1/dir_5000/JW_ethylene_sto3g_16_electrons_28_spin_orbitals_Hamiltonian_8919_paulis.txt,0.1,0.7854,4,,,,,error,"[DBG] Expected error: 0.100000;   t: 0.785400
[DBG] Analyzing DataSet1/dir_5000/JW_ethylene_sto3g_16_electrons_28_spin_orbitals_Hamiltonian_8919_paulis.txt:
[DBG] Length of Pauli String 8919

[DBG] ---- Trotterization (MarQSim) -> IBMDigital circuits: ----
[DBG] Dealing with 599611 pauli strings; lambda = 220.395680; relaxation factor: 1.000578.
[DBG] trotterMarQSim_IBMDigital raise EXN: Unix.Unix_error(Unix.E2BIG, ""create_process"", ""/usr/bin/python3"")
Fatal error: exception Unix.Unix_error(Unix.E2BIG, ""create_process"", ""/usr/bin/python3"")"
DataSet1/dir_5000/JW_ethylene_sto3g_16_electrons_28_spin_orbitals_Hamiltonian_8919_paulis.txt,0.1,0.7854,11,28,8919,192843067835456,4376596271742,ok,
DataSet1/dir_5000/JW_ethylene_sto3g_16_electrons_28_spin_orbitals_Hamiltonian_8919_paulis.txt,0.1,0.7854,12,,,,,error,"[DBG] Expected error: 0.100000;   t: 0.785400
[DBG] Analyzing DataSet1/dir_5000/JW_ethylene_sto3g_16_electrons_28_spin_orbitals_Hamiltonian_8919_paulis.txt:
[DBG] Length of Pauli String 8919

[DBG] ---- Trotterization (2nd-order) -> IndiAnalog circuits: ----
[DBG] Dealing with 27128190942 pauli strings; relaxation factor: 1.002306; splitting r: 3041618."
DataSet1/dir_5000/JW_ethylene_sto3g_16_electrons_28_spin_orbitals_Hamiltonian_8919_paulis.txt,0.1,0.7854,13,,,,,error,"[DBG] Expected error: 0.100000;   t: 0.785400
[DBG] Analyzing DataSet1/dir_5000/JW_ethylene_sto3g_16_electrons_28_spin_orbitals_Hamiltonian_8919_paulis.txt:
[DBG] Length of Pauli String 8919

[DBG] ---- Trotterization (QDrift) -> IndiAnalog circuits: ----
[DBG] Dealing with 599611 pauli strings; lambda = 220.395680; relaxation factor: 1.000578."
DataSet1/dir_5000/JW_ethylene_sto3g_16_electrons_28_spin_orbitals_Hamiltonian_8919_paulis.txt,0.1,0.7854,14,,,,,error,"[DBG] Expected error: 0.100000;   t: 0.785400
[DBG] Analyzing DataSet1/dir_5000/JW_ethylene_sto3g_16_electrons_28_spin_orbitals_Hamiltonian_8919_paulis.txt:
[DBG] Length of Pauli String 8919

[DBG] ---- Trotterization (MarQSim) -> IndiAnalog circuits: ----
[DBG] Dealing with 599611 pauli strings; lambda = 220.395680; relaxation factor: 1.000578.
[DBG] trotterMarQSim_IndiAnalog raise EXN: Unix.Unix_error(Unix.E2BIG, ""create_process"", ""/usr/bin/python3"")
Fatal error: exception Unix.Unix_error(Unix.E2BIG, ""create_process"", ""/usr/bin/python3"")"
