file_name,error,time,path_flag,nqubit_q,program_size_q,compilation_time_q,compilation_terms_q,single_qubit_gates_q,multi_qubit_gates_q,single_qubit_gates_bfopt_q,multi_qubit_gates_bfopt_q,trotter_step_q,status_q,message_q,total_q,before_q,bucket_q,compiler_q,nqubit_o,program_size_o,compilation_time_o,compilation_terms_o,single_qubit_gates_o,multi_qubit_gates_o,single_qubit_gates_bfopt_o,multi_qubit_gates_bfopt_o,trotter_step_o,status_o,message_o,total_o,before_o,bucket_o,compiler_o
DataSet1/small/MarqSim_Ar_60.txt,0.1,0.7854,2,8.0,60.0,0.0172908306121826,212160.0,399568.0,1403792.0,2107456.0,1647776.0,1768.0,ok,,1803360.0,3755232.0,Small,QBlue,8.0,60.0,0.0250870540003234,119.0,350.0,398.0,503.0,528.0,1.0,ok,,748.0,1031.0,Small,OpenFermion
DataSet1/small/MarqSim_Cl-_60.txt,0.1,0.7854,2,8.0,60.0,0.0179669857025146,212160.0,399568.0,1403792.0,2107456.0,1647776.0,1768.0,ok,,1803360.0,3755232.0,Small,QBlue,8.0,60.0,0.0227679840008931,119.0,350.0,398.0,503.0,528.0,1.0,ok,,748.0,1031.0,Small,OpenFermion
DataSet1/small/MarqSim_Na+_60.txt,0.1,0.7854,2,8.0,60.0,0.0163731575012207,212160.0,399568.0,1403792.0,2107456.0,1647776.0,1768.0,ok,,1803360.0,3755232.0,Small,QBlue,8.0,60.0,0.0229768829995009,119.0,350.0,398.0,503.0,528.0,1.0,ok,,748.0,1031.0,Small,OpenFermion
DataSet1/middle/BK_BeH2_sto3g_6_electrons_14_spin_orbitals_Hamiltonian_666_paulis.txt,0.1,0.7854,2,14.0,666.0,3.467118978500366,83693556.0,226198800.0,2726763701.0,1485497786.0,2876243408.0,62833.0,ok,,2952962501.0,4361741194.0,Medium,QBlue,14.0,666.0,1.4703677779998543,9303.0,31638.0,37652.0,80311.0,92596.0,7.0,ok,,69290.0,172907.0,Medium,OpenFermion
DataSet1/middle/BK_C2_sto3g_10_electrons_16_spin_orbitals_Hamiltonian_1177_paulis.txt,0.1,0.7854,2,16.0,1177.0,18.00998306274414,346040354.0,805271478.0,13286538384.0,6256362560.0,13985675140.0,147001.0,ok,,14091809862.0,20242037700.0,Medium,QBlue,16.0,1177.0,9.69288570000208,32914.0,96841.0,132422.0,280658.0,341208.0,14.0,ok,,229263.0,621866.0,Medium,OpenFermion
DataSet1/middle/BK_C2_sto3g_12_electrons_18_spin_orbitals_Hamiltonian_1884_paulis.txt,0.1,0.7854,2,18.0,1884.0,15.649401903152466,1118734272.0,2654321760.0,52511035248.0,22072437168.0,54497916816.0,296904.0,ok,,55165357008.0,76570353984.0,Large,QBlue,18.0,1884.0,15.188850023998384,97890.0,207537.0,289916.0,982722.0,1222936.0,26.0,ok,,497453.0,2205658.0,Large,OpenFermion
DataSet1/middle/BK_H2O_sto3g_10_electrons_14_spin_orbitals_Hamiltonian_1654_paulis.txt,0.1,0.7854,2,14.0,1654.0,20.785978078842163,808458660.0,1753289730.0,23955842295.0,14542968870.0,25546853745.0,244395.0,ok,,25709132025.0,40089822615.0,Large,QBlue,14.0,1654.0,21.73223884500112,109065.0,191650.0,182306.0,945153.0,1078968.0,33.0,ok,,373956.0,2024121.0,Large,OpenFermion
DataSet1/middle/BK_H2O_sto3g_8_electrons_12_spin_orbitals_Hamiltonian_1219_paulis.txt,0.1,0.7854,2,12.0,1219.0,4.320721864700317,377655952.0,831369768.0,9999053200.0,6426037536.0,10579168680.0,154904.0,ok,,10830422968.0,17005206216.0,Large,QBlue,12.0,1219.0,1.268958358999953,9740.0,16832.0,15304.0,80332.0,93568.0,4.0,ok,,32136.0,173900.0,Large,OpenFermion
DataSet1/middle/BK_LiH_sto3g_4_electrons_12_spin_orbitals_Hamiltonian_631_paulis.txt,0.1,0.7854,2,12.0,631.0,2.8936500549316406,73161926.0,198035768.0,2022735943.0,1229723276.0,2155957897.0,57973.0,ok,,2220771711.0,3385681173.0,Medium,QBlue,12.0,631.0,0.5434925980007392,3777.0,11881.0,12094.0,30417.0,36360.0,3.0,ok,,23975.0,66777.0,Medium,OpenFermion
DataSet1/middle/BK_N2_sto3g_10_electrons_16_spin_orbitals_Hamiltonian_1177_paulis.txt,0.1,0.7854,2,16.0,1177.0,7.7340099811553955,346040354.0,822764597.0,13701816209.0,6268122640.0,14304226307.0,147001.0,ok,,14524580806.0,20572348947.0,Medium,QBlue,16.0,1177.0,4.447461605999706,23510.0,61114.0,85650.0,202550.0,248720.0,10.0,ok,,146764.0,451270.0,Medium,OpenFermion
DataSet1/middle/BK_N2_sto3g_12_electrons_18_spin_orbitals_Hamiltonian_1884_paulis.txt,0.1,0.7854,2,18.0,1884.0,27.93863582611084,1118734272.0,2825635368.0,53813850000.0,22312335600.0,55840813608.0,296904.0,ok,,56639485368.0,78153149208.0,Large,QBlue,18.0,1884.0,14.827553441999044,86595.0,224065.0,327904.0,876323.0,1073548.0,23.0,ok,,551969.0,1949871.0,Large,OpenFermion
DataSet1/middle/BK_NH3_sto3g_8_electrons_12_spin_orbitals_Hamiltonian_915_paulis.txt,0.1,0.7854,2,12.0,915.0,4.433161973953247,184705560.0,492245364.0,4767018360.0,3248799216.0,5069208768.0,100932.0,ok,,5259263724.0,8318007984.0,Medium,QBlue,12.0,915.0,1.5356346019998457,10962.0,30360.0,32480.0,93810.0,107568.0,6.0,ok,,62840.0,201378.0,Medium,OpenFermion
DataSet1/middle/BK_NH3_sto3g_8_electrons_14_spin_orbitals_Hamiltonian_1734_paulis.txt,0.1,0.7854,2,14.0,1734.0,5.500002861022949,909562764.0,2261317806.0,27533681813.0,16939163978.0,29064307041.0,262273.0,ok,,29794999619.0,46003471019.0,Large,QBlue,14.0,1734.0,2.903815427001973,20790.0,56886.0,62364.0,188358.0,212040.0,6.0,ok,,119250.0,400398.0,Large,OpenFermion
DataSet1/middle/BK_ethylene_sto3g_10_electrons_16_spin_orbitals_Hamiltonian_789_paulis.txt,0.1,0.7854,2,16.0,789.0,5.8327648639678955,127674402.0,302518751.0,4878974518.0,2086157656.0,5136912410.0,80909.0,ok,,5181493269.0,7223070066.0,Medium,QBlue,16.0,789.0,2.244150898999578,9450.0,32909.0,48590.0,72042.0,92616.0,6.0,ok,,81499.0,164658.0,Medium,OpenFermion
DataSet1/large/BK_ethylene_sto3g_12_electrons_20_spin_orbitals_Hamiltonian_2063_paulis.txt,0.1,0.7854,2,20.0,2063.0,16.591290950775146,1403066930.0,4077599505.0,83622584995.0,28824422020.0,86243728935.0,340055.0,ok,,87700184500.0,115068150955.0,Large,QBlue,20.0,2063.0,6.796193358997698,41230.0,153859.0,236218.0,446830.0,555600.0,10.0,ok,,390077.0,1002430.0,Large,OpenFermion
DataSet1/middle/JW_BeH2_sto3g_6_electrons_14_spin_orbitals_Hamiltonian_666_paulis.txt,0.1,0.7854,2,14.0,666.0,1.6667730808258057,83693556.0,193965471.0,1228196651.0,1278902882.0,1482293303.0,62833.0,ok,,1422162122.0,2761196185.0,Medium,QBlue,14.0,666.0,1.7160371689988096,7974.0,27060.0,31240.0,51750.0,77064.0,6.0,ok,,58300.0,128814.0,Medium,OpenFermion
DataSet1/middle/JW_C2_sto3g_10_electrons_16_spin_orbitals_Hamiltonian_1177_paulis.txt,0.1,0.7854,2,16.0,1177.0,4.369462966918945,346040354.0,763523194.0,5303943081.0,6101129504.0,6407626589.0,147001.0,ok,,6067466275.0,12508756093.0,Medium,QBlue,16.0,1177.0,4.475720033999096,25861.0,83302.0,103810.0,195525.0,285120.0,11.0,ok,,187112.0,480645.0,Medium,OpenFermion
DataSet1/middle/JW_C2_sto3g_12_electrons_18_spin_orbitals_Hamiltonian_1884_paulis.txt,0.1,0.7854,2,18.0,1884.0,9.024906873703005,1118734272.0,2164133256.0,19099834320.0,19953730224.0,22938209232.0,296904.0,ok,,21263967576.0,42891939456.0,Large,QBlue,18.0,1884.0,11.939881233003687,82830.0,188907.0,233118.0,631950.0,996952.0,22.0,ok,,422025.0,1628902.0,Large,OpenFermion
DataSet1/middle/JW_H2O_sto3g_10_electrons_14_spin_orbitals_Hamiltonian_1654_paulis.txt,0.1,0.7854,2,14.0,1654.0,7.578277111053467,808458660.0,1544087610.0,9099559035.0,13453944750.0,11427665805.0,244395.0,ok,,10643646645.0,24881610555.0,Large,QBlue,14.0,1654.0,12.082092254997406,105760.0,185345.0,168876.0,745760.0,1011072.0,32.0,ok,,354221.0,1756832.0,Large,OpenFermion
DataSet1/middle/JW_H2O_sto3g_8_electrons_12_spin_orbitals_Hamiltonian_1219_paulis.txt,0.1,0.7854,2,12.0,1219.0,2.045592784881592,377655952.0,701095504.0,3533515144.0,5986110176.0,4499496488.0,154904.0,ok,,4234610648.0,10485606664.0,Large,QBlue,12.0,1219.0,1.6316154720007034,9740.0,17297.0,14624.0,65548.0,81568.0,4.0,ok,,31921.0,147116.0,Large,OpenFermion
DataSet1/middle/JW_LiH_sto3g_4_electrons_12_spin_orbitals_Hamiltonian_631_paulis.txt,0.1,0.7854,2,12.0,631.0,0.8086249828338623,73161926.0,163020076.0,796433074.0,1099863756.0,988671542.0,57973.0,ok,,959453150.0,2088535298.0,Medium,QBlue,12.0,631.0,0.7222502420008823,3777.0,11796.0,10323.0,23937.0,31416.0,3.0,ok,,22119.0,55353.0,Medium,OpenFermion
DataSet1/middle/JW_N2_sto3g_10_electrons_16_spin_orbitals_Hamiltonian_1177_paulis.txt,0.1,0.7854,2,16.0,1177.0,4.497876882553101,346040354.0,744560065.0,5662184518.0,6101129504.0,6806146300.0,147001.0,ok,,6406744583.0,12907275804.0,Medium,QBlue,16.0,1177.0,2.2789525010011857,14106.0,35532.0,56146.0,106650.0,156672.0,6.0,ok,,91678.0,263322.0,Medium,OpenFermion
DataSet1/large/JW_N2_sto3g_12_electrons_18_spin_orbitals_Hamiltonian_1884_paulis.txt,0.1,0.7854,2,18.0,1884.0,11.693902969360352,1118734272.0,2255282784.0,20384834832.0,19953730224.0,24296248128.0,296904.0,ok,,22640117616.0,44249978352.0,Large,QBlue,18.0,1884.0,11.556536873998994,75300.0,202811.0,281332.0,574500.0,919120.0,20.0,ok,,484143.0,1493620.0,Large,OpenFermion
DataSet1/middle/JW_NH3_sto3g_8_electrons_12_spin_orbitals_Hamiltonian_915_paulis.txt,0.1,0.7854,2,12.0,915.0,1.9067349433898928,184705560.0,411600696.0,1845137892.0,3026748816.0,2312352120.0,100932.0,ok,,2256738588.0,5339100936.0,Medium,QBlue,12.0,915.0,0.9459515759990608,7308.0,20756.0,20638.0,50956.0,61536.0,4.0,ok,,41394.0,112492.0,Medium,OpenFermion
DataSet1/middle/JW_NH3_sto3g_8_electrons_14_spin_orbitals_Hamiltonian_1734_paulis.txt,0.1,0.7854,2,14.0,1734.0,3.726137161254883,909562764.0,1902528342.0,10308640265.0,15344544138.0,12958122111.0,262273.0,ok,,12211168607.0,28302666249.0,Large,QBlue,14.0,1734.0,1.9278247360052776,17325.0,49684.0,50262.0,124685.0,169420.0,5.0,ok,,99946.0,294105.0,Large,OpenFermion
DataSet1/middle/JW_ethylene_sto3g_10_electrons_16_spin_orbitals_Hamiltonian_789_paulis.txt,0.1,0.7854,2,16.0,789.0,2.304042100906372,127674402.0,315787827.0,2389970951.0,2091335832.0,2774774155.0,80909.0,ok,,2705758778.0,4866109987.0,Medium,QBlue,16.0,789.0,0.9950587320017804,6300.0,22360.0,37406.0,44188.0,67264.0,4.0,ok,,59766.0,111452.0,Medium,OpenFermion
DataSet1/middle/MarqSim_BeH2_f_661.txt,0.1,0.7854,2,12.0,661.0,1.242257833480835,82137182.0,220565050.0,1773405133.0,1449019182.0,1956132404.0,62131.0,ok,,1993970183.0,3405151586.0,Medium,QBlue,12.0,661.0,2.0474915730010252,9247.0,30480.0,31914.0,83055.0,86940.0,7.0,ok,,62394.0,169995.0,Medium,OpenFermion
DataSet1/middle/MarqSim_BeH2_unf_661.txt,0.1,0.7854,2,14.0,661.0,1.151447057723999,82137182.0,205591479.0,1329851924.0,1261135038.0,1613542070.0,62131.0,ok,,1535443403.0,2874677108.0,Medium,QBlue,14.0,661.0,1.6713972270008526,7926.0,26298.0,30760.0,51510.0,76680.0,6.0,ok,,57058.0,128190.0,Medium,OpenFermion
DataSet1/middle/MarqSim_H2O_550.txt,0.1,0.7854,2,12.0,550.0,0.8220739364624023,51958500.0,131455005.0,640081485.0,803939700.0,781597545.0,47235.0,ok,,771536490.0,1585537245.0,Medium,QBlue,12.0,550.0,1.055906479999976,5495.0,18152.0,21500.0,36215.0,46440.0,5.0,ok,,39652.0,82655.0,Medium,OpenFermion
DataSet1/middle/MarqSim_HF_275.txt,0.1,0.7854,2,10.0,275.0,0.2299690246582031,9256500.0,22501710.0,90074160.0,128816820.0,110202840.0,16830.0,ok,,112575870.0,239019660.0,Medium,QBlue,10.0,275.0,0.3695128100007423,2196.0,6943.0,6698.0,12820.0,15440.0,4.0,ok,,13641.0,28260.0,Medium,OpenFermion
DataSet1/middle/MarqSim_LiH_f_275.txt,0.1,0.7854,2,10.0,275.0,0.2162129878997802,9256500.0,22501710.0,90074160.0,128816820.0,110202840.0,16830.0,ok,,112575870.0,239019660.0,Medium,QBlue,10.0,275.0,0.1151523139997152,549.0,1793.0,1679.0,3205.0,3860.0,1.0,ok,,3472.0,7065.0,Medium,OpenFermion
DataSet1/middle/MarqSim_LiH_unf_614.txt,0.1,0.7854,2,12.0,614.0,1.0365610122680664,68349252.0,165362889.0,794420907.0,1018559700.0,971806140.0,55659.0,ok,,959783796.0,1990365840.0,Medium,QBlue,12.0,614.0,0.6858891779993428,3681.0,11904.0,10359.0,23073.0,30072.0,3.0,ok,,22263.0,53145.0,Medium,OpenFermion
DataSet1/middle/MarqSim_OH-_275.txt,0.1,0.7854,2,10.0,275.0,0.1911368370056152,9256500.0,22686840.0,89013870.0,126662580.0,107964450.0,16830.0,ok,,111700710.0,234627030.0,Medium,QBlue,10.0,275.0,0.3054393460006395,1647.0,5147.0,5742.0,9615.0,11388.0,3.0,ok,,10889.0,21003.0,Medium,OpenFermion
DataSet1/middle/MarqSim_SYK1_210.txt,0.1,0.7854,2,8.0,210.0,0.2296929359436035,4735080.0,19154526.0,113551728.0,71567352.0,119470578.0,11274.0,ok,,132706254.0,191037930.0,Medium,QBlue,8.0,210.0,5.420478410000214,32263.0,83327.0,85016.0,242935.0,253792.0,77.0,ok,,168343.0,496727.0,Medium,OpenFermion
DataSet1/middle/MarqSim_SYK2_210.txt,0.1,0.7854,2,10.0,210.0,0.0888230800628662,4735080.0,13010196.0,48940434.0,74002536.0,59154678.0,11274.0,ok,,61950630.0,133157214.0,Medium,QBlue,10.0,210.0,4.945924113999354,36872.0,55720.0,33536.0,250888.0,217360.0,88.0,ok,,89256.0,468248.0,Medium,OpenFermion
