file_name,error,time,path_flag,nqubit,program_size,compilation_time,compilation_terms,single_qubit_gates,multi_qubit_gates,single_qubit_gates_bfopt,multi_qubit_gates_bfopt,trotter_step,status,message,total,before,bucket,input_name,dataset,err,n_terms,qblue_pre_total,qblue_full_total,qblue_full_CX,pipeline
DataSet1/small/MarqSim_Ar_60.txt,0.1,0.7854,1,8.0,60.0,0.0064339637756347,1335240.0,2447940.0,9346680.0,13263384.0,10859952.0,22254.0,ok,,11794620.0,24123336.0,Small,DataSet1/small/MarqSim_Ar_60.txt,S,0.1,60.0,24123336.0,24123336.0,9346680.0,std
DataSet1/small/MarqSim_Cl-_60.txt,0.1,0.7854,1,8.0,60.0,0.0064821243286132,1335240.0,2447940.0,9346680.0,13263384.0,10859952.0,22254.0,ok,,11794620.0,24123336.0,Small,DataSet1/small/MarqSim_Cl-_60.txt,S,0.1,60.0,24123336.0,24123336.0,9346680.0,std
DataSet1/small/MarqSim_Na+_60.txt,0.1,0.7854,1,8.0,60.0,0.0090210437774658,1335240.0,2447940.0,9346680.0,13263384.0,10859952.0,22254.0,ok,,11794620.0,24123336.0,Small,DataSet1/small/MarqSim_Na+_60.txt,S,0.1,60.0,24123336.0,24123336.0,9346680.0,std
DataSet1/middle/BK_BeH2_sto3g_6_electrons_14_spin_orbitals_Hamiltonian_666_paulis.txt,0.1,0.7854,1,14.0,666.0,2.1281161308288574,1822584258.0,3891463686.0,58733188206.0,32349502273.0,61976074611.0,2736613.0,ok,,62624651892.0,94325576884.0,Medium,DataSet1/middle/BK_BeH2_sto3g_6_electrons_14_spin_orbitals_Hamiltonian_666_paulis.txt,M,0.1,666.0,94325576884.0,94325576884.0,58733188206.0,std
DataSet1/middle/BK_C2_sto3g_10_electrons_16_spin_orbitals_Hamiltonian_1177_paulis.txt,0.1,0.7854,1,16.0,1177.0,9.432393074035645,10059078667.0,17690987970.0,377758144571.0,181866774880.0,398072868438.0,8546371.0,ok,,395449132541.0,579939643318.0,Medium,DataSet1/middle/BK_C2_sto3g_10_electrons_16_spin_orbitals_Hamiltonian_1177_paulis.txt,M,0.1,1177.0,579939643318.0,579939643318.0,377758144571.0,std
DataSet1/middle/BK_C2_sto3g_12_electrons_18_spin_orbitals_Hamiltonian_1884_paulis.txt,0.1,0.7854,1,18.0,1884.0,9.989098072052002,41252840208.0,82330509120.0,1886266411740.0,813911530452.0,1958480778516.0,21896412.0,ok,,1968596920860.0,2772392308968.0,Large,DataSet1/middle/BK_C2_sto3g_12_electrons_18_spin_orbitals_Hamiltonian_1884_paulis.txt,L,0.1,1884.0,2772392308968.0,2772392308968.0,1886266411740.0,std
DataSet1/middle/BK_H2O_sto3g_10_electrons_14_spin_orbitals_Hamiltonian_1654_paulis.txt,0.1,0.7854,1,14.0,1654.0,7.826916933059692,27913979100.0,50680579950.0,799480663800.0,502130967450.0,851882662050.0,16876650.0,ok,,850161243750.0,1354013629500.0,Large,DataSet1/middle/BK_H2O_sto3g_10_electrons_14_spin_orbitals_Hamiltonian_1654_paulis.txt,L,0.1,1654.0,1354013629500.0,1354013629500.0,799480663800.0,std
DataSet1/middle/BK_H2O_sto3g_8_electrons_12_spin_orbitals_Hamiltonian_1219_paulis.txt,0.1,0.7854,1,12.0,1219.0,2.446272850036621,11174761945.0,21313635375.0,293559804565.0,190145129010.0,307457211545.0,9167155.0,ok,,314873439940.0,497602340555.0,Large,DataSet1/middle/BK_H2O_sto3g_8_electrons_12_spin_orbitals_Hamiltonian_1219_paulis.txt,L,0.1,1219.0,497602340555.0,497602340555.0,293559804565.0,std
DataSet1/middle/BK_LiH_sto3g_4_electrons_12_spin_orbitals_Hamiltonian_631_paulis.txt,0.1,0.7854,1,12.0,631.0,1.842211961746216,1550092515.0,3193534500.0,43513135845.0,26054328390.0,46303793685.0,2456565.0,ok,,46706670345.0,72358122075.0,Medium,DataSet1/middle/BK_LiH_sto3g_4_electrons_12_spin_orbitals_Hamiltonian_631_paulis.txt,M,0.1,631.0,72358122075.0,72358122075.0,43513135845.0,std
DataSet1/middle/BK_N2_sto3g_10_electrons_16_spin_orbitals_Hamiltonian_1177_paulis.txt,0.1,0.7854,1,16.0,1177.0,4.0055131912231445,10059078667.0,18340512166.0,390543515587.0,182208629720.0,405550943063.0,8546371.0,ok,,408884027753.0,587759572783.0,Medium,DataSet1/middle/BK_N2_sto3g_10_electrons_16_spin_orbitals_Hamiltonian_1177_paulis.txt,M,0.1,1177.0,587759572783.0,587759572783.0,390543515587.0,std
DataSet1/middle/BK_N2_sto3g_12_electrons_18_spin_orbitals_Hamiltonian_1884_paulis.txt,0.1,0.7854,1,18.0,1884.0,15.1965970993042,41252840208.0,84082222080.0,1948036189992.0,822757680900.0,2022111751788.0,21896412.0,ok,,2032118412072.0,2844869432688.0,Large,DataSet1/middle/BK_N2_sto3g_12_electrons_18_spin_orbitals_Hamiltonian_1884_paulis.txt,L,0.1,1884.0,2844869432688.0,2844869432688.0,1948036189992.0,std
DataSet1/middle/BK_NH3_sto3g_8_electrons_12_spin_orbitals_Hamiltonian_915_paulis.txt,0.1,0.7854,1,12.0,915.0,2.21167516708374,4726128720.0,9545230464.0,120069495328.0,83128213792.0,128044514720.0,5165168.0,ok,,129614725792.0,211172728512.0,Medium,DataSet1/middle/BK_NH3_sto3g_8_electrons_12_spin_orbitals_Hamiltonian_915_paulis.txt,M,0.1,915.0,211172728512.0,211172728512.0,120069495328.0,std
DataSet1/middle/BK_NH3_sto3g_8_electrons_14_spin_orbitals_Hamiltonian_1734_paulis.txt,0.1,0.7854,1,14.0,1734.0,2.8776350021362305,32163327888.0,61488715080.0,946833469072.0,598990973176.0,1002145489696.0,18548632.0,ok,,1008322184152.0,1601136462872.0,Large,DataSet1/middle/BK_NH3_sto3g_8_electrons_14_spin_orbitals_Hamiltonian_1734_paulis.txt,L,0.1,1734.0,1601136462872.0,1601136462872.0,946833469072.0,std
DataSet1/middle/BK_ethylene_sto3g_10_electrons_16_spin_orbitals_Hamiltonian_789_paulis.txt,0.1,0.7854,1,16.0,789.0,2.9342241287231445,3030281529.0,5038947232.0,112454554080.0,49513801612.0,118438303918.0,3840661.0,ok,,117493501312.0,167952105530.0,Medium,DataSet1/middle/BK_ethylene_sto3g_10_electrons_16_spin_orbitals_Hamiltonian_789_paulis.txt,M,0.1,789.0,167952105530.0,167952105530.0,112454554080.0,std
DataSet1/large/BK_ethylene_sto3g_12_electrons_20_spin_orbitals_Hamiltonian_2063_paulis.txt,0.1,0.7854,1,20.0,2063.0,10.562995910644531,54163446100.0,119012555100.0,3239934998800.0,1112726695400.0,3312319206700.0,26254700.0,ok,,3358947553900.0,4425045902100.0,Large,DataSet1/large/BK_ethylene_sto3g_12_electrons_20_spin_orbitals_Hamiltonian_2063_paulis.txt,L,0.1,2063.0,4425045902100.0,4425045902100.0,3239934998800.0,std
DataSet1/middle/JW_BeH2_sto3g_6_electrons_14_spin_orbitals_Hamiltonian_666_paulis.txt,0.1,0.7854,1,14.0,666.0,0.6285810470581055,1822584258.0,3078689625.0,23731907936.0,27850510501.0,29281759100.0,2736613.0,ok,,26810597561.0,57132269601.0,Medium,DataSet1/middle/JW_BeH2_sto3g_6_electrons_14_spin_orbitals_Hamiltonian_666_paulis.txt,M,0.1,666.0,57132269601.0,57132269601.0,23731907936.0,std
DataSet1/middle/JW_C2_sto3g_10_electrons_16_spin_orbitals_Hamiltonian_1177_paulis.txt,0.1,0.7854,1,16.0,1177.0,2.1016550064086914,10059078667.0,16614145224.0,135177950107.0,177354290992.0,167876365553.0,8546371.0,ok,,151792095331.0,345230656545.0,Medium,DataSet1/middle/JW_C2_sto3g_10_electrons_16_spin_orbitals_Hamiltonian_1177_paulis.txt,M,0.1,1177.0,345230656545.0,345230656545.0,135177950107.0,std
DataSet1/middle/JW_C2_sto3g_12_electrons_18_spin_orbitals_Hamiltonian_1884_paulis.txt,0.1,0.7854,1,18.0,1884.0,3.82886004447937,41252840208.0,63806144568.0,614260045836.0,735785132436.0,755426214000.0,21896412.0,ok,,678066190404.0,1491211346436.0,Large,DataSet1/middle/JW_C2_sto3g_12_electrons_18_spin_orbitals_Hamiltonian_1884_paulis.txt,L,0.1,1884.0,1491211346436.0,1491211346436.0,614260045836.0,std
DataSet1/middle/JW_H2O_sto3g_10_electrons_14_spin_orbitals_Hamiltonian_1654_paulis.txt,0.1,0.7854,1,14.0,1654.0,3.9201910495758057,27913979100.0,42748554450.0,272490390900.0,464529791250.0,353380174350.0,16876650.0,ok,,315238945350.0,817909965600.0,Large,DataSet1/middle/JW_H2O_sto3g_10_electrons_14_spin_orbitals_Hamiltonian_1654_paulis.txt,L,0.1,1654.0,817909965600.0,817909965600.0,272490390900.0,std
DataSet1/middle/JW_H2O_sto3g_8_electrons_12_spin_orbitals_Hamiltonian_1219_paulis.txt,0.1,0.7854,1,12.0,1219.0,0.928874969482422,11174761945.0,17280087175.0,94293356330.0,177127768910.0,122042334515.0,9167155.0,ok,,111573443505.0,299170103425.0,Large,DataSet1/middle/JW_H2O_sto3g_8_electrons_12_spin_orbitals_Hamiltonian_1219_paulis.txt,L,0.1,1219.0,299170103425.0,299170103425.0,94293356330.0,std
DataSet1/middle/JW_LiH_sto3g_4_electrons_12_spin_orbitals_Hamiltonian_631_paulis.txt,0.1,0.7854,1,12.0,631.0,0.4250631332397461,1550092515.0,2377954920.0,14849935425.0,23302975590.0,18913093935.0,2456565.0,ok,,17227890345.0,42216069525.0,Medium,DataSet1/middle/JW_LiH_sto3g_4_electrons_12_spin_orbitals_Hamiltonian_631_paulis.txt,M,0.1,631.0,42216069525.0,42216069525.0,14849935425.0,std
DataSet1/middle/JW_N2_sto3g_10_electrons_16_spin_orbitals_Hamiltonian_1177_paulis.txt,0.1,0.7854,1,16.0,1177.0,2.2647509574890137,10059078667.0,16494496030.0,148168434027.0,177354290992.0,181174518829.0,8546371.0,ok,,164662930057.0,358528809821.0,Medium,DataSet1/middle/JW_N2_sto3g_10_electrons_16_spin_orbitals_Hamiltonian_1177_paulis.txt,M,0.1,1177.0,358528809821.0,358528809821.0,148168434027.0,std
DataSet1/large/JW_N2_sto3g_12_electrons_18_spin_orbitals_Hamiltonian_1884_paulis.txt,0.1,0.7854,1,18.0,1884.0,4.563024997711182,41252840208.0,63565284036.0,653148073548.0,735785132436.0,799985412420.0,21896412.0,ok,,716713357584.0,1535770544856.0,Large,DataSet1/large/JW_N2_sto3g_12_electrons_18_spin_orbitals_Hamiltonian_1884_paulis.txt,L,0.1,1884.0,1535770544856.0,1535770544856.0,653148073548.0,std
DataSet1/middle/JW_NH3_sto3g_8_electrons_12_spin_orbitals_Hamiltonian_915_paulis.txt,0.1,0.7854,1,12.0,915.0,0.6632721424102783,4726128720.0,7432676752.0,40980442912.0,77446528992.0,52710539440.0,5165168.0,ok,,48413119664.0,130157068432.0,Medium,DataSet1/middle/JW_NH3_sto3g_8_electrons_12_spin_orbitals_Hamiltonian_915_paulis.txt,M,0.1,915.0,130157068432.0,130157068432.0,40980442912.0,std
DataSet1/middle/JW_NH3_sto3g_8_electrons_14_spin_orbitals_Hamiltonian_1734_paulis.txt,0.1,0.7854,1,14.0,1734.0,1.8631751537323,32163327888.0,48337734992.0,312451706040.0,542603131896.0,406827145656.0,18548632.0,ok,,360789441032.0,949430277552.0,Large,DataSet1/middle/JW_NH3_sto3g_8_electrons_14_spin_orbitals_Hamiltonian_1734_paulis.txt,L,0.1,1734.0,949430277552.0,949430277552.0,312451706040.0,std
DataSet1/middle/JW_ethylene_sto3g_10_electrons_16_spin_orbitals_Hamiltonian_789_paulis.txt,0.1,0.7854,1,16.0,789.0,1.282109022140503,3030281529.0,5269386892.0,50316499761.0,49636702764.0,59495679551.0,3840661.0,ok,,55585886653.0,109132382315.0,Medium,DataSet1/middle/JW_ethylene_sto3g_10_electrons_16_spin_orbitals_Hamiltonian_789_paulis.txt,M,0.1,789.0,109132382315.0,109132382315.0,50316499761.0,std
DataSet1/large/JW_ethylene_sto3g_12_electrons_20_spin_orbitals_Hamiltonian_2063_paulis.txt,0.1,0.7854,1,20.0,2063.0,3.987182855606079,54163446100.0,85275265600.0,1075865096600.0,943856465000.0,1274980741400.0,26254700.0,ok,,1161140362200.0,2218837206400.0,Large,DataSet1/large/JW_ethylene_sto3g_12_electrons_20_spin_orbitals_Hamiltonian_2063_paulis.txt,L,0.1,2063.0,2218837206400.0,2218837206400.0,1075865096600.0,std
DataSet1/middle/MarqSim_BeH2_f_661.txt,0.1,0.7854,1,12.0,661.0,0.5982959270477295,1781845141.0,3558298920.0,34658370617.0,31434336141.0,39090070181.0,2695681.0,ok,,38216669537.0,70524406322.0,Medium,DataSet1/middle/MarqSim_BeH2_f_661.txt,M,0.1,661.0,70524406322.0,70524406322.0,34658370617.0,std
DataSet1/middle/MarqSim_BeH2_unf_661.txt,0.1,0.7854,1,14.0,661.0,0.5773899555206299,1781845141.0,3269861053.0,27760122938.0,27358466469.0,33345573970.0,2695681.0,ok,,31029983991.0,60704040439.0,Medium,DataSet1/middle/MarqSim_BeH2_unf_661.txt,M,0.1,661.0,60704040439.0,60704040439.0,27760122938.0,std
DataSet1/middle/MarqSim_H2O_550.txt,0.1,0.7854,1,12.0,550.0,0.4638509750366211,1026527150.0,2196768101.0,12047695915.0,15883174630.0,14763326830.0,1866413.0,ok,,14244464016.0,30646501460.0,Medium,DataSet1/middle/MarqSim_H2O_550.txt,M,0.1,550.0,30646501460.0,30646501460.0,12047695915.0,std
DataSet1/middle/MarqSim_HF_275.txt,0.1,0.7854,1,10.0,275.0,0.1316070556640625,128345800.0,286561168.0,1167246712.0,1786106824.0,1446340488.0,466712.0,ok,,1453807880.0,3232447312.0,Medium,DataSet1/middle/MarqSim_HF_275.txt,M,0.1,275.0,3232447312.0,3232447312.0,1167246712.0,std
DataSet1/middle/MarqSim_LiH_f_275.txt,0.1,0.7854,1,10.0,275.0,0.0734310150146484,128345800.0,284694320.0,1167246712.0,1786106824.0,1446340488.0,466712.0,ok,,1451941032.0,3232447312.0,Medium,DataSet1/middle/MarqSim_LiH_f_275.txt,M,0.1,275.0,3232447312.0,3232447312.0,1167246712.0,std
DataSet1/middle/MarqSim_LiH_unf_614.txt,0.1,0.7854,1,12.0,614.0,0.5792508125305176,1428160930.0,2342276965.0,16019127565.0,21282854250.0,19743045560.0,2325995.0,ok,,18361404530.0,41025899810.0,Medium,DataSet1/middle/MarqSim_LiH_unf_614.txt,M,0.1,614.0,41025899810.0,41025899810.0,16019127565.0,std
DataSet1/middle/MarqSim_OH-_275.txt,0.1,0.7854,1,10.0,275.0,0.1020610332489013,128345800.0,290761576.0,1236320088.0,1756237256.0,1498612232.0,466712.0,ok,,1527081664.0,3254849488.0,Medium,DataSet1/middle/MarqSim_OH-_275.txt,M,0.1,275.0,3254849488.0,3254849488.0,1236320088.0,std
DataSet1/middle/MarqSim_SYK1_210.txt,0.1,0.7854,1,8.0,210.0,0.123600959777832,57161580.0,228646320.0,1365617366.0,863956452.0,1439383024.0,272198.0,ok,,1594263686.0,2303339476.0,Medium,DataSet1/middle/MarqSim_SYK1_210.txt,M,0.1,210.0,2303339476.0,2303339476.0,1365617366.0,std
DataSet1/middle/MarqSim_SYK2_210.txt,0.1,0.7854,1,10.0,210.0,0.04840087890625,57161580.0,158691434.0,578965146.0,893353836.0,699821058.0,272198.0,ok,,737656580.0,1593174894.0,Medium,DataSet1/middle/MarqSim_SYK2_210.txt,M,0.1,210.0,1593174894.0,1593174894.0,578965146.0,std
DataSet1/large/BK_ethylene_sto3g_16_electrons_28_spin_orbitals_Hamiltonian_8919_paulis.txt,0.1,0.7854,1,28.0,8919.0,75.78817915916443,4376596271742.0,9780237727558.0,342295071434444.0,99515918500036.0,350176772221160.0,490704818.0,ok,,352075309162002.0,449692690721196.0,Large,DataSet1/large/BK_ethylene_sto3g_16_electrons_28_spin_orbitals_Hamiltonian_8919_paulis.txt,L,0.1,8919.0,449692690721196.0,449692690721196.0,342295071434444.0,std
DataSet1/large/JW_ethylene_sto3g_16_electrons_28_spin_orbitals_Hamiltonian_8919_paulis.txt,0.1,0.7854,1,28.0,8919.0,34.734663009643555,4376596271742.0,6730997988506.0,103126524550880.0,81408910715836.0,122545186313594.0,490704818.0,ok,,109857522539386.0,203954097029430.0,Large,DataSet1/large/JW_ethylene_sto3g_16_electrons_28_spin_orbitals_Hamiltonian_8919_paulis.txt,L,0.1,8919.0,203954097029430.0,203954097029430.0,103126524550880.0,std
DataSet1/small/MarqSim_Ar_60.txt,0.1,0.7854,3,8.0,60.0,0.3355681896209717,2655.0,1317.0,5658.0,6071.0,6367.0,1.0,ok,,6975.0,12438.0,Small,DataSet1/small/MarqSim_Ar_60.txt,S,0.1,60.0,12438.0,12438.0,5658.0,qdrift
DataSet1/small/MarqSim_Cl-_60.txt,0.1,0.7854,3,8.0,60.0,0.1727468967437744,1546.0,901.0,3809.0,3586.0,4401.0,1.0,ok,,4710.0,7987.0,Small,DataSet1/small/MarqSim_Cl-_60.txt,S,0.1,60.0,7987.0,7987.0,3809.0,qdrift
DataSet1/small/MarqSim_Na+_60.txt,0.1,0.7854,3,8.0,60.0,0.0998759269714355,1366.0,683.0,2930.0,2990.0,3489.0,1.0,ok,,3613.0,6479.0,Small,DataSet1/small/MarqSim_Na+_60.txt,S,0.1,60.0,6479.0,6479.0,2930.0,qdrift
DataSet1/middle/BK_BeH2_sto3g_6_electrons_14_spin_orbitals_Hamiltonian_666_paulis.txt,0.1,0.7854,3,14.0,666.0,10.134151935577393,14070.0,21332.0,259914.0,63933.0,262688.0,1.0,ok,,281246.0,326621.0,Medium,DataSet1/middle/BK_BeH2_sto3g_6_electrons_14_spin_orbitals_Hamiltonian_666_paulis.txt,M,0.1,666.0,326621.0,326621.0,259914.0,qdrift
DataSet1/middle/BK_C2_sto3g_10_electrons_16_spin_orbitals_Hamiltonian_1177_paulis.txt,0.1,0.7854,3,16.0,1177.0,48.4204740524292,79979.0,77524.0,1095662.0,266032.0,1148775.0,1.0,ok,,1173186.0,1414807.0,Medium,DataSet1/middle/BK_C2_sto3g_10_electrons_16_spin_orbitals_Hamiltonian_1177_paulis.txt,M,0.1,1177.0,1414807.0,1414807.0,1095662.0,qdrift
DataSet1/middle/BK_C2_sto3g_12_electrons_18_spin_orbitals_Hamiltonian_1884_paulis.txt,0.1,0.7854,3,18.0,1884.0,128.3918981552124,237558.0,259552.0,3810263.0,957274.0,3963722.0,1.0,ok,,4069815.0,4920996.0,Large,DataSet1/middle/BK_C2_sto3g_12_electrons_18_spin_orbitals_Hamiltonian_1884_paulis.txt,L,0.1,1884.0,4920996.0,4920996.0,3810263.0,qdrift
DataSet1/middle/BK_H2O_sto3g_10_electrons_14_spin_orbitals_Hamiltonian_1654_paulis.txt,0.1,0.7854,3,14.0,1654.0,74.07190799713135,182672.0,177675.0,1951649.0,622397.0,2082050.0,1.0,ok,,2129324.0,2704447.0,Large,DataSet1/middle/BK_H2O_sto3g_10_electrons_14_spin_orbitals_Hamiltonian_1654_paulis.txt,L,0.1,1654.0,2704447.0,2704447.0,1951649.0,qdrift
DataSet1/middle/BK_H2O_sto3g_8_electrons_12_spin_orbitals_Hamiltonian_1219_paulis.txt,0.1,0.7854,3,12.0,1219.0,7.405833005905151,21888.0,35188.0,301587.0,117823.0,312301.0,1.0,ok,,336775.0,430124.0,Large,DataSet1/middle/BK_H2O_sto3g_8_electrons_12_spin_orbitals_Hamiltonian_1219_paulis.txt,L,0.1,1219.0,430124.0,430124.0,301587.0,qdrift
DataSet1/middle/BK_LiH_sto3g_4_electrons_12_spin_orbitals_Hamiltonian_631_paulis.txt,0.1,0.7854,3,12.0,631.0,1.748517990112305,3810.0,5058.0,49968.0,17488.0,56527.0,1.0,ok,,55026.0,74015.0,Medium,DataSet1/middle/BK_LiH_sto3g_4_electrons_12_spin_orbitals_Hamiltonian_631_paulis.txt,M,0.1,631.0,74015.0,74015.0,49968.0,qdrift
DataSet1/middle/BK_N2_sto3g_10_electrons_16_spin_orbitals_Hamiltonian_1177_paulis.txt,0.1,0.7854,3,16.0,1177.0,38.69222903251648,45441.0,74577.0,1083465.0,235167.0,1128257.0,1.0,ok,,1158042.0,1363424.0,Medium,DataSet1/middle/BK_N2_sto3g_10_electrons_16_spin_orbitals_Hamiltonian_1177_paulis.txt,M,0.1,1177.0,1363424.0,1363424.0,1083465.0,qdrift
DataSet1/middle/BK_N2_sto3g_12_electrons_18_spin_orbitals_Hamiltonian_1884_paulis.txt,0.1,0.7854,3,18.0,1884.0,176.09899592399597,187027.0,232455.0,3657206.0,797965.0,3775395.0,1.0,ok,,3889661.0,4573360.0,Large,DataSet1/middle/BK_N2_sto3g_12_electrons_18_spin_orbitals_Hamiltonian_1884_paulis.txt,L,0.1,1884.0,4573360.0,4573360.0,3657206.0,qdrift
DataSet1/middle/BK_NH3_sto3g_8_electrons_12_spin_orbitals_Hamiltonian_915_paulis.txt,0.1,0.7854,3,12.0,915.0,9.601526021957396,18360.0,30520.0,264020.0,98863.0,273129.0,1.0,ok,,294540.0,371992.0,Medium,DataSet1/middle/BK_NH3_sto3g_8_electrons_12_spin_orbitals_Hamiltonian_915_paulis.txt,M,0.1,915.0,371992.0,371992.0,264020.0,qdrift
DataSet1/middle/BK_NH3_sto3g_8_electrons_14_spin_orbitals_Hamiltonian_1734_paulis.txt,0.1,0.7854,3,14.0,1734.0,19.595252990722656,24144.0,56539.0,617817.0,175296.0,633274.0,1.0,ok,,674356.0,808570.0,Large,DataSet1/middle/BK_NH3_sto3g_8_electrons_14_spin_orbitals_Hamiltonian_1734_paulis.txt,L,0.1,1734.0,808570.0,808570.0,617817.0,qdrift
DataSet1/middle/BK_ethylene_sto3g_10_electrons_16_spin_orbitals_Hamiltonian_789_paulis.txt,0.1,0.7854,3,16.0,789.0,17.00458598136902,22062.0,28245.0,432116.0,98127.0,444987.0,1.0,ok,,460361.0,543114.0,Medium,DataSet1/middle/BK_ethylene_sto3g_10_electrons_16_spin_orbitals_Hamiltonian_789_paulis.txt,M,0.1,789.0,543114.0,543114.0,432116.0,qdrift
DataSet1/large/BK_ethylene_sto3g_12_electrons_20_spin_orbitals_Hamiltonian_2063_paulis.txt,0.1,0.7854,3,20.0,2063.0,125.64142394065856,63452.0,161317.0,2882245.0,436867.0,2895039.0,1.0,ok,,3043562.0,3331906.0,Large,DataSet1/large/BK_ethylene_sto3g_12_electrons_20_spin_orbitals_Hamiltonian_2063_paulis.txt,L,0.1,2063.0,3331906.0,3331906.0,2882245.0,qdrift
DataSet1/middle/JW_BeH2_sto3g_6_electrons_14_spin_orbitals_Hamiltonian_666_paulis.txt,0.1,0.7854,3,14.0,666.0,6.967267036437988,14070.0,16303.0,154115.0,47574.0,155453.0,1.0,ok,,170418.0,203027.0,Medium,DataSet1/middle/JW_BeH2_sto3g_6_electrons_14_spin_orbitals_Hamiltonian_666_paulis.txt,M,0.1,666.0,203027.0,203027.0,154115.0,qdrift
DataSet1/middle/JW_C2_sto3g_10_electrons_16_spin_orbitals_Hamiltonian_1177_paulis.txt,0.1,0.7854,3,16.0,1177.0,19.41649794578552,79979.0,67628.0,678149.0,193672.0,698917.0,1.0,ok,,745777.0,892589.0,Medium,DataSet1/middle/JW_C2_sto3g_10_electrons_16_spin_orbitals_Hamiltonian_1177_paulis.txt,M,0.1,1177.0,892589.0,892589.0,678149.0,qdrift
DataSet1/middle/JW_C2_sto3g_12_electrons_18_spin_orbitals_Hamiltonian_1884_paulis.txt,0.1,0.7854,3,18.0,1884.0,161.34063482284546,237558.0,210251.0,2203822.0,637639.0,2265866.0,1.0,ok,,2414073.0,2903505.0,Large,DataSet1/middle/JW_C2_sto3g_12_electrons_18_spin_orbitals_Hamiltonian_1884_paulis.txt,L,0.1,1884.0,2903505.0,2903505.0,2203822.0,qdrift
DataSet1/middle/JW_H2O_sto3g_10_electrons_14_spin_orbitals_Hamiltonian_1654_paulis.txt,0.1,0.7854,3,14.0,1654.0,42.23340916633606,182672.0,130157.0,1029040.0,488892.0,1084461.0,1.0,ok,,1159197.0,1573353.0,Large,DataSet1/middle/JW_H2O_sto3g_10_electrons_14_spin_orbitals_Hamiltonian_1654_paulis.txt,L,0.1,1654.0,1573353.0,1573353.0,1029040.0,qdrift
DataSet1/middle/JW_H2O_sto3g_8_electrons_12_spin_orbitals_Hamiltonian_1219_paulis.txt,0.1,0.7854,3,12.0,1219.0,4.462963104248047,21888.0,26419.0,183916.0,93684.0,192304.0,1.0,ok,,210335.0,285988.0,Large,DataSet1/middle/JW_H2O_sto3g_8_electrons_12_spin_orbitals_Hamiltonian_1219_paulis.txt,L,0.1,1219.0,285988.0,285988.0,183916.0,qdrift
DataSet1/middle/JW_LiH_sto3g_4_electrons_12_spin_orbitals_Hamiltonian_631_paulis.txt,0.1,0.7854,3,12.0,631.0,0.8193049430847168,3810.0,4012.0,28350.0,12044.0,30908.0,1.0,ok,,32362.0,42952.0,Medium,DataSet1/middle/JW_LiH_sto3g_4_electrons_12_spin_orbitals_Hamiltonian_631_paulis.txt,M,0.1,631.0,42952.0,42952.0,28350.0,qdrift
DataSet1/middle/JW_N2_sto3g_10_electrons_16_spin_orbitals_Hamiltonian_1177_paulis.txt,0.1,0.7854,3,16.0,1177.0,26.83960509300232,45441.0,62633.0,701860.0,179444.0,732067.0,1.0,ok,,764493.0,911511.0,Medium,DataSet1/middle/JW_N2_sto3g_10_electrons_16_spin_orbitals_Hamiltonian_1177_paulis.txt,M,0.1,1177.0,911511.0,911511.0,701860.0,qdrift
DataSet1/large/JW_N2_sto3g_12_electrons_18_spin_orbitals_Hamiltonian_1884_paulis.txt,0.1,0.7854,3,18.0,1884.0,81.28583288192749,187027.0,176390.0,2143027.0,496995.0,2204292.0,1.0,ok,,2319417.0,2701287.0,Large,DataSet1/large/JW_N2_sto3g_12_electrons_18_spin_orbitals_Hamiltonian_1884_paulis.txt,L,0.1,1884.0,2701287.0,2701287.0,2143027.0,qdrift
DataSet1/middle/JW_NH3_sto3g_8_electrons_12_spin_orbitals_Hamiltonian_915_paulis.txt,0.1,0.7854,3,12.0,915.0,5.445452928543091,18360.0,22173.0,155842.0,70883.0,163352.0,1.0,ok,,178015.0,234235.0,Medium,DataSet1/middle/JW_NH3_sto3g_8_electrons_12_spin_orbitals_Hamiltonian_915_paulis.txt,M,0.1,915.0,234235.0,234235.0,155842.0,qdrift
DataSet1/middle/JW_NH3_sto3g_8_electrons_14_spin_orbitals_Hamiltonian_1734_paulis.txt,0.1,0.7854,3,14.0,1734.0,15.56506085395813,24144.0,42934.0,407221.0,134874.0,421867.0,1.0,ok,,450155.0,556741.0,Large,DataSet1/middle/JW_NH3_sto3g_8_electrons_14_spin_orbitals_Hamiltonian_1734_paulis.txt,L,0.1,1734.0,556741.0,556741.0,407221.0,qdrift
DataSet1/middle/JW_ethylene_sto3g_10_electrons_16_spin_orbitals_Hamiltonian_789_paulis.txt,0.1,0.7854,3,16.0,789.0,10.40175986289978,22062.0,26605.0,300352.0,76082.0,307400.0,1.0,ok,,326957.0,383482.0,Medium,DataSet1/middle/JW_ethylene_sto3g_10_electrons_16_spin_orbitals_Hamiltonian_789_paulis.txt,M,0.1,789.0,383482.0,383482.0,300352.0,qdrift
DataSet1/large/JW_ethylene_sto3g_12_electrons_20_spin_orbitals_Hamiltonian_2063_paulis.txt,0.1,0.7854,3,20.0,2063.0,73.92273902893066,63452.0,115537.0,1787519.0,330529.0,1807201.0,1.0,ok,,1903056.0,2137730.0,Large,DataSet1/large/JW_ethylene_sto3g_12_electrons_20_spin_orbitals_Hamiltonian_2063_paulis.txt,L,0.1,2063.0,2137730.0,2137730.0,1787519.0,qdrift
DataSet1/middle/MarqSim_BeH2_f_661.txt,0.1,0.7854,3,12.0,661.0,2.334429979324341,5731.0,12705.0,89228.0,43961.0,98307.0,1.0,ok,,101933.0,142268.0,Medium,DataSet1/middle/MarqSim_BeH2_f_661.txt,M,0.1,661.0,142268.0,142268.0,89228.0,qdrift
DataSet1/middle/MarqSim_BeH2_unf_661.txt,0.1,0.7854,3,14.0,661.0,2.9768412113189697,5731.0,10275.0,96458.0,30399.0,99082.0,1.0,ok,,106733.0,129481.0,Medium,DataSet1/middle/MarqSim_BeH2_unf_661.txt,M,0.1,661.0,129481.0,129481.0,96458.0,qdrift
DataSet1/middle/MarqSim_H2O_550.txt,0.1,0.7854,3,12.0,550.0,4.62483811378479,9143.0,17538.0,128067.0,57431.0,135173.0,1.0,ok,,145605.0,192604.0,Medium,DataSet1/middle/MarqSim_H2O_550.txt,M,0.1,550.0,192604.0,192604.0,128067.0,qdrift
DataSet1/middle/MarqSim_HF_275.txt,0.1,0.7854,3,10.0,275.0,1.7293720245361328,7399.0,7571.0,42031.0,25747.0,47430.0,1.0,ok,,49602.0,73177.0,Medium,DataSet1/middle/MarqSim_HF_275.txt,M,0.1,275.0,73177.0,73177.0,42031.0,qdrift
DataSet1/middle/MarqSim_LiH_f_275.txt,0.1,0.7854,3,10.0,275.0,0.2145619392395019,991.0,1212.0,7259.0,4415.0,8337.0,1.0,ok,,8471.0,12752.0,Medium,DataSet1/middle/MarqSim_LiH_f_275.txt,M,0.1,275.0,12752.0,12752.0,7259.0,qdrift
DataSet1/middle/MarqSim_LiH_unf_614.txt,0.1,0.7854,3,12.0,614.0,0.864109992980957,1900.0,2743.0,20570.0,8164.0,22133.0,1.0,ok,,23313.0,30297.0,Medium,DataSet1/middle/MarqSim_LiH_unf_614.txt,M,0.1,614.0,30297.0,30297.0,20570.0,qdrift
DataSet1/middle/MarqSim_OH-_275.txt,0.1,0.7854,3,10.0,275.0,1.228712797164917,4290.0,6081.0,32001.0,21382.0,34901.0,1.0,ok,,38082.0,56283.0,Medium,DataSet1/middle/MarqSim_OH-_275.txt,M,0.1,275.0,56283.0,56283.0,32001.0,qdrift
DataSet1/middle/MarqSim_SYK1_210.txt,0.1,0.7854,3,8.0,210.0,77.5576400756836,133965.0,545343.0,3328954.0,2095993.0,3511491.0,1.0,ok,,3874297.0,5607484.0,Medium,DataSet1/middle/MarqSim_SYK1_210.txt,M,0.1,210.0,5607484.0,5607484.0,3328954.0,qdrift
DataSet1/middle/MarqSim_SYK2_210.txt,0.1,0.7854,3,10.0,210.0,30.11867594718933,145168.0,383648.0,1447866.0,2240048.0,1761778.0,1.0,ok,,1831514.0,4001826.0,Medium,DataSet1/middle/MarqSim_SYK2_210.txt,M,0.1,210.0,4001826.0,4001826.0,1447866.0,qdrift
DataSet1/large/BK_ethylene_sto3g_16_electrons_28_spin_orbitals_Hamiltonian_8919_paulis.txt,0.1,0.7854,3,28.0,8919.0,1817.703082084656,599611.0,1627277.0,40007592.0,4178410.0,40389973.0,1.0,ok,,41634869.0,44568383.0,Large,DataSet1/large/BK_ethylene_sto3g_16_electrons_28_spin_orbitals_Hamiltonian_8919_paulis.txt,L,0.1,8919.0,44568383.0,44568383.0,40007592.0,qdrift
DataSet1/large/JW_ethylene_sto3g_16_electrons_28_spin_orbitals_Hamiltonian_8919_paulis.txt,0.1,0.7854,3,28.0,8919.0,1208.8674929141998,599611.0,1161143.0,26907773.0,3283571.0,27192071.0,1.0,ok,,28068916.0,30475642.0,Large,DataSet1/large/JW_ethylene_sto3g_16_electrons_28_spin_orbitals_Hamiltonian_8919_paulis.txt,L,0.1,8919.0,30475642.0,30475642.0,26907773.0,qdrift
