polar_index,file_name,error,time,path_flag_q,nqubit_q,program_size_q,compilation_time_q,compilation_terms_q,single_qubit_gates_q,multi_qubit_gates_q,single_qubit_gates_bfopt_q,multi_qubit_gates_bfopt_q,trotter_step_q,status_q,message_q,total_q,before_q,bucket_q,path_flag_o,nqubit_o,program_size_o,compilation_time_o,compilation_terms_o,single_qubit_gates_o,multi_qubit_gates_o,single_qubit_gates_bfopt_o,multi_qubit_gates_bfopt_o,trotter_step_o,status_o,message_o,total_o,before_o,bucket_o
1,DataSet1/small/MarqSim_Ar_60.txt,0.1,0.7854,1,8.0,60.0,0.0064339637756347,1335240.0,2447940.0,9346680.0,13263384.0,10859952.0,22254.0,ok,,11794620.0,24123336.0,Small,11,8.0,60.0,0.0006098747253417,1335240.0,14954688.0,1335240.0,14954688.0,1335240.0,22254.0,ok,,16289928.0,16289928.0,Small
2,DataSet1/small/MarqSim_Cl-_60.txt,0.1,0.7854,1,8.0,60.0,0.0064821243286132,1335240.0,2447940.0,9346680.0,13263384.0,10859952.0,22254.0,ok,,11794620.0,24123336.0,Small,11,8.0,60.0,0.0006048679351806,1335240.0,14954688.0,1335240.0,14954688.0,1335240.0,22254.0,ok,,16289928.0,16289928.0,Small
3,DataSet1/small/MarqSim_Na+_60.txt,0.1,0.7854,1,8.0,60.0,0.0090210437774658,1335240.0,2447940.0,9346680.0,13263384.0,10859952.0,22254.0,ok,,11794620.0,24123336.0,Small,11,8.0,60.0,0.0005409717559814,1335240.0,14954688.0,1335240.0,14954688.0,1335240.0,22254.0,ok,,16289928.0,16289928.0,Small
4,DataSet1/middle/BK_BeH2_sto3g_6_electrons_14_spin_orbitals_Hamiltonian_666_paulis.txt,0.1,0.7854,1,14.0,666.0,2.1281161308288574,1822584258.0,3891463686.0,58733188206.0,32349502273.0,61976074611.0,2736613.0,ok,,62624651892.0,94325576884.0,Medium,11,14.0,666.0,0.001101016998291,1822584258.0,30004224932.0,1822584258.0,30004224932.0,1822584258.0,2736613.0,ok,,31826809190.0,31826809190.0,Medium
5,DataSet1/middle/BK_C2_sto3g_10_electrons_16_spin_orbitals_Hamiltonian_1177_paulis.txt,0.1,0.7854,1,16.0,1177.0,9.432393074035645,10059078667.0,17690987970.0,377758144571.0,181866774880.0,398072868438.0,8546371.0,ok,,395449132541.0,579939643318.0,Medium,11,16.0,1177.0,0.0029060840606689,10059078667.0,182328278914.0,10059078667.0,182328278914.0,10059078667.0,8546371.0,ok,,192387357581.0,192387357581.0,Medium
6,DataSet1/middle/BK_LiH_sto3g_4_electrons_12_spin_orbitals_Hamiltonian_631_paulis.txt,0.1,0.7854,1,12.0,631.0,1.842211961746216,1550092515.0,3193534500.0,43513135845.0,26054328390.0,46303793685.0,2456565.0,ok,,46706670345.0,72358122075.0,Medium,11,12.0,631.0,0.0012319087982177,1550092515.0,26019936480.0,1550092515.0,26019936480.0,1550092515.0,2456565.0,ok,,27570028995.0,27570028995.0,Medium
7,DataSet1/middle/BK_N2_sto3g_10_electrons_16_spin_orbitals_Hamiltonian_1177_paulis.txt,0.1,0.7854,1,16.0,1177.0,4.0055131912231445,10059078667.0,18340512166.0,390543515587.0,182208629720.0,405550943063.0,8546371.0,ok,,408884027753.0,587759572783.0,Medium,11,16.0,1177.0,0.0019688606262207,10059078667.0,186208331348.0,10059078667.0,186208331348.0,10059078667.0,8546371.0,ok,,196267410015.0,196267410015.0,Medium
8,DataSet1/middle/BK_NH3_sto3g_8_electrons_12_spin_orbitals_Hamiltonian_915_paulis.txt,0.1,0.7854,1,12.0,915.0,2.21167516708374,4726128720.0,9545230464.0,120069495328.0,83128213792.0,128044514720.0,5165168.0,ok,,129614725792.0,211172728512.0,Medium,11,12.0,915.0,0.0019710063934326,4726128720.0,75680041536.0,4726128720.0,75680041536.0,4726128720.0,5165168.0,ok,,80406170256.0,80406170256.0,Medium
9,DataSet1/middle/BK_ethylene_sto3g_10_electrons_16_spin_orbitals_Hamiltonian_789_paulis.txt,0.1,0.7854,1,16.0,789.0,2.9342241287231445,3030281529.0,5038947232.0,112454554080.0,49513801612.0,118438303918.0,3840661.0,ok,,117493501312.0,167952105530.0,Medium,11,16.0,789.0,0.0017900466918945,3030281529.0,56234958362.0,3030281529.0,56234958362.0,3030281529.0,3840661.0,ok,,59265239891.0,59265239891.0,Medium
10,DataSet1/middle/JW_BeH2_sto3g_6_electrons_14_spin_orbitals_Hamiltonian_666_paulis.txt,0.1,0.7854,1,14.0,666.0,0.6285810470581055,1822584258.0,3078689625.0,23731907936.0,27850510501.0,29281759100.0,2736613.0,ok,,26810597561.0,57132269601.0,Medium,11,14.0,666.0,0.0017139911651611,1822584258.0,38684761368.0,1822584258.0,38684761368.0,1822584258.0,2736613.0,ok,,40507345626.0,40507345626.0,Medium
11,DataSet1/middle/JW_C2_sto3g_10_electrons_16_spin_orbitals_Hamiltonian_1177_paulis.txt,0.1,0.7854,1,16.0,1177.0,2.1016550064086914,10059078667.0,16614145224.0,135177950107.0,177354290992.0,167876365553.0,8546371.0,ok,,151792095331.0,345230656545.0,Medium,11,16.0,1177.0,0.0025961399078369,10059078667.0,227812065376.0,10059078667.0,227812065376.0,10059078667.0,8546371.0,ok,,237871144043.0,237871144043.0,Medium
12,DataSet1/middle/JW_LiH_sto3g_4_electrons_12_spin_orbitals_Hamiltonian_631_paulis.txt,0.1,0.7854,1,12.0,631.0,0.4250631332397461,1550092515.0,2377954920.0,14849935425.0,23302975590.0,18913093935.0,2456565.0,ok,,17227890345.0,42216069525.0,Medium,11,12.0,631.0,0.00095796585083,1550092515.0,27238392720.0,1550092515.0,27238392720.0,1550092515.0,2456565.0,ok,,28788485235.0,28788485235.0,Medium
13,DataSet1/middle/JW_N2_sto3g_10_electrons_16_spin_orbitals_Hamiltonian_1177_paulis.txt,0.1,0.7854,1,16.0,1177.0,2.2647509574890137,10059078667.0,16494496030.0,148168434027.0,177354290992.0,181174518829.0,8546371.0,ok,,164662930057.0,358528809821.0,Medium,11,16.0,1177.0,0.0035231113433837,10059078667.0,230273420224.0,10059078667.0,230273420224.0,10059078667.0,8546371.0,ok,,240332498891.0,240332498891.0,Medium
14,DataSet1/middle/JW_NH3_sto3g_8_electrons_12_spin_orbitals_Hamiltonian_915_paulis.txt,0.1,0.7854,1,12.0,915.0,0.6632721424102783,4726128720.0,7432676752.0,40980442912.0,77446528992.0,52710539440.0,5165168.0,ok,,48413119664.0,130157068432.0,Medium,11,12.0,915.0,0.0019898414611816,4726128720.0,77064306560.0,4726128720.0,77064306560.0,4726128720.0,5165168.0,ok,,81790435280.0,81790435280.0,Medium
15,DataSet1/middle/JW_ethylene_sto3g_10_electrons_16_spin_orbitals_Hamiltonian_789_paulis.txt,0.1,0.7854,1,16.0,789.0,1.282109022140503,3030281529.0,5269386892.0,50316499761.0,49636702764.0,59495679551.0,3840661.0,ok,,55585886653.0,109132382315.0,Medium,11,16.0,789.0,0.0015850067138671,3030281529.0,69562052032.0,3030281529.0,69562052032.0,3030281529.0,3840661.0,ok,,72592333561.0,72592333561.0,Medium
16,DataSet1/middle/MarqSim_BeH2_f_661.txt,0.1,0.7854,1,12.0,661.0,0.5982959270477295,1781845141.0,3558298920.0,34658370617.0,31434336141.0,39090070181.0,2695681.0,ok,,38216669537.0,70524406322.0,Medium,11,12.0,661.0,0.0006890296936035,1781845141.0,22050670580.0,1781845141.0,22050670580.0,1781845141.0,2695681.0,ok,,23832515721.0,23832515721.0,Medium
17,DataSet1/middle/MarqSim_BeH2_unf_661.txt,0.1,0.7854,1,14.0,661.0,0.5773899555206299,1781845141.0,3269861053.0,27760122938.0,27358466469.0,33345573970.0,2695681.0,ok,,31029983991.0,60704040439.0,Medium,11,14.0,661.0,0.0010430812835693,1781845141.0,37890492136.0,1781845141.0,37890492136.0,1781845141.0,2695681.0,ok,,39672337277.0,39672337277.0,Medium
18,DataSet1/middle/MarqSim_H2O_550.txt,0.1,0.7854,1,12.0,550.0,0.4638509750366211,1026527150.0,2196768101.0,12047695915.0,15883174630.0,14763326830.0,1866413.0,ok,,14244464016.0,30646501460.0,Medium,11,12.0,550.0,0.0011470317840576,1026527150.0,17827976976.0,1026527150.0,17827976976.0,1026527150.0,1866413.0,ok,,18854504126.0,18854504126.0,Medium
19,DataSet1/middle/MarqSim_HF_275.txt,0.1,0.7854,1,10.0,275.0,0.1316070556640625,128345800.0,286561168.0,1167246712.0,1786106824.0,1446340488.0,466712.0,ok,,1453807880.0,3232447312.0,Medium,11,10.0,275.0,0.0007479190826416,128345800.0,1922853440.0,128345800.0,1922853440.0,128345800.0,466712.0,ok,,2051199240.0,2051199240.0,Medium
20,DataSet1/middle/MarqSim_LiH_f_275.txt,0.1,0.7854,1,10.0,275.0,0.0734310150146484,128345800.0,284694320.0,1167246712.0,1786106824.0,1446340488.0,466712.0,ok,,1451941032.0,3232447312.0,Medium,11,10.0,275.0,0.0004868507385253,128345800.0,1922853440.0,128345800.0,1922853440.0,128345800.0,466712.0,ok,,2051199240.0,2051199240.0,Medium
21,DataSet1/middle/MarqSim_LiH_unf_614.txt,0.1,0.7854,1,12.0,614.0,0.5792508125305176,1428160930.0,2342276965.0,16019127565.0,21282854250.0,19743045560.0,2325995.0,ok,,18361404530.0,41025899810.0,Medium,11,12.0,614.0,0.0009181499481201,1428160930.0,24748586800.0,1428160930.0,24748586800.0,1428160930.0,2325995.0,ok,,26176747730.0,26176747730.0,Medium
22,DataSet1/middle/MarqSim_OH-_275.txt,0.1,0.7854,1,10.0,275.0,0.1020610332489013,128345800.0,290761576.0,1236320088.0,1756237256.0,1498612232.0,466712.0,ok,,1527081664.0,3254849488.0,Medium,11,10.0,275.0,0.0007498264312744,128345800.0,1878049088.0,128345800.0,1878049088.0,128345800.0,466712.0,ok,,2006394888.0,2006394888.0,Medium
23,DataSet1/middle/MarqSim_SYK1_210.txt,0.1,0.7854,1,8.0,210.0,0.123600959777832,57161580.0,228646320.0,1365617366.0,863956452.0,1439383024.0,272198.0,ok,,1594263686.0,2303339476.0,Medium,11,8.0,210.0,0.0009169578552246,57161580.0,757799232.0,57161580.0,757799232.0,57161580.0,272198.0,ok,,814960812.0,814960812.0,Medium
24,DataSet1/middle/MarqSim_SYK2_210.txt,0.1,0.7854,1,10.0,210.0,0.04840087890625,57161580.0,158691434.0,578965146.0,893353836.0,699821058.0,272198.0,ok,,737656580.0,1593174894.0,Medium,11,10.0,210.0,0.0008819103240966,57161580.0,524797744.0,57161580.0,524797744.0,57161580.0,272198.0,ok,,581959324.0,581959324.0,Medium
25,DataSet1/large/BK_ethylene_sto3g_12_electrons_20_spin_orbitals_Hamiltonian_2063_paulis.txt,0.1,0.7854,1,20.0,2063.0,10.562995910644531,54163446100.0,119012555100.0,3239934998800.0,1112726695400.0,3312319206700.0,26254700.0,ok,,3358947553900.0,4425045902100.0,Large,11,20.0,2063.0,0.0051479339599609,54163446100.0,1150165897600.0,54163446100.0,1150165897600.0,54163446100.0,26254700.0,ok,,1204329343700.0,1204329343700.0,Large
26,DataSet1/large/BK_ethylene_sto3g_16_electrons_28_spin_orbitals_Hamiltonian_8919_paulis.txt,0.1,0.7854,1,28.0,8919.0,75.78817915916443,4376596271742.0,9780237727558.0,342295071434444.0,99515918500036.0,350176772221160.0,490704818.0,ok,,352075309162002.0,449692690721196.0,Large,11,28.0,8919.0,0.051177978515625,4376596271742.0,102156891830512.0,4376596271742.0,102156891830512.0,4376596271742.0,490704818.0,ok,,106533488102254.0,106533488102254.0,Large
27,DataSet1/large/JW_N2_sto3g_12_electrons_18_spin_orbitals_Hamiltonian_1884_paulis.txt,0.1,0.7854,1,18.0,1884.0,4.563024997711182,41252840208.0,63565284036.0,653148073548.0,735785132436.0,799985412420.0,21896412.0,ok,,716713357584.0,1535770544856.0,Large,11,18.0,1884.0,0.0047831535339355,41252840208.0,1073624873184.0,41252840208.0,1073624873184.0,41252840208.0,21896412.0,ok,,1114877713392.0,1114877713392.0,Large
28,DataSet1/large/JW_ethylene_sto3g_12_electrons_20_spin_orbitals_Hamiltonian_2063_paulis.txt,0.1,0.7854,1,20.0,2063.0,3.987182855606079,54163446100.0,85275265600.0,1075865096600.0,943856465000.0,1274980741400.0,26254700.0,ok,,1161140362200.0,2218837206400.0,Large,11,20.0,2063.0,0.005760908126831,54163446100.0,1635772828800.0,54163446100.0,1635772828800.0,54163446100.0,26254700.0,ok,,1689936274900.0,1689936274900.0,Large
29,DataSet1/large/JW_ethylene_sto3g_16_electrons_28_spin_orbitals_Hamiltonian_8919_paulis.txt,0.1,0.7854,1,28.0,8919.0,34.734663009643555,4376596271742.0,6730997988506.0,103126524550880.0,81408910715836.0,122545186313594.0,490704818.0,ok,,109857522539386.0,203954097029430.0,Large,11,28.0,8919.0,0.0687520503997802,4376596271742.0,192843067835456.0,4376596271742.0,192843067835456.0,4376596271742.0,490704818.0,ok,,197219664107198.0,197219664107198.0,Large
30,DataSet1/middle/BK_C2_sto3g_12_electrons_18_spin_orbitals_Hamiltonian_1884_paulis.txt,0.1,0.7854,1,18.0,1884.0,9.989098072052002,41252840208.0,82330509120.0,1886266411740.0,813911530452.0,1958480778516.0,21896412.0,ok,,1968596920860.0,2772392308968.0,Large,11,18.0,1884.0,0.0060710906982421,41252840208.0,846340116624.0,41252840208.0,846340116624.0,41252840208.0,21896412.0,ok,,887592956832.0,887592956832.0,Large
31,DataSet1/middle/BK_H2O_sto3g_10_electrons_14_spin_orbitals_Hamiltonian_1654_paulis.txt,0.1,0.7854,1,14.0,1654.0,7.826916933059692,27913979100.0,50680579950.0,799480663800.0,502130967450.0,851882662050.0,16876650.0,ok,,850161243750.0,1354013629500.0,Large,11,14.0,1654.0,0.0040349960327148,27913979100.0,451450387500.0,27913979100.0,451450387500.0,27913979100.0,16876650.0,ok,,479364366600.0,479364366600.0,Large
32,DataSet1/middle/BK_H2O_sto3g_8_electrons_12_spin_orbitals_Hamiltonian_1219_paulis.txt,0.1,0.7854,1,12.0,1219.0,2.446272850036621,11174761945.0,21313635375.0,293559804565.0,190145129010.0,307457211545.0,9167155.0,ok,,314873439940.0,497602340555.0,Large,11,12.0,1219.0,0.0024311542510986,11174761945.0,180849633840.0,11174761945.0,180849633840.0,11174761945.0,9167155.0,ok,,192024395785.0,192024395785.0,Large
33,DataSet1/middle/BK_N2_sto3g_12_electrons_18_spin_orbitals_Hamiltonian_1884_paulis.txt,0.1,0.7854,1,18.0,1884.0,15.1965970993042,41252840208.0,84082222080.0,1948036189992.0,822757680900.0,2022111751788.0,21896412.0,ok,,2032118412072.0,2844869432688.0,Large,11,18.0,1884.0,0.0040609836578369,41252840208.0,828472644432.0,41252840208.0,828472644432.0,41252840208.0,21896412.0,ok,,869725484640.0,869725484640.0,Large
34,DataSet1/middle/BK_NH3_sto3g_8_electrons_14_spin_orbitals_Hamiltonian_1734_paulis.txt,0.1,0.7854,1,14.0,1734.0,2.8776350021362305,32163327888.0,61488715080.0,946833469072.0,598990973176.0,1002145489696.0,18548632.0,ok,,1008322184152.0,1601136462872.0,Large,11,14.0,1734.0,0.0039360523223876,32163327888.0,518916528832.0,32163327888.0,518916528832.0,32163327888.0,18548632.0,ok,,551079856720.0,551079856720.0,Large
35,DataSet1/middle/JW_C2_sto3g_12_electrons_18_spin_orbitals_Hamiltonian_1884_paulis.txt,0.1,0.7854,1,18.0,1884.0,3.82886004447937,41252840208.0,63806144568.0,614260045836.0,735785132436.0,755426214000.0,21896412.0,ok,,678066190404.0,1491211346436.0,Large,11,18.0,1884.0,0.0070469379425048,41252840208.0,1052604317664.0,41252840208.0,1052604317664.0,41252840208.0,21896412.0,ok,,1093857157872.0,1093857157872.0,Large
36,DataSet1/middle/JW_H2O_sto3g_10_electrons_14_spin_orbitals_Hamiltonian_1654_paulis.txt,0.1,0.7854,1,14.0,1654.0,3.9201910495758057,27913979100.0,42748554450.0,272490390900.0,464529791250.0,353380174350.0,16876650.0,ok,,315238945350.0,817909965600.0,Large,11,14.0,1654.0,0.0030758380889892,27913979100.0,545318314800.0,27913979100.0,545318314800.0,27913979100.0,16876650.0,ok,,573232293900.0,573232293900.0,Large
37,DataSet1/middle/JW_H2O_sto3g_8_electrons_12_spin_orbitals_Hamiltonian_1219_paulis.txt,0.1,0.7854,1,12.0,1219.0,0.928874969482422,11174761945.0,17280087175.0,94293356330.0,177127768910.0,122042334515.0,9167155.0,ok,,111573443505.0,299170103425.0,Large,11,12.0,1219.0,0.0014209747314453,11174761945.0,187523322680.0,11174761945.0,187523322680.0,11174761945.0,9167155.0,ok,,198698084625.0,198698084625.0,Large
38,DataSet1/middle/JW_NH3_sto3g_8_electrons_14_spin_orbitals_Hamiltonian_1734_paulis.txt,0.1,0.7854,1,14.0,1734.0,1.8631751537323,32163327888.0,48337734992.0,312451706040.0,542603131896.0,406827145656.0,18548632.0,ok,,360789441032.0,949430277552.0,Large,11,14.0,1734.0,0.0031239986419677,32163327888.0,637776162688.0,32163327888.0,637776162688.0,32163327888.0,18548632.0,ok,,669939490576.0,669939490576.0,Large
