dataset,format,input_name,t,qblue_err,qblue_pipeline,qblue_grouping,qblue_algorithm,qblue_backend,qblue_ok,qblue_wall_s,qblue_qubits,qblue_gates_opt_total,qblue_gates_opt_CX,tetris_compiler,tetris_order_method,tetris_qiskit_opt,tetris_reverse_labels,tetris_ok,tetris_wall_s,tetris_qubits,tetris_depth,tetris_gates_opt_total,tetris_gates_opt_CX,ratio_wall_s,ratio_gates_opt_total,ratio_gates_opt_CX,qblue_stderr_tail,tetris_error
MarQSim_dataset,marqsim,_Pauli_string_Ar.txt,0.1,0.1,qdrift,none,Trotterization (QDrift),IBMDigital,True,0.047840,8,59,43,tetris,,True,False,True,0.034521,8,277,400,219,0.721593,6.77966,5.09302,"[DBG] Expected error: 0.100000;   t: 0.100000\n[DBG] Analyzing /Users/jbg/Development/particleSystem/QBlue_Benchmark_Datasets/MarQSim_dataset/_Pauli_string_Ar.txt:\n[DBG] Length of Pauli String 60\n\n[DBG] ---- Trotterization (QDrift) -> IBMDigital circuits: ----\n[DBG] Dealing with 47 pauli strings; lambda = 14.603033; relaxation factor: 1.064112.\n[DBG] Input circuit uses 8 qubits, has 97 gates:  { H : 6, X : 0, Rzq : 53, CX : 38 }.\n[DBG] After optimization, the circuit uses 59 gates : { U1 : 12, U2 : 4, U3 : 0, CX : 43 }.\n\n",
MarQSim_dataset,marqsim,_Pauli_string_Cl-.txt,0.1,0.1,qdrift,none,Trotterization (QDrift),IBMDigital,True,0.025421,8,63,44,tetris,,True,False,True,0.029538,8,277,400,219,1.16195,6.34921,4.97727,"[DBG] Expected error: 0.100000;   t: 0.100000\n[DBG] Analyzing /Users/jbg/Development/particleSystem/QBlue_Benchmark_Datasets/MarQSim_dataset/_Pauli_string_Cl-.txt:\n[DBG] Length of Pauli String 60\n\n[DBG] ---- Trotterization (QDrift) -> IBMDigital circuits: ----\n[DBG] Dealing with 28 pauli strings; lambda = 11.128880; relaxation factor: 1.082737.\n[DBG] Input circuit uses 8 qubits, has 80 gates:  { H : 12, X : 0, Rzq : 34, CX : 34 }.\n[DBG] After optimization, the circuit uses 63 gates : { U1 : 9, U2 : 10, U3 : 0, CX : 44 }.\n\n",
MarQSim_dataset,marqsim,_Pauli_string_Na+.txt,0.1,0.1,qdrift,none,Trotterization (QDrift),IBMDigital,True,0.024457,8,32,18,tetris,,True,False,True,0.030024,8,277,400,219,1.22762,12.5,12.1667,"[DBG] Expected error: 0.100000;   t: 0.100000\n[DBG] Analyzing /Users/jbg/Development/particleSystem/QBlue_Benchmark_Datasets/MarQSim_dataset/_Pauli_string_Na+.txt:\n[DBG] Length of Pauli String 60\n\n[DBG] ---- Trotterization (QDrift) -> IBMDigital circuits: ----\n[DBG] Dealing with 25 pauli strings; lambda = 10.456210; relaxation factor: 1.087248.\n[DBG] Input circuit uses 8 qubits, has 51 gates:  { H : 6, X : 0, Rzq : 27, CX : 18 }.\n[DBG] After optimization, the circuit uses 32 gates : { U1 : 10, U2 : 4, U3 : 0, CX : 18 }.\n\n",
MarQSim_dataset,marqsim,_Pauli_string_SYK1.txt,0.1,0.1,qdrift,none,Trotterization (QDrift),IBMDigital,True,3.000049,8,23340,16592,tetris,,True,False,True,0.105196,8,1053,1435,663,0.0350648,0.0614824,0.039959,"[DBG] Expected error: 0.100000;   t: 0.100000\n[DBG] Analyzing /var/folders/8l/ycc5vbn93_56mddr52w8zp040000gn/T/qblue_bench_65n1mbhl/_Pauli_string_SYK1.768984afcc13.unix.txt:\n[DBG] Length of Pauli String 210\n\n[DBG] ---- Trotterization (QDrift) -> IBMDigital circuits: ----\n[DBG] Dealing with 2191 pauli strings; lambda = 104.141124; relaxation factor: 1.009552.\n[DBG] Input circuit uses 8 qubits, has 38275 gates:  { H : 12124, X : 0, Rzq : 8523, CX : 17628 }.\n[DBG] After optimization, the circuit uses 23340 gates : { U1 : 2040, U2 : 4663, U3 : 45, CX : 16592 }.\n\n",
MarQSim_dataset,marqsim,_Pauli_string_SYK2.txt,0.1,0.1,qdrift,none,Trotterization (QDrift),IBMDigital,True,6.408052,10,6415,3290,tetris,,True,False,True,0.054900,10,1093,1485,667,0.00856735,0.231489,0.202736,"[DBG] Expected error: 0.100000;   t: 0.100000\n[DBG] Analyzing /var/folders/8l/ycc5vbn93_56mddr52w8zp040000gn/T/qblue_bench_65n1mbhl/_Pauli_string_SYK2.4c135e6ff830.unix.txt:\n[DBG] Length of Pauli String 210\n\n[DBG] ---- Trotterization (QDrift) -> IBMDigital circuits: ----\n[DBG] Dealing with 2373 pauli strings; lambda = 108.410952; relaxation factor: 1.009179.\n[DBG] Input circuit uses 10 qubits, has 31487 gates:  { H : 10064, X : 0, Rzq : 7769, CX : 13654 }.\n[DBG] After optimization, the circuit uses 6415 gates : { U1 : 1692, U2 : 1108, U3 : 325, CX : 3290 }.\n\n",
MarQSim_dataset,marqsim,_Pauli_string_HF.txt,0.1,0.1,qdrift,none,Trotterization (QDrift),IBMDigital,True,0.033133,10,127,80,tetris,,True,False,True,0.183524,10,1848,2572,1357,5.53901,20.252,16.9625,"[DBG] Expected error: 0.100000;   t: 0.100000\n[DBG] Analyzing /Users/jbg/Development/particleSystem/QBlue_Benchmark_Datasets/MarQSim_dataset/_Pauli_string_HF.txt:\n[DBG] Length of Pauli String 275\n\n[DBG] ---- Trotterization (QDrift) -> IBMDigital circuits: ----\n[DBG] Dealing with 125 pauli strings; lambda = 24.424906; relaxation factor: 1.039854.\n[DBG] Input circuit uses 10 qubits, has 301 gates:  { H : 32, X : 0, Rzq : 137, CX : 132 }.\n[DBG] After optimization, the circuit uses 127 gates : { U1 : 27, U2 : 17, U3 : 3, CX : 80 }.\n\n",
MarQSim_dataset,marqsim,_Pauli_string_OH-.txt,0.1,0.1,qdrift,none,Trotterization (QDrift),IBMDigital,True,0.032165,10,156,103,tetris,,True,False,True,0.180104,10,1771,2535,1318,5.59938,16.25,12.7961,"[DBG] Expected error: 0.100000;   t: 0.100000\n[DBG] Analyzing /Users/jbg/Development/particleSystem/QBlue_Benchmark_Datasets/MarQSim_dataset/_Pauli_string_OH-.txt:\n[DBG] Length of Pauli String 275\n\n[DBG] ---- Trotterization (QDrift) -> IBMDigital circuits: ----\n[DBG] Dealing with 74 pauli strings; lambda = 18.581708; relaxation factor: 1.051503.\n[DBG] Input circuit uses 10 qubits, has 282 gates:  { H : 52, X : 0, Rzq : 96, CX : 134 }.\n[DBG] After optimization, the circuit uses 156 gates : { U1 : 26, U2 : 22, U3 : 5, CX : 103 }.\n\n",
MarQSim_dataset,marqsim,_Pauli_string_LiH_f.txt,0.1,0.1,qdrift,none,Trotterization (QDrift),IBMDigital,True,0.028159,10,33,23,tetris,,True,False,True,0.180153,10,1848,2572,1357,6.39771,77.9394,59,"[DBG] Expected error: 0.100000;   t: 0.100000\n[DBG] Analyzing /Users/jbg/Development/particleSystem/QBlue_Benchmark_Datasets/MarQSim_dataset/_Pauli_string_LiH_f.txt:\n[DBG] Length of Pauli String 275\n\n[DBG] ---- Trotterization (QDrift) -> IBMDigital circuits: ----\n[DBG] Dealing with 18 pauli strings; lambda = 8.894264; relaxation factor: 1.103873.\n[DBG] Input circuit uses 10 qubits, has 62 gates:  { H : 8, X : 0, Rzq : 20, CX : 34 }.\n[DBG] After optimization, the circuit uses 33 gates : { U1 : 8, U2 : 2, U3 : 0, CX : 23 }.\n\n",
MarQSim_dataset,marqsim,_Pauli_string_H2O.txt,0.1,0.1,qdrift,none,Trotterization (QDrift),IBMDigital,True,0.038363,12,380,258,tetris,,True,False,True,0.433791,12,3925,5728,3068,11.3075,15.0737,11.8915,"[DBG] Expected error: 0.100000;   t: 0.100000\n[DBG] Analyzing /Users/jbg/Development/particleSystem/QBlue_Benchmark_Datasets/MarQSim_dataset/_Pauli_string_H2O.txt:\n[DBG] Length of Pauli String 550\n\n[DBG] ---- Trotterization (QDrift) -> IBMDigital circuits: ----\n[DBG] Dealing with 154 pauli strings; lambda = 27.158985; relaxation factor: 1.035901.\n[DBG] Input circuit uses 12 qubits, has 1040 gates:  { H : 194, X : 0, Rzq : 250, CX : 596 }.\n[DBG] After optimization, the circuit uses 380 gates : { U1 : 59, U2 : 49, U3 : 14, CX : 258 }.\n\n",
MarQSim_dataset,marqsim,_Pauli_string_LiH_unf.txt,0.1,0.1,qdrift,none,Trotterization (QDrift),IBMDigital,True,0.037333,12,82,58,tetris,,True,False,True,0.460331,12,4338,6124,3246,12.3304,74.6829,55.9655,"[DBG] Expected error: 0.100000;   t: 0.100000\n[DBG] Analyzing /Users/jbg/Development/particleSystem/QBlue_Benchmark_Datasets/MarQSim_dataset/_Pauli_string_LiH_unf.txt:\n[DBG] Length of Pauli String 614\n\n[DBG] ---- Trotterization (QDrift) -> IBMDigital circuits: ----\n[DBG] Dealing with 34 pauli strings; lambda = 12.341623; relaxation factor: 1.075298.\n[DBG] Input circuit uses 12 qubits, has 142 gates:  { H : 20, X : 0, Rzq : 42, CX : 80 }.\n[DBG] After optimization, the circuit uses 82 gates : { U1 : 12, U2 : 11, U3 : 1, CX : 58 }.\n\n",
MarQSim_dataset,marqsim,_Pauli_string_BeH2_f.txt,0.1,0.1,qdrift,none,Trotterization (QDrift),IBMDigital,True,0.040973,12,246,156,tetris,,True,False,True,0.734831,12,4282,6198,3330,17.9345,25.1951,21.3462,"[DBG] Expected error: 0.100000;   t: 0.100000\n[DBG] Analyzing /Users/jbg/Development/particleSystem/QBlue_Benchmark_Datasets/MarQSim_dataset/_Pauli_string_BeH2_f.txt:\n[DBG] Length of Pauli String 661\n\n[DBG] ---- Trotterization (QDrift) -> IBMDigital circuits: ----\n[DBG] Dealing with 98 pauli strings; lambda = 21.488184; relaxation factor: 1.044829.\n[DBG] Input circuit uses 12 qubits, has 636 gates:  { H : 152, X : 0, Rzq : 142, CX : 342 }.\n[DBG] After optimization, the circuit uses 246 gates : { U1 : 32, U2 : 51, U3 : 7, CX : 156 }.\n\n",
MarQSim_dataset,marqsim,_Pauli_string_BeH2_unf.txt,0.1,0.1,qdrift,none,Trotterization (QDrift),IBMDigital,True,0.036802,14,176,135,tetris,,True,False,True,0.574124,14,4964,7002,3823,15.6003,39.7841,28.3185,"[DBG] Expected error: 0.100000;   t: 0.100000\n[DBG] Analyzing /Users/jbg/Development/particleSystem/QBlue_Benchmark_Datasets/MarQSim_dataset/_Pauli_string_BeH2_unf.txt:\n[DBG] Length of Pauli String 661\n\n[DBG] ---- Trotterization (QDrift) -> IBMDigital circuits: ----\n[DBG] Dealing with 98 pauli strings; lambda = 21.488184; relaxation factor: 1.044829.\n[DBG] Input circuit uses 14 qubits, has 522 gates:  { H : 104, X : 0, Rzq : 134, CX : 284 }.\n[DBG] After optimization, the circuit uses 176 gates : { U1 : 25, U2 : 9, U3 : 7, CX : 135 }.\n\n",
Genesis_dataset,genesis,JW_LiH_sto3g_4_electrons_12_spin_orbitals_Hamiltonian_631_paulis.txt,0.1,0.1,qdrift,none,Trotterization (QDrift),IBMDigital,True,0.042610,12,101,68,tetris,,True,False,True,0.472996,12,4505,6381,3376,11.1006,63.1782,49.6471,"[DBG] Expected error: 0.100000;   t: 0.100000\n[DBG] Analyzing /var/folders/8l/ycc5vbn93_56mddr52w8zp040000gn/T/qblue_bench_65n1mbhl/JW_LiH_sto3g_4_electrons_12_spin_orbitals_Hamiltonian_631_paulis.txt.marqsim.txt:\n[DBG] Length of Pauli String 631\n\n[DBG] ---- Trotterization (QDrift) -> IBMDigital circuits: ----\n[DBG] Dealing with 66 pauli strings; lambda = 17.506900; relaxation factor: 1.054484.\n[DBG] Input circuit uses 12 qubits, has 180 gates:  { H : 32, X : 0, Rzq : 64, CX : 84 }.\n[DBG] After optimization, the circuit uses 101 gates : { U1 : 15, U2 : 14, U3 : 4, CX : 68 }.\n\n",
Genesis_dataset,genesis,BK_LiH_sto3g_4_electrons_12_spin_orbitals_Hamiltonian_631_paulis.txt,0.1,0.1,qdrift,none,Trotterization (QDrift),IBMDigital,True,0.040765,12,142,106,tetris,,True,False,True,0.603753,12,4658,6022,3278,14.8106,42.4085,30.9245,"[DBG] Expected error: 0.100000;   t: 0.100000\n[DBG] Analyzing /var/folders/8l/ycc5vbn93_56mddr52w8zp040000gn/T/qblue_bench_65n1mbhl/BK_LiH_sto3g_4_electrons_12_spin_orbitals_Hamiltonian_631_paulis.txt.marqsim.txt:\n[DBG] Length of Pauli String 631\n\n[DBG] ---- Trotterization (QDrift) -> IBMDigital circuits: ----\n[DBG] Dealing with 66 pauli strings; lambda = 17.506900; relaxation factor: 1.054484.\n[DBG] Input circuit uses 12 qubits, has 252 gates:  { H : 42, X : 0, Rzq : 68, CX : 142 }.\n[DBG] After optimization, the circuit uses 142 gates : { U1 : 18, U2 : 17, U3 : 1, CX : 106 }.\n\n",
Genesis_dataset,genesis,JW_BeH2_sto3g_6_electrons_14_spin_orbitals_Hamiltonian_666_paulis.txt,0.1,0.1,qdrift,none,Trotterization (QDrift),IBMDigital,True,0.034571,14,164,115,tetris,,True,False,True,0.570496,14,4988,7122,3915,16.5022,43.4268,34.0435,"[DBG] Expected error: 0.100000;   t: 0.100000\n[DBG] Analyzing /var/folders/8l/ycc5vbn93_56mddr52w8zp040000gn/T/qblue_bench_65n1mbhl/JW_BeH2_sto3g_6_electrons_14_spin_orbitals_Hamiltonian_666_paulis.txt.marqsim.txt:\n[DBG] Length of Pauli String 666\n\n[DBG] ---- Trotterization (QDrift) -> IBMDigital circuits: ----\n[DBG] Dealing with 235 pauli strings; lambda = 33.705040; relaxation factor: 1.029101.\n[DBG] Input circuit uses 14 qubits, has 607 gates:  { H : 102, X : 0, Rzq : 189, CX : 316 }.\n[DBG] After optimization, the circuit uses 164 gates : { U1 : 28, U2 : 17, U3 : 4, CX : 115 }.\n\n",
Genesis_dataset,genesis,BK_BeH2_sto3g_6_electrons_14_spin_orbitals_Hamiltonian_666_paulis.txt,0.1,0.1,qdrift,none,Trotterization (QDrift),IBMDigital,True,0.034383,14,260,166,tetris,,True,False,True,0.675561,14,5332,6886,4002,19.6481,26.4846,24.1084,"[DBG] Expected error: 0.100000;   t: 0.100000\n[DBG] Analyzing /var/folders/8l/ycc5vbn93_56mddr52w8zp040000gn/T/qblue_bench_65n1mbhl/BK_BeH2_sto3g_6_electrons_14_spin_orbitals_Hamiltonian_666_paulis.txt.marqsim.txt:\n[DBG] Length of Pauli String 666\n\n[DBG] ---- Trotterization (QDrift) -> IBMDigital circuits: ----\n[DBG] Dealing with 235 pauli strings; lambda = 33.705040; relaxation factor: 1.029101.\n[DBG] Input circuit uses 14 qubits, has 1067 gates:  { H : 142, X : 0, Rzq : 217, CX : 708 }.\n[DBG] After optimization, the circuit uses 260 gates : { U1 : 38, U2 : 53, U3 : 3, CX : 166 }.\n\n",
Genesis_dataset,genesis,JW_ethylene_sto3g_10_electrons_16_spin_orbitals_Hamiltonian_789_paulis.txt,0.1,0.1,qdrift,none,Trotterization (QDrift),IBMDigital,True,0.041021,16,375,266,tetris,,True,False,True,0.748744,16,5962,8958,5047,18.2527,23.888,18.9737,"[DBG] Expected error: 0.100000;   t: 0.100000\n[DBG] Analyzing /var/folders/8l/ycc5vbn93_56mddr52w8zp040000gn/T/qblue_bench_65n1mbhl/JW_ethylene_sto3g_10_electrons_16_spin_orbitals_Hamiltonian_789_paulis.txt.marqsim.txt:\n[DBG] Length of Pauli String 789\n\n[DBG] ---- Trotterization (QDrift) -> IBMDigital circuits: ----\n[DBG] Dealing with 366 pauli strings; lambda = 42.223338; relaxation factor: 1.023341.\n[DBG] Input circuit uses 16 qubits, has 1332 gates:  { H : 252, X : 0, Rzq : 332, CX : 748 }.\n[DBG] After optimization, the circuit uses 375 gates : { U1 : 58, U2 : 38, U3 : 13, CX : 266 }.\n\n",
Genesis_dataset,genesis,BK_ethylene_sto3g_10_electrons_16_spin_orbitals_Hamiltonian_789_paulis.txt,0.1,0.1,qdrift,none,Trotterization (QDrift),IBMDigital,True,0.044797,16,346,238,tetris,,True,False,True,0.787054,16,5745,7855,4179,17.5693,22.7023,17.5588,"[DBG] Expected error: 0.100000;   t: 0.100000\n[DBG] Analyzing /var/folders/8l/ycc5vbn93_56mddr52w8zp040000gn/T/qblue_bench_65n1mbhl/BK_ethylene_sto3g_10_electrons_16_spin_orbitals_Hamiltonian_789_paulis.txt.marqsim.txt:\n[DBG] Length of Pauli String 789\n\n[DBG] ---- Trotterization (QDrift) -> IBMDigital circuits: ----\n[DBG] Dealing with 366 pauli strings; lambda = 42.223338; relaxation factor: 1.023341.\n[DBG] Input circuit uses 16 qubits, has 1636 gates:  { H : 262, X : 0, Rzq : 322, CX : 1052 }.\n[DBG] After optimization, the circuit uses 346 gates : { U1 : 61, U2 : 34, U3 : 13, CX : 238 }.\n\n",
Genesis_dataset,genesis,BK_NH3_sto3g_8_electrons_12_spin_orbitals_Hamiltonian_915_paulis.txt,0.1,0.1,qdrift,none,Trotterization (QDrift),IBMDigital,True,0.040368,12,494,304,tetris,,True,False,True,0.884909,12,6671,8856,4544,21.9211,17.9271,14.9474,"[DBG] Expected error: 0.100000;   t: 0.100000\n[DBG] Analyzing /var/folders/8l/ycc5vbn93_56mddr52w8zp040000gn/T/qblue_bench_65n1mbhl/BK_NH3_sto3g_8_electrons_12_spin_orbitals_Hamiltonian_915_paulis.txt.marqsim.txt:\n[DBG] Length of Pauli String 915\n\n[DBG] ---- Trotterization (QDrift) -> IBMDigital circuits: ----\n[DBG] Dealing with 305 pauli strings; lambda = 38.512463; relaxation factor: 1.025576.\n[DBG] Input circuit uses 12 qubits, has 1871 gates:  { H : 452, X : 0, Rzq : 403, CX : 1016 }.\n[DBG] After optimization, the circuit uses 494 gates : { U1 : 86, U2 : 91, U3 : 13, CX : 304 }.\n\n",
Genesis_dataset,genesis,JW_NH3_sto3g_8_electrons_12_spin_orbitals_Hamiltonian_915_paulis.txt,0.1,0.1,qdrift,none,Trotterization (QDrift),IBMDigital,True,0.038042,12,552,384,tetris,,True,False,True,0.627655,12,6829,9992,5375,16.499,18.1014,13.9974,"[DBG] Expected error: 0.100000;   t: 0.100000\n[DBG] Analyzing /var/folders/8l/ycc5vbn93_56mddr52w8zp040000gn/T/qblue_bench_65n1mbhl/JW_NH3_sto3g_8_electrons_12_spin_orbitals_Hamiltonian_915_paulis.txt.marqsim.txt:\n[DBG] Length of Pauli String 915\n\n[DBG] ---- Trotterization (QDrift) -> IBMDigital circuits: ----\n[DBG] Dealing with 305 pauli strings; lambda = 38.512463; relaxation factor: 1.025576.\n[DBG] Input circuit uses 12 qubits, has 1219 gates:  { H : 258, X : 0, Rzq : 301, CX : 660 }.\n[DBG] After optimization, the circuit uses 552 gates : { U1 : 77, U2 : 75, U3 : 16, CX : 384 }.\n\n",
Genesis_dataset,genesis,BK_H2O_sto3g_8_electrons_12_spin_orbitals_Hamiltonian_1219_paulis.txt,0.1,0.1,qdrift,none,Trotterization (QDrift),IBMDigital,True,0.052088,12,639,422,tetris,,True,False,True,1.115561,12,8374,10939,5561,21.4169,17.1189,13.1777,"[DBG] Expected error: 0.100000;   t: 0.100000\n[DBG] Analyzing /var/folders/8l/ycc5vbn93_56mddr52w8zp040000gn/T/qblue_bench_65n1mbhl/BK_H2O_sto3g_8_electrons_12_spin_orbitals_Hamiltonian_1219_paulis.txt.marqsim.txt:\n[DBG] Length of Pauli String 1219\n\n[DBG] ---- Trotterization (QDrift) -> IBMDigital circuits: ----\n[DBG] Dealing with 363 pauli strings; lambda = 42.055417; relaxation factor: 1.023442.\n[DBG] Input circuit uses 12 qubits, has 2147 gates:  { H : 548, X : 0, Rzq : 461, CX : 1138 }.\n[DBG] After optimization, the circuit uses 639 gates : { U1 : 94, U2 : 105, U3 : 18, CX : 422 }.\n\n",
Genesis_dataset,genesis,JW_H2O_sto3g_8_electrons_12_spin_orbitals_Hamiltonian_1219_paulis.txt,0.1,0.1,qdrift,none,Trotterization (QDrift),IBMDigital,True,0.046176,12,549,357,tetris,,True,False,True,0.877145,12,8547,12807,6813,18.9957,23.3279,19.084,"[DBG] Expected error: 0.100000;   t: 0.100000\n[DBG] Analyzing /var/folders/8l/ycc5vbn93_56mddr52w8zp040000gn/T/qblue_bench_65n1mbhl/JW_H2O_sto3g_8_electrons_12_spin_orbitals_Hamiltonian_1219_paulis.txt.marqsim.txt:\n[DBG] Length of Pauli String 1219\n\n[DBG] ---- Trotterization (QDrift) -> IBMDigital circuits: ----\n[DBG] Dealing with 363 pauli strings; lambda = 42.055417; relaxation factor: 1.023442.\n[DBG] Input circuit uses 12 qubits, has 1547 gates:  { H : 334, X : 0, Rzq : 397, CX : 816 }.\n[DBG] After optimization, the circuit uses 549 gates : { U1 : 92, U2 : 84, U3 : 16, CX : 357 }.\n\n",
Genesis_dataset,genesis,JW_N2_sto3g_10_electrons_16_spin_orbitals_Hamiltonian_1177_paulis.txt,0.1,0.1,qdrift,none,Trotterization (QDrift),IBMDigital,True,0.086216,16,1221,842,tetris,,True,False,True,1.011998,16,9577,14147,7999,11.7379,11.5864,9.5,"[DBG] Expected error: 0.100000;   t: 0.100000\n[DBG] Analyzing /var/folders/8l/ycc5vbn93_56mddr52w8zp040000gn/T/qblue_bench_65n1mbhl/JW_N2_sto3g_10_electrons_16_spin_orbitals_Hamiltonian_1177_paulis.txt.marqsim.txt:\n[DBG] Length of Pauli String 1177\n\n[DBG] ---- Trotterization (QDrift) -> IBMDigital circuits: ----\n[DBG] Dealing with 749 pauli strings; lambda = 60.625823; relaxation factor: 1.016320.\n[DBG] Input circuit uses 16 qubits, has 3480 gates:  { H : 694, X : 0, Rzq : 794, CX : 1992 }.\n[DBG] After optimization, the circuit uses 1221 gates : { U1 : 180, U2 : 173, U3 : 26, CX : 842 }.\n\n",
Genesis_dataset,genesis,JW_C2_sto3g_10_electrons_16_spin_orbitals_Hamiltonian_1177_paulis.txt,0.1,0.1,qdrift,none,Trotterization (QDrift),IBMDigital,True,0.083777,16,1283,897,tetris,,True,False,True,1.008417,16,9871,14041,7870,12.0369,10.9439,8.77369,"[DBG] Expected error: 0.100000;   t: 0.100000\n[DBG] Analyzing /var/folders/8l/ycc5vbn93_56mddr52w8zp040000gn/T/qblue_bench_65n1mbhl/JW_C2_sto3g_10_electrons_16_spin_orbitals_Hamiltonian_1177_paulis.txt.marqsim.txt:\n[DBG] Length of Pauli String 1177\n\n[DBG] ---- Trotterization (QDrift) -> IBMDigital circuits: ----\n[DBG] Dealing with 1312 pauli strings; lambda = 80.451692; relaxation factor: 1.012339.\n[DBG] Input circuit uses 16 qubits, has 3624 gates:  { H : 646, X : 0, Rzq : 1064, CX : 1914 }.\n[DBG] After optimization, the circuit uses 1283 gates : { U1 : 174, U2 : 179, U3 : 33, CX : 897 }.\n\n",
Genesis_dataset,genesis,BK_N2_sto3g_10_electrons_16_spin_orbitals_Hamiltonian_1177_paulis.txt,0.1,0.1,qdrift,none,Trotterization (QDrift),IBMDigital,True,0.104118,16,1217,811,tetris,,True,False,True,1.398168,16,9661,12766,7235,13.4287,10.4897,8.92109,"[DBG] Expected error: 0.100000;   t: 0.100000\n[DBG] Analyzing /var/folders/8l/ycc5vbn93_56mddr52w8zp040000gn/T/qblue_bench_65n1mbhl/BK_N2_sto3g_10_electrons_16_spin_orbitals_Hamiltonian_1177_paulis.txt.marqsim.txt:\n[DBG] Length of Pauli String 1177\n\n[DBG] ---- Trotterization (QDrift) -> IBMDigital circuits: ----\n[DBG] Dealing with 749 pauli strings; lambda = 60.625823; relaxation factor: 1.016320.\n[DBG] Input circuit uses 16 qubits, has 4602 gates:  { H : 1004, X : 0, Rzq : 954, CX : 2644 }.\n[DBG] After optimization, the circuit uses 1217 gates : { U1 : 179, U2 : 185, U3 : 42, CX : 811 }.\n\n",
Genesis_dataset,genesis,BK_C2_sto3g_10_electrons_16_spin_orbitals_Hamiltonian_1177_paulis.txt,0.1,0.1,qdrift,none,Trotterization (QDrift),IBMDigital,True,0.122420,16,1185,768,tetris,,True,False,True,1.369796,16,9533,12779,7299,11.1893,10.784,9.50391,"[DBG] Expected error: 0.100000;   t: 0.100000\n[DBG] Analyzing /var/folders/8l/ycc5vbn93_56mddr52w8zp040000gn/T/qblue_bench_65n1mbhl/BK_C2_sto3g_10_electrons_16_spin_orbitals_Hamiltonian_1177_paulis.txt.marqsim.txt:\n[DBG] Length of Pauli String 1177\n\n[DBG] ---- Trotterization (QDrift) -> IBMDigital circuits: ----\n[DBG] Dealing with 1312 pauli strings; lambda = 80.451692; relaxation factor: 1.012339.\n[DBG] Input circuit uses 16 qubits, has 5102 gates:  { H : 894, X : 0, Rzq : 1230, CX : 2978 }.\n[DBG] After optimization, the circuit uses 1185 gates : { U1 : 198, U2 : 194, U3 : 25, CX : 768 }.\n\n",
Genesis_dataset,genesis,JW_H2O_sto3g_10_electrons_14_spin_orbitals_Hamiltonian_1654_paulis.txt,0.1,0.1,qdrift,none,Trotterization (QDrift),IBMDigital,True,0.228385,14,2205,1457,tetris,,True,False,True,1.386382,14,12412,18305,9939,6.07037,8.30159,6.82155,"[DBG] Expected error: 0.100000;   t: 0.100000\n[DBG] Analyzing /var/folders/8l/ycc5vbn93_56mddr52w8zp040000gn/T/qblue_bench_65n1mbhl/JW_H2O_sto3g_10_electrons_14_spin_orbitals_Hamiltonian_1654_paulis.txt.marqsim.txt:\n[DBG] Length of Pauli String 1654\n\n[DBG] ---- Trotterization (QDrift) -> IBMDigital circuits: ----\n[DBG] Dealing with 2984 pauli strings; lambda = 121.618886; relaxation factor: 1.008185.\n[DBG] Input circuit uses 14 qubits, has 7945 gates:  { H : 1512, X : 0, Rzq : 2529, CX : 3904 }.\n[DBG] After optimization, the circuit uses 2205 gates : { U1 : 341, U2 : 291, U3 : 116, CX : 1457 }.\n\n",
Genesis_dataset,genesis,BK_H2O_sto3g_10_electrons_14_spin_orbitals_Hamiltonian_1654_paulis.txt,0.1,0.1,qdrift,none,Trotterization (QDrift),IBMDigital,True,0.502527,14,2551,1600,tetris,,True,False,True,1.672192,14,11218,14783,7730,3.32757,5.79498,4.83125,"[DBG] Expected error: 0.100000;   t: 0.100000\n[DBG] Analyzing /var/folders/8l/ycc5vbn93_56mddr52w8zp040000gn/T/qblue_bench_65n1mbhl/BK_H2O_sto3g_10_electrons_14_spin_orbitals_Hamiltonian_1654_paulis.txt.marqsim.txt:\n[DBG] Length of Pauli String 1654\n\n[DBG] ---- Trotterization (QDrift) -> IBMDigital circuits: ----\n[DBG] Dealing with 2984 pauli strings; lambda = 121.618886; relaxation factor: 1.008185.\n[DBG] Input circuit uses 14 qubits, has 12751 gates:  { H : 2366, X : 0, Rzq : 2841, CX : 7544 }.\n[DBG] After optimization, the circuit uses 2551 gates : { U1 : 417, U2 : 449, U3 : 85, CX : 1600 }.\n\n",
Genesis_dataset,genesis,JW_NH3_sto3g_8_electrons_14_spin_orbitals_Hamiltonian_1734_paulis.txt,0.1,0.1,qdrift,none,Trotterization (QDrift),IBMDigital,True,0.056163,14,790,542,tetris,,True,False,True,1.477963,14,13647,19720,10729,26.3156,24.962,19.7952,"[DBG] Expected error: 0.100000;   t: 0.100000\n[DBG] Analyzing /var/folders/8l/ycc5vbn93_56mddr52w8zp040000gn/T/qblue_bench_65n1mbhl/JW_NH3_sto3g_8_electrons_14_spin_orbitals_Hamiltonian_1734_paulis.txt.marqsim.txt:\n[DBG] Length of Pauli String 1734\n\n[DBG] ---- Trotterization (QDrift) -> IBMDigital circuits: ----\n[DBG] Dealing with 400 pauli strings; lambda = 44.173654; relaxation factor: 1.022333.\n[DBG] Input circuit uses 14 qubits, has 2256 gates:  { H : 494, X : 0, Rzq : 490, CX : 1272 }.\n[DBG] After optimization, the circuit uses 790 gates : { U1 : 107, U2 : 114, U3 : 27, CX : 542 }.\n\n",
Genesis_dataset,genesis,BK_NH3_sto3g_8_electrons_14_spin_orbitals_Hamiltonian_1734_paulis.txt,0.1,0.1,qdrift,none,Trotterization (QDrift),IBMDigital,True,0.063035,14,731,456,tetris,,True,False,True,1.919401,14,12973,17377,9095,30.4498,23.7715,19.9452,"[DBG] Expected error: 0.100000;   t: 0.100000\n[DBG] Analyzing /var/folders/8l/ycc5vbn93_56mddr52w8zp040000gn/T/qblue_bench_65n1mbhl/BK_NH3_sto3g_8_electrons_14_spin_orbitals_Hamiltonian_1734_paulis.txt.marqsim.txt:\n[DBG] Length of Pauli String 1734\n\n[DBG] ---- Trotterization (QDrift) -> IBMDigital circuits: ----\n[DBG] Dealing with 400 pauli strings; lambda = 44.173654; relaxation factor: 1.022333.\n[DBG] Input circuit uses 14 qubits, has 3134 gates:  { H : 820, X : 0, Rzq : 642, CX : 1672 }.\n[DBG] After optimization, the circuit uses 731 gates : { U1 : 115, U2 : 131, U3 : 29, CX : 456 }.\n\n",
Genesis_dataset,genesis,JW_N2_sto3g_12_electrons_18_spin_orbitals_Hamiltonian_1884_paulis.txt,0.1,0.1,qdrift,none,Trotterization (QDrift),IBMDigital,True,0.310051,18,2517,1756,tetris,,True,False,True,1.883899,18,16369,23122,13134,6.07609,9.18633,7.4795,"[DBG] Expected error: 0.100000;   t: 0.100000\n[DBG] Analyzing /var/folders/8l/ycc5vbn93_56mddr52w8zp040000gn/T/qblue_bench_65n1mbhl/JW_N2_sto3g_12_electrons_18_spin_orbitals_Hamiltonian_1884_paulis.txt.marqsim.txt:\n[DBG] Length of Pauli String 1884\n\n[DBG] ---- Trotterization (QDrift) -> IBMDigital circuits: ----\n[DBG] Dealing with 3054 pauli strings; lambda = 123.060928; relaxation factor: 1.008092.\n[DBG] Input circuit uses 18 qubits, has 9560 gates:  { H : 1646, X : 0, Rzq : 2540, CX : 5374 }.\n[DBG] After optimization, the circuit uses 2517 gates : { U1 : 368, U2 : 299, U3 : 94, CX : 1756 }.\n\n",
Genesis_dataset,genesis,BK_N2_sto3g_12_electrons_18_spin_orbitals_Hamiltonian_1884_paulis.txt,0.1,0.1,qdrift,none,Trotterization (QDrift),IBMDigital,True,0.583004,18,2439,1528,tetris,,True,False,True,3.426081,18,17643,22527,13506,5.8766,9.23616,8.83901,"[DBG] Expected error: 0.100000;   t: 0.100000\n[DBG] Analyzing /var/folders/8l/ycc5vbn93_56mddr52w8zp040000gn/T/qblue_bench_65n1mbhl/BK_N2_sto3g_12_electrons_18_spin_orbitals_Hamiltonian_1884_paulis.txt.marqsim.txt:\n[DBG] Length of Pauli String 1884\n\n[DBG] ---- Trotterization (QDrift) -> IBMDigital circuits: ----\n[DBG] Dealing with 3054 pauli strings; lambda = 123.060928; relaxation factor: 1.008092.\n[DBG] Input circuit uses 18 qubits, has 14542 gates:  { H : 2968, X : 0, Rzq : 3192, CX : 8382 }.\n[DBG] After optimization, the circuit uses 2439 gates : { U1 : 412, U2 : 415, U3 : 84, CX : 1528 }.\n\n",
Genesis_dataset,genesis,JW_C2_sto3g_12_electrons_18_spin_orbitals_Hamiltonian_1884_paulis.txt,0.1,0.1,qdrift,none,Trotterization (QDrift),IBMDigital,True,0.399904,18,2303,1532,tetris,,True,False,True,1.820260,18,16559,22880,12894,4.55174,9.93487,8.41645,"[DBG] Expected error: 0.100000;   t: 0.100000\n[DBG] Analyzing /var/folders/8l/ycc5vbn93_56mddr52w8zp040000gn/T/qblue_bench_65n1mbhl/JW_C2_sto3g_12_electrons_18_spin_orbitals_Hamiltonian_1884_paulis.txt.marqsim.txt:\n[DBG] Length of Pauli String 1884\n\n[DBG] ---- Trotterization (QDrift) -> IBMDigital circuits: ----\n[DBG] Dealing with 3876 pauli strings; lambda = 138.700976; relaxation factor: 1.007183.\n[DBG] Input circuit uses 18 qubits, has 11017 gates:  { H : 2196, X : 0, Rzq : 3229, CX : 5592 }.\n[DBG] After optimization, the circuit uses 2303 gates : { U1 : 394, U2 : 271, U3 : 106, CX : 1532 }.\n\n",
Genesis_dataset,genesis,BK_C2_sto3g_12_electrons_18_spin_orbitals_Hamiltonian_1884_paulis.txt,0.1,0.1,qdrift,none,Trotterization (QDrift),IBMDigital,True,0.699687,18,2438,1536,tetris,,True,False,True,3.472575,18,16933,21704,12936,4.96304,8.90238,8.42188,"[DBG] Expected error: 0.100000;   t: 0.100000\n[DBG] Analyzing /var/folders/8l/ycc5vbn93_56mddr52w8zp040000gn/T/qblue_bench_65n1mbhl/BK_C2_sto3g_12_electrons_18_spin_orbitals_Hamiltonian_1884_paulis.txt.marqsim.txt:\n[DBG] Length of Pauli String 1884\n\n[DBG] ---- Trotterization (QDrift) -> IBMDigital circuits: ----\n[DBG] Dealing with 3876 pauli strings; lambda = 138.700976; relaxation factor: 1.007183.\n[DBG] Input circuit uses 18 qubits, has 15975 gates:  { H : 3004, X : 0, Rzq : 3683, CX : 9288 }.\n[DBG] After optimization, the circuit uses 2438 gates : { U1 : 396, U2 : 378, U3 : 128, CX : 1536 }.\n\n",
Genesis_dataset,genesis,JW_ethylene_sto3g_12_electrons_20_spin_orbitals_Hamiltonian_2063_paulis.txt,0.1,0.1,qdrift,none,Trotterization (QDrift),IBMDigital,True,0.161948,20,1334,874,tetris,,True,False,True,2.334851,20,17907,25422,14602,14.4173,19.057,16.7071,"[DBG] Expected error: 0.100000;   t: 0.100000\n[DBG] Analyzing /var/folders/8l/ycc5vbn93_56mddr52w8zp040000gn/T/qblue_bench_65n1mbhl/JW_ethylene_sto3g_12_electrons_20_spin_orbitals_Hamiltonian_2063_paulis.txt.marqsim.txt:\n[DBG] Length of Pauli String 2063\n\n[DBG] ---- Trotterization (QDrift) -> IBMDigital circuits: ----\n[DBG] Dealing with 1042 pauli strings; lambda = 71.651881; relaxation factor: 1.013848.\n[DBG] Input circuit uses 20 qubits, has 6509 gates:  { H : 1278, X : 0, Rzq : 1325, CX : 3906 }.\n[DBG] After optimization, the circuit uses 1334 gates : { U1 : 206, U2 : 188, U3 : 66, CX : 874 }.\n\n",
Genesis_dataset,genesis,BK_ethylene_sto3g_12_electrons_20_spin_orbitals_Hamiltonian_2063_paulis.txt,0.1,0.1,qdrift,none,Trotterization (QDrift),IBMDigital,True,0.224086,20,1550,968,tetris,,True,False,True,4.248350,20,20330,26184,15753,18.9586,16.8929,16.2738,"[DBG] Expected error: 0.100000;   t: 0.100000\n[DBG] Analyzing /var/folders/8l/ycc5vbn93_56mddr52w8zp040000gn/T/qblue_bench_65n1mbhl/BK_ethylene_sto3g_12_electrons_20_spin_orbitals_Hamiltonian_2063_paulis.txt.marqsim.txt:\n[DBG] Length of Pauli String 2063\n\n[DBG] ---- Trotterization (QDrift) -> IBMDigital circuits: ----\n[DBG] Dealing with 1042 pauli strings; lambda = 71.651881; relaxation factor: 1.013848.\n[DBG] Input circuit uses 20 qubits, has 9221 gates:  { H : 2400, X : 0, Rzq : 1721, CX : 5100 }.\n[DBG] After optimization, the circuit uses 1550 gates : { U1 : 238, U2 : 285, U3 : 59, CX : 968 }.\n\n",
Genesis_dataset,genesis,JW_NH3_sto3g_10_electrons_16_spin_orbitals_Hamiltonian_2913_paulis.txt,0.1,0.1,qdrift,none,Trotterization (QDrift),IBMDigital,True,0.331095,16,2770,1863,tetris,,True,False,True,3.062101,16,23899,34165,18824,9.24841,12.3339,10.1041,"[DBG] Expected error: 0.100000;   t: 0.100000\n[DBG] Analyzing /var/folders/8l/ycc5vbn93_56mddr52w8zp040000gn/T/qblue_bench_65n1mbhl/JW_NH3_sto3g_10_electrons_16_spin_orbitals_Hamiltonian_2913_paulis.txt.marqsim.txt:\n[DBG] Length of Pauli String 2913\n\n[DBG] ---- Trotterization (QDrift) -> IBMDigital circuits: ----\n[DBG] Dealing with 2525 pauli strings; lambda = 111.844467; relaxation factor: 1.008898.\n[DBG] Input circuit uses 16 qubits, has 9704 gates:  { H : 1860, X : 0, Rzq : 2470, CX : 5374 }.\n[DBG] After optimization, the circuit uses 2770 gates : { U1 : 426, U2 : 351, U3 : 130, CX : 1863 }.\n\n",
Genesis_dataset,genesis,BK_NH3_sto3g_10_electrons_16_spin_orbitals_Hamiltonian_2913_paulis.txt,0.1,0.1,qdrift,none,Trotterization (QDrift),IBMDigital,True,0.448362,16,2428,1516,tetris,,True,False,True,3.452518,16,19461,26905,13491,7.70029,11.0811,8.89908,"[DBG] Expected error: 0.100000;   t: 0.100000\n[DBG] Analyzing /var/folders/8l/ycc5vbn93_56mddr52w8zp040000gn/T/qblue_bench_65n1mbhl/BK_NH3_sto3g_10_electrons_16_spin_orbitals_Hamiltonian_2913_paulis.txt.marqsim.txt:\n[DBG] Length of Pauli String 2913\n\n[DBG] ---- Trotterization (QDrift) -> IBMDigital circuits: ----\n[DBG] Dealing with 2525 pauli strings; lambda = 111.844467; relaxation factor: 1.008898.\n[DBG] Input circuit uses 16 qubits, has 12120 gates:  { H : 2486, X : 0, Rzq : 2812, CX : 6822 }.\n[DBG] After optimization, the circuit uses 2428 gates : { U1 : 398, U2 : 408, U3 : 106, CX : 1516 }.\n\n",
Genesis_dataset,genesis,JW_N2_sto3g_14_electrons_20_spin_orbitals_Hamiltonian_2951_paulis.txt,0.1,0.1,qdrift,none,Trotterization (QDrift),IBMDigital,True,2.558880,20,6066,4112,tetris,,True,False,True,3.490321,20,27131,37074,21172,1.364,6.11177,5.14883,"[DBG] Expected error: 0.100000;   t: 0.100000\n[DBG] Analyzing /var/folders/8l/ycc5vbn93_56mddr52w8zp040000gn/T/qblue_bench_65n1mbhl/JW_N2_sto3g_14_electrons_20_spin_orbitals_Hamiltonian_2951_paulis.txt.marqsim.txt:\n[DBG] Length of Pauli String 2951\n\n[DBG] ---- Trotterization (QDrift) -> IBMDigital circuits: ----\n[DBG] Dealing with 8385 pauli strings; lambda = 204.249884; relaxation factor: 1.004884.\n[DBG] Input circuit uses 20 qubits, has 29381 gates:  { H : 5920, X : 0, Rzq : 7797, CX : 15664 }.\n[DBG] After optimization, the circuit uses 6066 gates : { U1 : 934, U2 : 740, U3 : 280, CX : 4112 }.\n\n",
Genesis_dataset,genesis,BK_N2_sto3g_14_electrons_20_spin_orbitals_Hamiltonian_2951_paulis.txt,0.1,0.1,qdrift,none,Trotterization (QDrift),IBMDigital,True,4.790144,20,6946,4410,tetris,,True,False,True,6.663790,20,27445,35423,20979,1.39115,5.09977,4.75714,"[DBG] Expected error: 0.100000;   t: 0.100000\n[DBG] Analyzing /var/folders/8l/ycc5vbn93_56mddr52w8zp040000gn/T/qblue_bench_65n1mbhl/BK_N2_sto3g_14_electrons_20_spin_orbitals_Hamiltonian_2951_paulis.txt.marqsim.txt:\n[DBG] Length of Pauli String 2951\n\n[DBG] ---- Trotterization (QDrift) -> IBMDigital circuits: ----\n[DBG] Dealing with 8385 pauli strings; lambda = 204.249884; relaxation factor: 1.004884.\n[DBG] Input circuit uses 20 qubits, has 43089 gates:  { H : 9626, X : 0, Rzq : 8813, CX : 24650 }.\n[DBG] After optimization, the circuit uses 6946 gates : { U1 : 983, U2 : 1200, U3 : 353, CX : 4410 }.\n\n",
Genesis_dataset,genesis,BK_C2_sto3g_12_electrons_20_spin_orbitals_Hamiltonian_2951_paulis.txt,0.1,0.1,qdrift,none,Trotterization (QDrift),IBMDigital,True,1.528513,20,4469,2918,tetris,,True,False,True,6.621946,20,27445,35423,20979,4.33228,7.92638,7.18951,"[DBG] Expected error: 0.100000;   t: 0.100000\n[DBG] Analyzing /var/folders/8l/ycc5vbn93_56mddr52w8zp040000gn/T/qblue_bench_65n1mbhl/BK_C2_sto3g_12_electrons_20_spin_orbitals_Hamiltonian_2951_paulis.txt.marqsim.txt:\n[DBG] Length of Pauli String 2951\n\n[DBG] ---- Trotterization (QDrift) -> IBMDigital circuits: ----\n[DBG] Dealing with 4372 pauli strings; lambda = 147.340455; relaxation factor: 1.006763.\n[DBG] Input circuit uses 20 qubits, has 25349 gates:  { H : 5824, X : 0, Rzq : 5067, CX : 14458 }.\n[DBG] After optimization, the circuit uses 4469 gates : { U1 : 592, U2 : 752, U3 : 207, CX : 2918 }.\n\n",
Genesis_dataset,genesis,JW_C2_sto3g_12_electrons_20_spin_orbitals_Hamiltonian_2951_paulis.txt,0.1,0.1,qdrift,none,Trotterization (QDrift),IBMDigital,True,0.881071,20,3889,2682,tetris,,True,False,True,3.636569,20,27131,37074,21172,4.12744,9.53304,7.89411,"[DBG] Expected error: 0.100000;   t: 0.100000\n[DBG] Analyzing /var/folders/8l/ycc5vbn93_56mddr52w8zp040000gn/T/qblue_bench_65n1mbhl/JW_C2_sto3g_12_electrons_20_spin_orbitals_Hamiltonian_2951_paulis.txt.marqsim.txt:\n[DBG] Length of Pauli String 2951\n\n[DBG] ---- Trotterization (QDrift) -> IBMDigital circuits: ----\n[DBG] Dealing with 4372 pauli strings; lambda = 147.340455; relaxation factor: 1.006763.\n[DBG] Input circuit uses 20 qubits, has 17705 gates:  { H : 3636, X : 0, Rzq : 4391, CX : 9678 }.\n[DBG] After optimization, the circuit uses 3889 gates : { U1 : 592, U2 : 445, U3 : 170, CX : 2682 }.\n\n",
Genesis_dataset,genesis,JW_ethylene_sto3g_14_electrons_24_spin_orbitals_Hamiltonian_4497_paulis.txt,0.1,0.1,qdrift,none,Trotterization (QDrift),IBMDigital,True,1.369386,24,4183,2850,tetris,,True,False,True,7.346439,24,42094,59055,34667,5.36477,14.1179,12.1639,"[DBG] Expected error: 0.100000;   t: 0.100000\n[DBG] Analyzing /var/folders/8l/ycc5vbn93_56mddr52w8zp040000gn/T/qblue_bench_65n1mbhl/JW_ethylene_sto3g_14_electrons_24_spin_orbitals_Hamiltonian_4497_paulis.txt.marqsim.txt:\n[DBG] Length of Pauli String 4497\n\n[DBG] ---- Trotterization (QDrift) -> IBMDigital circuits: ----\n[DBG] Dealing with 3636 pauli strings; lambda = 134.322508; relaxation factor: 1.007416.\n[DBG] Input circuit uses 24 qubits, has 22318 gates:  { H : 4174, X : 0, Rzq : 4490, CX : 13654 }.\n[DBG] After optimization, the circuit uses 4183 gates : { U1 : 632, U2 : 474, U3 : 227, CX : 2850 }.\n\n",
Genesis_dataset,genesis,BK_ethylene_sto3g_14_electrons_24_spin_orbitals_Hamiltonian_4497_paulis.txt,0.1,0.1,qdrift,none,Trotterization (QDrift),IBMDigital,True,2.357410,24,5512,3581,tetris,,True,False,True,12.744116,24,42109,54851,31325,5.40598,9.9512,8.74756,"[DBG] Expected error: 0.100000;   t: 0.100000\n[DBG] Analyzing /var/folders/8l/ycc5vbn93_56mddr52w8zp040000gn/T/qblue_bench_65n1mbhl/BK_ethylene_sto3g_14_electrons_24_spin_orbitals_Hamiltonian_4497_paulis.txt.marqsim.txt:\n[DBG] Length of Pauli String 4497\n\n[DBG] ---- Trotterization (QDrift) -> IBMDigital circuits: ----\n[DBG] Dealing with 3636 pauli strings; lambda = 134.322508; relaxation factor: 1.007416.\n[DBG] Input circuit uses 24 qubits, has 31000 gates:  { H : 8234, X : 0, Rzq : 5832, CX : 16934 }.\n[DBG] After optimization, the circuit uses 5512 gates : { U1 : 804, U2 : 890, U3 : 237, CX : 3581 }.\n\n",
Genesis_dataset,genesis,JW_ethylene_sto3g_16_electrons_28_spin_orbitals_Hamiltonian_8919_paulis.txt,0.1,0.1,qdrift,none,Trotterization (QDrift),IBMDigital,True,14.317929,28,9969,6621,,,,,,,,,,,,,,"[DBG] Expected error: 0.100000;   t: 0.100000\n[DBG] Analyzing /var/folders/8l/ycc5vbn93_56mddr52w8zp040000gn/T/qblue_bench_65n1mbhl/JW_ethylene_sto3g_16_electrons_28_spin_orbitals_Hamiltonian_8919_paulis.txt.marqsim.txt:\n[DBG] Length of Pauli String 8919\n\n[DBG] ---- Trotterization (QDrift) -> IBMDigital circuits: ----\n[DBG] Dealing with 9760 pauli strings; lambda = 220.395680; relaxation factor: 1.004527.\n[DBG] Input circuit uses 28 qubits, has 69481 gates:  { H : 13060, X : 0, Rzq : 12657, CX : 43764 }.\n[DBG] After optimization, the circuit uses 9969 gates : { U1 : 1513, U2 : 1180, U3 : 655, CX : 6621 }.\n\n",
Genesis_dataset,genesis,BK_ethylene_sto3g_16_electrons_28_spin_orbitals_Hamiltonian_8919_paulis.txt,0.1,0.1,qdrift,none,Trotterization (QDrift),IBMDigital,True,18.147429,28,12074,7608,,,,,,,,,,,,,,"[DBG] Expected error: 0.100000;   t: 0.100000\n[DBG] Analyzing /var/folders/8l/ycc5vbn93_56mddr52w8zp040000gn/T/qblue_bench_65n1mbhl/BK_ethylene_sto3g_16_electrons_28_spin_orbitals_Hamiltonian_8919_paulis.txt.marqsim.txt:\n[DBG] Length of Pauli String 8919\n\n[DBG] ---- Trotterization (QDrift) -> IBMDigital circuits: ----\n[DBG] Dealing with 9760 pauli strings; lambda = 220.395680; relaxation factor: 1.004527.\n[DBG] Input circuit uses 28 qubits, has 91065 gates:  { H : 24512, X : 0, Rzq : 16789, CX : 49764 }.\n[DBG] After optimization, the circuit uses 12074 gates : { U1 : 1611, U2 : 2154, U3 : 701, CX : 7608 }.\n\n",
Genesis_dataset,genesis,JW_benzene_sto3g_42_electrons_72_spin_orbitals_Hamiltonian_368021_paulis.txt,0.1,0.1,qdrift,none,,,False,1800.037475,,,,,,,,,,,,,,,,,[DBG] Expected error: 0.100000;   t: 0.100000\n[DBG] Analyzing /var/folders/8l/ycc5vbn93_56mddr52w8zp040000gn/T/qblue_bench_65n1mbhl/JW_benzene_sto3g_42_electrons_72_spin_orbitals_Hamiltonian_368021_paulis.txt.marqsim.txt:\n,
Genesis_dataset,genesis,BK_benzene_sto3g_42_electrons_72_spin_orbitals_Hamiltonian_368021_paulis.txt,0.1,0.1,qdrift,none,,,False,1800.047596,,,,,,,,,,,,,,,,,[DBG] Expected error: 0.100000;   t: 0.100000\n[DBG] Analyzing /var/folders/8l/ycc5vbn93_56mddr52w8zp040000gn/T/qblue_bench_65n1mbhl/BK_benzene_sto3g_42_electrons_72_spin_orbitals_Hamiltonian_368021_paulis.txt.marqsim.txt:\n,
