dataset,format,input_path,input_name,err,t,pipeline,p_flag,grouping,algorithm,backend,n_terms,n_pauli_strings,splitting_r,lambda,relaxation_factor,ok,wall_s,qubits,gates_in_total,gates_in_H,gates_in_X,gates_in_Rzq,gates_in_CX,gates_in_json,gates_opt_total,gates_opt_U1,gates_opt_U2,gates_opt_U3,gates_opt_CX,gates_opt_json,stdout_tail,stderr_tail
MarQSim_dataset,marqsim,/Users/jbg/Development/particleSystem/QBlue_Benchmark_Datasets/MarQSim_dataset/_Pauli_string_Ar.txt,_Pauli_string_Ar.txt,0.1,0.1,qdrift,3,none,Trotterization (QDrift),IBMDigital,60,47,,14.603033,1.064112,True,0.047840,8,97,6,0,53,38,"{""CX"": 38, ""H"": 6, ""Rzq"": 53, ""X"": 0}",59,12,4,0,43,"{""CX"": 43, ""U1"": 12, ""U2"": 4, ""U3"": 0}",Start analyze_one_circuit\nBefore lexing\nafter lexing\nbefore parser\nafter parser\nAfter parserAfter getting qubit 8\nEnter translation_lowprog_ap\ndecompose to full gate set\ndecompose to voqc\nconvert to rzq\nFinish translation_lowprog_ap\n,"[DBG] Expected error: 0.100000;   t: 0.100000\n[DBG] Analyzing /Users/jbg/Development/particleSystem/QBlue_Benchmark_Datasets/MarQSim_dataset/_Pauli_string_Ar.txt:\n[DBG] Length of Pauli String 60\n\n[DBG] ---- Trotterization (QDrift) -> IBMDigital circuits: ----\n[DBG] Dealing with 47 pauli strings; lambda = 14.603033; relaxation factor: 1.064112.\n[DBG] Input circuit uses 8 qubits, has 97 gates:  { H : 6, X : 0, Rzq : 53, CX : 38 }.\n[DBG] After optimization, the circuit uses 59 gates : { U1 : 12, U2 : 4, U3 : 0, CX : 43 }.\n\n"
MarQSim_dataset,marqsim,/Users/jbg/Development/particleSystem/QBlue_Benchmark_Datasets/MarQSim_dataset/_Pauli_string_Cl-.txt,_Pauli_string_Cl-.txt,0.1,0.1,qdrift,3,none,Trotterization (QDrift),IBMDigital,60,28,,11.12888,1.082737,True,0.025421,8,80,12,0,34,34,"{""CX"": 34, ""H"": 12, ""Rzq"": 34, ""X"": 0}",63,9,10,0,44,"{""CX"": 44, ""U1"": 9, ""U2"": 10, ""U3"": 0}",Start analyze_one_circuit\nBefore lexing\nafter lexing\nbefore parser\nafter parser\nAfter parserAfter getting qubit 8\nEnter translation_lowprog_ap\ndecompose to full gate set\ndecompose to voqc\nconvert to rzq\nFinish translation_lowprog_ap\n,"[DBG] Expected error: 0.100000;   t: 0.100000\n[DBG] Analyzing /Users/jbg/Development/particleSystem/QBlue_Benchmark_Datasets/MarQSim_dataset/_Pauli_string_Cl-.txt:\n[DBG] Length of Pauli String 60\n\n[DBG] ---- Trotterization (QDrift) -> IBMDigital circuits: ----\n[DBG] Dealing with 28 pauli strings; lambda = 11.128880; relaxation factor: 1.082737.\n[DBG] Input circuit uses 8 qubits, has 80 gates:  { H : 12, X : 0, Rzq : 34, CX : 34 }.\n[DBG] After optimization, the circuit uses 63 gates : { U1 : 9, U2 : 10, U3 : 0, CX : 44 }.\n\n"
MarQSim_dataset,marqsim,/Users/jbg/Development/particleSystem/QBlue_Benchmark_Datasets/MarQSim_dataset/_Pauli_string_Na+.txt,_Pauli_string_Na+.txt,0.1,0.1,qdrift,3,none,Trotterization (QDrift),IBMDigital,60,25,,10.45621,1.087248,True,0.024457,8,51,6,0,27,18,"{""CX"": 18, ""H"": 6, ""Rzq"": 27, ""X"": 0}",32,10,4,0,18,"{""CX"": 18, ""U1"": 10, ""U2"": 4, ""U3"": 0}",Start analyze_one_circuit\nBefore lexing\nafter lexing\nbefore parser\nafter parser\nAfter parserAfter getting qubit 8\nEnter translation_lowprog_ap\ndecompose to full gate set\ndecompose to voqc\nconvert to rzq\nFinish translation_lowprog_ap\n,"[DBG] Expected error: 0.100000;   t: 0.100000\n[DBG] Analyzing /Users/jbg/Development/particleSystem/QBlue_Benchmark_Datasets/MarQSim_dataset/_Pauli_string_Na+.txt:\n[DBG] Length of Pauli String 60\n\n[DBG] ---- Trotterization (QDrift) -> IBMDigital circuits: ----\n[DBG] Dealing with 25 pauli strings; lambda = 10.456210; relaxation factor: 1.087248.\n[DBG] Input circuit uses 8 qubits, has 51 gates:  { H : 6, X : 0, Rzq : 27, CX : 18 }.\n[DBG] After optimization, the circuit uses 32 gates : { U1 : 10, U2 : 4, U3 : 0, CX : 18 }.\n\n"
MarQSim_dataset,marqsim,/Users/jbg/Development/particleSystem/QBlue_Benchmark_Datasets/MarQSim_dataset/_Pauli_string_SYK1.txt,_Pauli_string_SYK1.txt,0.1,0.1,qdrift,3,none,Trotterization (QDrift),IBMDigital,210,2191,,104.141124,1.009552,True,3.000049,8,38275,12124,0,8523,17628,"{""CX"": 17628, ""H"": 12124, ""Rzq"": 8523, ""X"": 0}",23340,2040,4663,45,16592,"{""CX"": 16592, ""U1"": 2040, ""U2"": 4663, ""U3"": 45}",Start analyze_one_circuit\nBefore lexing\nafter lexing\nbefore parser\nafter parser\nAfter parserAfter getting qubit 8\nEnter translation_lowprog_ap\ndecompose to full gate set\ndecompose to voqc\nconvert to rzq\nFinish translation_lowprog_ap\n,"[DBG] Expected error: 0.100000;   t: 0.100000\n[DBG] Analyzing /var/folders/8l/ycc5vbn93_56mddr52w8zp040000gn/T/qblue_bench_65n1mbhl/_Pauli_string_SYK1.768984afcc13.unix.txt:\n[DBG] Length of Pauli String 210\n\n[DBG] ---- Trotterization (QDrift) -> IBMDigital circuits: ----\n[DBG] Dealing with 2191 pauli strings; lambda = 104.141124; relaxation factor: 1.009552.\n[DBG] Input circuit uses 8 qubits, has 38275 gates:  { H : 12124, X : 0, Rzq : 8523, CX : 17628 }.\n[DBG] After optimization, the circuit uses 23340 gates : { U1 : 2040, U2 : 4663, U3 : 45, CX : 16592 }.\n\n"
MarQSim_dataset,marqsim,/Users/jbg/Development/particleSystem/QBlue_Benchmark_Datasets/MarQSim_dataset/_Pauli_string_SYK2.txt,_Pauli_string_SYK2.txt,0.1,0.1,qdrift,3,none,Trotterization (QDrift),IBMDigital,210,2373,,108.410952,1.009179,True,6.408052,10,31487,10064,0,7769,13654,"{""CX"": 13654, ""H"": 10064, ""Rzq"": 7769, ""X"": 0}",6415,1692,1108,325,3290,"{""CX"": 3290, ""U1"": 1692, ""U2"": 1108, ""U3"": 325}",Start analyze_one_circuit\nBefore lexing\nafter lexing\nbefore parser\nafter parser\nAfter parserAfter getting qubit 10\nEnter translation_lowprog_ap\ndecompose to full gate set\ndecompose to voqc\nconvert to rzq\nFinish translation_lowprog_ap\n,"[DBG] Expected error: 0.100000;   t: 0.100000\n[DBG] Analyzing /var/folders/8l/ycc5vbn93_56mddr52w8zp040000gn/T/qblue_bench_65n1mbhl/_Pauli_string_SYK2.4c135e6ff830.unix.txt:\n[DBG] Length of Pauli String 210\n\n[DBG] ---- Trotterization (QDrift) -> IBMDigital circuits: ----\n[DBG] Dealing with 2373 pauli strings; lambda = 108.410952; relaxation factor: 1.009179.\n[DBG] Input circuit uses 10 qubits, has 31487 gates:  { H : 10064, X : 0, Rzq : 7769, CX : 13654 }.\n[DBG] After optimization, the circuit uses 6415 gates : { U1 : 1692, U2 : 1108, U3 : 325, CX : 3290 }.\n\n"
MarQSim_dataset,marqsim,/Users/jbg/Development/particleSystem/QBlue_Benchmark_Datasets/MarQSim_dataset/_Pauli_string_HF.txt,_Pauli_string_HF.txt,0.1,0.1,qdrift,3,none,Trotterization (QDrift),IBMDigital,275,125,,24.424906,1.039854,True,0.033133,10,301,32,0,137,132,"{""CX"": 132, ""H"": 32, ""Rzq"": 137, ""X"": 0}",127,27,17,3,80,"{""CX"": 80, ""U1"": 27, ""U2"": 17, ""U3"": 3}",Start analyze_one_circuit\nBefore lexing\nafter lexing\nbefore parser\nafter parser\nAfter parserAfter getting qubit 10\nEnter translation_lowprog_ap\ndecompose to full gate set\ndecompose to voqc\nconvert to rzq\nFinish translation_lowprog_ap\n,"[DBG] Expected error: 0.100000;   t: 0.100000\n[DBG] Analyzing /Users/jbg/Development/particleSystem/QBlue_Benchmark_Datasets/MarQSim_dataset/_Pauli_string_HF.txt:\n[DBG] Length of Pauli String 275\n\n[DBG] ---- Trotterization (QDrift) -> IBMDigital circuits: ----\n[DBG] Dealing with 125 pauli strings; lambda = 24.424906; relaxation factor: 1.039854.\n[DBG] Input circuit uses 10 qubits, has 301 gates:  { H : 32, X : 0, Rzq : 137, CX : 132 }.\n[DBG] After optimization, the circuit uses 127 gates : { U1 : 27, U2 : 17, U3 : 3, CX : 80 }.\n\n"
MarQSim_dataset,marqsim,/Users/jbg/Development/particleSystem/QBlue_Benchmark_Datasets/MarQSim_dataset/_Pauli_string_OH-.txt,_Pauli_string_OH-.txt,0.1,0.1,qdrift,3,none,Trotterization (QDrift),IBMDigital,275,74,,18.581708,1.051503,True,0.032165,10,282,52,0,96,134,"{""CX"": 134, ""H"": 52, ""Rzq"": 96, ""X"": 0}",156,26,22,5,103,"{""CX"": 103, ""U1"": 26, ""U2"": 22, ""U3"": 5}",Start analyze_one_circuit\nBefore lexing\nafter lexing\nbefore parser\nafter parser\nAfter parserAfter getting qubit 10\nEnter translation_lowprog_ap\ndecompose to full gate set\ndecompose to voqc\nconvert to rzq\nFinish translation_lowprog_ap\n,"[DBG] Expected error: 0.100000;   t: 0.100000\n[DBG] Analyzing /Users/jbg/Development/particleSystem/QBlue_Benchmark_Datasets/MarQSim_dataset/_Pauli_string_OH-.txt:\n[DBG] Length of Pauli String 275\n\n[DBG] ---- Trotterization (QDrift) -> IBMDigital circuits: ----\n[DBG] Dealing with 74 pauli strings; lambda = 18.581708; relaxation factor: 1.051503.\n[DBG] Input circuit uses 10 qubits, has 282 gates:  { H : 52, X : 0, Rzq : 96, CX : 134 }.\n[DBG] After optimization, the circuit uses 156 gates : { U1 : 26, U2 : 22, U3 : 5, CX : 103 }.\n\n"
MarQSim_dataset,marqsim,/Users/jbg/Development/particleSystem/QBlue_Benchmark_Datasets/MarQSim_dataset/_Pauli_string_LiH_f.txt,_Pauli_string_LiH_f.txt,0.1,0.1,qdrift,3,none,Trotterization (QDrift),IBMDigital,275,18,,8.894264,1.103873,True,0.028159,10,62,8,0,20,34,"{""CX"": 34, ""H"": 8, ""Rzq"": 20, ""X"": 0}",33,8,2,0,23,"{""CX"": 23, ""U1"": 8, ""U2"": 2, ""U3"": 0}",Start analyze_one_circuit\nBefore lexing\nafter lexing\nbefore parser\nafter parser\nAfter parserAfter getting qubit 10\nEnter translation_lowprog_ap\ndecompose to full gate set\ndecompose to voqc\nconvert to rzq\nFinish translation_lowprog_ap\n,"[DBG] Expected error: 0.100000;   t: 0.100000\n[DBG] Analyzing /Users/jbg/Development/particleSystem/QBlue_Benchmark_Datasets/MarQSim_dataset/_Pauli_string_LiH_f.txt:\n[DBG] Length of Pauli String 275\n\n[DBG] ---- Trotterization (QDrift) -> IBMDigital circuits: ----\n[DBG] Dealing with 18 pauli strings; lambda = 8.894264; relaxation factor: 1.103873.\n[DBG] Input circuit uses 10 qubits, has 62 gates:  { H : 8, X : 0, Rzq : 20, CX : 34 }.\n[DBG] After optimization, the circuit uses 33 gates : { U1 : 8, U2 : 2, U3 : 0, CX : 23 }.\n\n"
MarQSim_dataset,marqsim,/Users/jbg/Development/particleSystem/QBlue_Benchmark_Datasets/MarQSim_dataset/_Pauli_string_H2O.txt,_Pauli_string_H2O.txt,0.1,0.1,qdrift,3,none,Trotterization (QDrift),IBMDigital,550,154,,27.158985,1.035901,True,0.038363,12,1040,194,0,250,596,"{""CX"": 596, ""H"": 194, ""Rzq"": 250, ""X"": 0}",380,59,49,14,258,"{""CX"": 258, ""U1"": 59, ""U2"": 49, ""U3"": 14}",Start analyze_one_circuit\nBefore lexing\nafter lexing\nbefore parser\nafter parser\nAfter parserAfter getting qubit 12\nEnter translation_lowprog_ap\ndecompose to full gate set\ndecompose to voqc\nconvert to rzq\nFinish translation_lowprog_ap\n,"[DBG] Expected error: 0.100000;   t: 0.100000\n[DBG] Analyzing /Users/jbg/Development/particleSystem/QBlue_Benchmark_Datasets/MarQSim_dataset/_Pauli_string_H2O.txt:\n[DBG] Length of Pauli String 550\n\n[DBG] ---- Trotterization (QDrift) -> IBMDigital circuits: ----\n[DBG] Dealing with 154 pauli strings; lambda = 27.158985; relaxation factor: 1.035901.\n[DBG] Input circuit uses 12 qubits, has 1040 gates:  { H : 194, X : 0, Rzq : 250, CX : 596 }.\n[DBG] After optimization, the circuit uses 380 gates : { U1 : 59, U2 : 49, U3 : 14, CX : 258 }.\n\n"
MarQSim_dataset,marqsim,/Users/jbg/Development/particleSystem/QBlue_Benchmark_Datasets/MarQSim_dataset/_Pauli_string_LiH_unf.txt,_Pauli_string_LiH_unf.txt,0.1,0.1,qdrift,3,none,Trotterization (QDrift),IBMDigital,614,34,,12.341623,1.075298,True,0.037333,12,142,20,0,42,80,"{""CX"": 80, ""H"": 20, ""Rzq"": 42, ""X"": 0}",82,12,11,1,58,"{""CX"": 58, ""U1"": 12, ""U2"": 11, ""U3"": 1}",Start analyze_one_circuit\nBefore lexing\nafter lexing\nbefore parser\nafter parser\nAfter parserAfter getting qubit 12\nEnter translation_lowprog_ap\ndecompose to full gate set\ndecompose to voqc\nconvert to rzq\nFinish translation_lowprog_ap\n,"[DBG] Expected error: 0.100000;   t: 0.100000\n[DBG] Analyzing /Users/jbg/Development/particleSystem/QBlue_Benchmark_Datasets/MarQSim_dataset/_Pauli_string_LiH_unf.txt:\n[DBG] Length of Pauli String 614\n\n[DBG] ---- Trotterization (QDrift) -> IBMDigital circuits: ----\n[DBG] Dealing with 34 pauli strings; lambda = 12.341623; relaxation factor: 1.075298.\n[DBG] Input circuit uses 12 qubits, has 142 gates:  { H : 20, X : 0, Rzq : 42, CX : 80 }.\n[DBG] After optimization, the circuit uses 82 gates : { U1 : 12, U2 : 11, U3 : 1, CX : 58 }.\n\n"
MarQSim_dataset,marqsim,/Users/jbg/Development/particleSystem/QBlue_Benchmark_Datasets/MarQSim_dataset/_Pauli_string_BeH2_f.txt,_Pauli_string_BeH2_f.txt,0.1,0.1,qdrift,3,none,Trotterization (QDrift),IBMDigital,661,98,,21.488184,1.044829,True,0.040973,12,636,152,0,142,342,"{""CX"": 342, ""H"": 152, ""Rzq"": 142, ""X"": 0}",246,32,51,7,156,"{""CX"": 156, ""U1"": 32, ""U2"": 51, ""U3"": 7}",Start analyze_one_circuit\nBefore lexing\nafter lexing\nbefore parser\nafter parser\nAfter parserAfter getting qubit 12\nEnter translation_lowprog_ap\ndecompose to full gate set\ndecompose to voqc\nconvert to rzq\nFinish translation_lowprog_ap\n,"[DBG] Expected error: 0.100000;   t: 0.100000\n[DBG] Analyzing /Users/jbg/Development/particleSystem/QBlue_Benchmark_Datasets/MarQSim_dataset/_Pauli_string_BeH2_f.txt:\n[DBG] Length of Pauli String 661\n\n[DBG] ---- Trotterization (QDrift) -> IBMDigital circuits: ----\n[DBG] Dealing with 98 pauli strings; lambda = 21.488184; relaxation factor: 1.044829.\n[DBG] Input circuit uses 12 qubits, has 636 gates:  { H : 152, X : 0, Rzq : 142, CX : 342 }.\n[DBG] After optimization, the circuit uses 246 gates : { U1 : 32, U2 : 51, U3 : 7, CX : 156 }.\n\n"
MarQSim_dataset,marqsim,/Users/jbg/Development/particleSystem/QBlue_Benchmark_Datasets/MarQSim_dataset/_Pauli_string_BeH2_unf.txt,_Pauli_string_BeH2_unf.txt,0.1,0.1,qdrift,3,none,Trotterization (QDrift),IBMDigital,661,98,,21.488184,1.044829,True,0.036802,14,522,104,0,134,284,"{""CX"": 284, ""H"": 104, ""Rzq"": 134, ""X"": 0}",176,25,9,7,135,"{""CX"": 135, ""U1"": 25, ""U2"": 9, ""U3"": 7}",Start analyze_one_circuit\nBefore lexing\nafter lexing\nbefore parser\nafter parser\nAfter parserAfter getting qubit 14\nEnter translation_lowprog_ap\ndecompose to full gate set\ndecompose to voqc\nconvert to rzq\nFinish translation_lowprog_ap\n,"[DBG] Expected error: 0.100000;   t: 0.100000\n[DBG] Analyzing /Users/jbg/Development/particleSystem/QBlue_Benchmark_Datasets/MarQSim_dataset/_Pauli_string_BeH2_unf.txt:\n[DBG] Length of Pauli String 661\n\n[DBG] ---- Trotterization (QDrift) -> IBMDigital circuits: ----\n[DBG] Dealing with 98 pauli strings; lambda = 21.488184; relaxation factor: 1.044829.\n[DBG] Input circuit uses 14 qubits, has 522 gates:  { H : 104, X : 0, Rzq : 134, CX : 284 }.\n[DBG] After optimization, the circuit uses 176 gates : { U1 : 25, U2 : 9, U3 : 7, CX : 135 }.\n\n"
Genesis_dataset,genesis,/Users/jbg/Development/particleSystem/QBlue_Benchmark_Datasets/Genesis_dataset/LiH/JW_LiH_sto3g_4_electrons_12_spin_orbitals_Hamiltonian_631_paulis.txt,JW_LiH_sto3g_4_electrons_12_spin_orbitals_Hamiltonian_631_paulis.txt,0.1,0.1,qdrift,3,none,Trotterization (QDrift),IBMDigital,631,66,,17.5069,1.054484,True,0.042610,12,180,32,0,64,84,"{""CX"": 84, ""H"": 32, ""Rzq"": 64, ""X"": 0}",101,15,14,4,68,"{""CX"": 68, ""U1"": 15, ""U2"": 14, ""U3"": 4}",Start analyze_one_circuit\nBefore lexing\nafter lexing\nbefore parser\nafter parser\nAfter parserAfter getting qubit 12\nEnter translation_lowprog_ap\ndecompose to full gate set\ndecompose to voqc\nconvert to rzq\nFinish translation_lowprog_ap\n,"[DBG] Expected error: 0.100000;   t: 0.100000\n[DBG] Analyzing /var/folders/8l/ycc5vbn93_56mddr52w8zp040000gn/T/qblue_bench_65n1mbhl/JW_LiH_sto3g_4_electrons_12_spin_orbitals_Hamiltonian_631_paulis.txt.marqsim.txt:\n[DBG] Length of Pauli String 631\n\n[DBG] ---- Trotterization (QDrift) -> IBMDigital circuits: ----\n[DBG] Dealing with 66 pauli strings; lambda = 17.506900; relaxation factor: 1.054484.\n[DBG] Input circuit uses 12 qubits, has 180 gates:  { H : 32, X : 0, Rzq : 64, CX : 84 }.\n[DBG] After optimization, the circuit uses 101 gates : { U1 : 15, U2 : 14, U3 : 4, CX : 68 }.\n\n"
Genesis_dataset,genesis,/Users/jbg/Development/particleSystem/QBlue_Benchmark_Datasets/Genesis_dataset/LiH/BK_LiH_sto3g_4_electrons_12_spin_orbitals_Hamiltonian_631_paulis.txt,BK_LiH_sto3g_4_electrons_12_spin_orbitals_Hamiltonian_631_paulis.txt,0.1,0.1,qdrift,3,none,Trotterization (QDrift),IBMDigital,631,66,,17.5069,1.054484,True,0.040765,12,252,42,0,68,142,"{""CX"": 142, ""H"": 42, ""Rzq"": 68, ""X"": 0}",142,18,17,1,106,"{""CX"": 106, ""U1"": 18, ""U2"": 17, ""U3"": 1}",Start analyze_one_circuit\nBefore lexing\nafter lexing\nbefore parser\nafter parser\nAfter parserAfter getting qubit 12\nEnter translation_lowprog_ap\ndecompose to full gate set\ndecompose to voqc\nconvert to rzq\nFinish translation_lowprog_ap\n,"[DBG] Expected error: 0.100000;   t: 0.100000\n[DBG] Analyzing /var/folders/8l/ycc5vbn93_56mddr52w8zp040000gn/T/qblue_bench_65n1mbhl/BK_LiH_sto3g_4_electrons_12_spin_orbitals_Hamiltonian_631_paulis.txt.marqsim.txt:\n[DBG] Length of Pauli String 631\n\n[DBG] ---- Trotterization (QDrift) -> IBMDigital circuits: ----\n[DBG] Dealing with 66 pauli strings; lambda = 17.506900; relaxation factor: 1.054484.\n[DBG] Input circuit uses 12 qubits, has 252 gates:  { H : 42, X : 0, Rzq : 68, CX : 142 }.\n[DBG] After optimization, the circuit uses 142 gates : { U1 : 18, U2 : 17, U3 : 1, CX : 106 }.\n\n"
Genesis_dataset,genesis,/Users/jbg/Development/particleSystem/QBlue_Benchmark_Datasets/Genesis_dataset/BeH2/JW_BeH2_sto3g_6_electrons_14_spin_orbitals_Hamiltonian_666_paulis.txt,JW_BeH2_sto3g_6_electrons_14_spin_orbitals_Hamiltonian_666_paulis.txt,0.1,0.1,qdrift,3,none,Trotterization (QDrift),IBMDigital,666,235,,33.70504,1.029101,True,0.034571,14,607,102,0,189,316,"{""CX"": 316, ""H"": 102, ""Rzq"": 189, ""X"": 0}",164,28,17,4,115,"{""CX"": 115, ""U1"": 28, ""U2"": 17, ""U3"": 4}",Start analyze_one_circuit\nBefore lexing\nafter lexing\nbefore parser\nafter parser\nAfter parserAfter getting qubit 14\nEnter translation_lowprog_ap\ndecompose to full gate set\ndecompose to voqc\nconvert to rzq\nFinish translation_lowprog_ap\n,"[DBG] Expected error: 0.100000;   t: 0.100000\n[DBG] Analyzing /var/folders/8l/ycc5vbn93_56mddr52w8zp040000gn/T/qblue_bench_65n1mbhl/JW_BeH2_sto3g_6_electrons_14_spin_orbitals_Hamiltonian_666_paulis.txt.marqsim.txt:\n[DBG] Length of Pauli String 666\n\n[DBG] ---- Trotterization (QDrift) -> IBMDigital circuits: ----\n[DBG] Dealing with 235 pauli strings; lambda = 33.705040; relaxation factor: 1.029101.\n[DBG] Input circuit uses 14 qubits, has 607 gates:  { H : 102, X : 0, Rzq : 189, CX : 316 }.\n[DBG] After optimization, the circuit uses 164 gates : { U1 : 28, U2 : 17, U3 : 4, CX : 115 }.\n\n"
Genesis_dataset,genesis,/Users/jbg/Development/particleSystem/QBlue_Benchmark_Datasets/Genesis_dataset/BeH2/BK_BeH2_sto3g_6_electrons_14_spin_orbitals_Hamiltonian_666_paulis.txt,BK_BeH2_sto3g_6_electrons_14_spin_orbitals_Hamiltonian_666_paulis.txt,0.1,0.1,qdrift,3,none,Trotterization (QDrift),IBMDigital,666,235,,33.70504,1.029101,True,0.034383,14,1067,142,0,217,708,"{""CX"": 708, ""H"": 142, ""Rzq"": 217, ""X"": 0}",260,38,53,3,166,"{""CX"": 166, ""U1"": 38, ""U2"": 53, ""U3"": 3}",Start analyze_one_circuit\nBefore lexing\nafter lexing\nbefore parser\nafter parser\nAfter parserAfter getting qubit 14\nEnter translation_lowprog_ap\ndecompose to full gate set\ndecompose to voqc\nconvert to rzq\nFinish translation_lowprog_ap\n,"[DBG] Expected error: 0.100000;   t: 0.100000\n[DBG] Analyzing /var/folders/8l/ycc5vbn93_56mddr52w8zp040000gn/T/qblue_bench_65n1mbhl/BK_BeH2_sto3g_6_electrons_14_spin_orbitals_Hamiltonian_666_paulis.txt.marqsim.txt:\n[DBG] Length of Pauli String 666\n\n[DBG] ---- Trotterization (QDrift) -> IBMDigital circuits: ----\n[DBG] Dealing with 235 pauli strings; lambda = 33.705040; relaxation factor: 1.029101.\n[DBG] Input circuit uses 14 qubits, has 1067 gates:  { H : 142, X : 0, Rzq : 217, CX : 708 }.\n[DBG] After optimization, the circuit uses 260 gates : { U1 : 38, U2 : 53, U3 : 3, CX : 166 }.\n\n"
Genesis_dataset,genesis,/Users/jbg/Development/particleSystem/QBlue_Benchmark_Datasets/Genesis_dataset/ethylene/JW_ethylene_sto3g_10_electrons_16_spin_orbitals_Hamiltonian_789_paulis.txt,JW_ethylene_sto3g_10_electrons_16_spin_orbitals_Hamiltonian_789_paulis.txt,0.1,0.1,qdrift,3,none,Trotterization (QDrift),IBMDigital,789,366,,42.223338,1.023341,True,0.041021,16,1332,252,0,332,748,"{""CX"": 748, ""H"": 252, ""Rzq"": 332, ""X"": 0}",375,58,38,13,266,"{""CX"": 266, ""U1"": 58, ""U2"": 38, ""U3"": 13}",Start analyze_one_circuit\nBefore lexing\nafter lexing\nbefore parser\nafter parser\nAfter parserAfter getting qubit 16\nEnter translation_lowprog_ap\ndecompose to full gate set\ndecompose to voqc\nconvert to rzq\nFinish translation_lowprog_ap\n,"[DBG] Expected error: 0.100000;   t: 0.100000\n[DBG] Analyzing /var/folders/8l/ycc5vbn93_56mddr52w8zp040000gn/T/qblue_bench_65n1mbhl/JW_ethylene_sto3g_10_electrons_16_spin_orbitals_Hamiltonian_789_paulis.txt.marqsim.txt:\n[DBG] Length of Pauli String 789\n\n[DBG] ---- Trotterization (QDrift) -> IBMDigital circuits: ----\n[DBG] Dealing with 366 pauli strings; lambda = 42.223338; relaxation factor: 1.023341.\n[DBG] Input circuit uses 16 qubits, has 1332 gates:  { H : 252, X : 0, Rzq : 332, CX : 748 }.\n[DBG] After optimization, the circuit uses 375 gates : { U1 : 58, U2 : 38, U3 : 13, CX : 266 }.\n\n"
Genesis_dataset,genesis,/Users/jbg/Development/particleSystem/QBlue_Benchmark_Datasets/Genesis_dataset/ethylene/BK_ethylene_sto3g_10_electrons_16_spin_orbitals_Hamiltonian_789_paulis.txt,BK_ethylene_sto3g_10_electrons_16_spin_orbitals_Hamiltonian_789_paulis.txt,0.1,0.1,qdrift,3,none,Trotterization (QDrift),IBMDigital,789,366,,42.223338,1.023341,True,0.044797,16,1636,262,0,322,1052,"{""CX"": 1052, ""H"": 262, ""Rzq"": 322, ""X"": 0}",346,61,34,13,238,"{""CX"": 238, ""U1"": 61, ""U2"": 34, ""U3"": 13}",Start analyze_one_circuit\nBefore lexing\nafter lexing\nbefore parser\nafter parser\nAfter parserAfter getting qubit 16\nEnter translation_lowprog_ap\ndecompose to full gate set\ndecompose to voqc\nconvert to rzq\nFinish translation_lowprog_ap\n,"[DBG] Expected error: 0.100000;   t: 0.100000\n[DBG] Analyzing /var/folders/8l/ycc5vbn93_56mddr52w8zp040000gn/T/qblue_bench_65n1mbhl/BK_ethylene_sto3g_10_electrons_16_spin_orbitals_Hamiltonian_789_paulis.txt.marqsim.txt:\n[DBG] Length of Pauli String 789\n\n[DBG] ---- Trotterization (QDrift) -> IBMDigital circuits: ----\n[DBG] Dealing with 366 pauli strings; lambda = 42.223338; relaxation factor: 1.023341.\n[DBG] Input circuit uses 16 qubits, has 1636 gates:  { H : 262, X : 0, Rzq : 322, CX : 1052 }.\n[DBG] After optimization, the circuit uses 346 gates : { U1 : 61, U2 : 34, U3 : 13, CX : 238 }.\n\n"
Genesis_dataset,genesis,/Users/jbg/Development/particleSystem/QBlue_Benchmark_Datasets/Genesis_dataset/NH3/BK_NH3_sto3g_8_electrons_12_spin_orbitals_Hamiltonian_915_paulis.txt,BK_NH3_sto3g_8_electrons_12_spin_orbitals_Hamiltonian_915_paulis.txt,0.1,0.1,qdrift,3,none,Trotterization (QDrift),IBMDigital,915,305,,38.512463,1.025576,True,0.040368,12,1871,452,0,403,1016,"{""CX"": 1016, ""H"": 452, ""Rzq"": 403, ""X"": 0}",494,86,91,13,304,"{""CX"": 304, ""U1"": 86, ""U2"": 91, ""U3"": 13}",Start analyze_one_circuit\nBefore lexing\nafter lexing\nbefore parser\nafter parser\nAfter parserAfter getting qubit 12\nEnter translation_lowprog_ap\ndecompose to full gate set\ndecompose to voqc\nconvert to rzq\nFinish translation_lowprog_ap\n,"[DBG] Expected error: 0.100000;   t: 0.100000\n[DBG] Analyzing /var/folders/8l/ycc5vbn93_56mddr52w8zp040000gn/T/qblue_bench_65n1mbhl/BK_NH3_sto3g_8_electrons_12_spin_orbitals_Hamiltonian_915_paulis.txt.marqsim.txt:\n[DBG] Length of Pauli String 915\n\n[DBG] ---- Trotterization (QDrift) -> IBMDigital circuits: ----\n[DBG] Dealing with 305 pauli strings; lambda = 38.512463; relaxation factor: 1.025576.\n[DBG] Input circuit uses 12 qubits, has 1871 gates:  { H : 452, X : 0, Rzq : 403, CX : 1016 }.\n[DBG] After optimization, the circuit uses 494 gates : { U1 : 86, U2 : 91, U3 : 13, CX : 304 }.\n\n"
Genesis_dataset,genesis,/Users/jbg/Development/particleSystem/QBlue_Benchmark_Datasets/Genesis_dataset/NH3/JW_NH3_sto3g_8_electrons_12_spin_orbitals_Hamiltonian_915_paulis.txt,JW_NH3_sto3g_8_electrons_12_spin_orbitals_Hamiltonian_915_paulis.txt,0.1,0.1,qdrift,3,none,Trotterization (QDrift),IBMDigital,915,305,,38.512463,1.025576,True,0.038042,12,1219,258,0,301,660,"{""CX"": 660, ""H"": 258, ""Rzq"": 301, ""X"": 0}",552,77,75,16,384,"{""CX"": 384, ""U1"": 77, ""U2"": 75, ""U3"": 16}",Start analyze_one_circuit\nBefore lexing\nafter lexing\nbefore parser\nafter parser\nAfter parserAfter getting qubit 12\nEnter translation_lowprog_ap\ndecompose to full gate set\ndecompose to voqc\nconvert to rzq\nFinish translation_lowprog_ap\n,"[DBG] Expected error: 0.100000;   t: 0.100000\n[DBG] Analyzing /var/folders/8l/ycc5vbn93_56mddr52w8zp040000gn/T/qblue_bench_65n1mbhl/JW_NH3_sto3g_8_electrons_12_spin_orbitals_Hamiltonian_915_paulis.txt.marqsim.txt:\n[DBG] Length of Pauli String 915\n\n[DBG] ---- Trotterization (QDrift) -> IBMDigital circuits: ----\n[DBG] Dealing with 305 pauli strings; lambda = 38.512463; relaxation factor: 1.025576.\n[DBG] Input circuit uses 12 qubits, has 1219 gates:  { H : 258, X : 0, Rzq : 301, CX : 660 }.\n[DBG] After optimization, the circuit uses 552 gates : { U1 : 77, U2 : 75, U3 : 16, CX : 384 }.\n\n"
Genesis_dataset,genesis,/Users/jbg/Development/particleSystem/QBlue_Benchmark_Datasets/Genesis_dataset/H2O/BK_H2O_sto3g_8_electrons_12_spin_orbitals_Hamiltonian_1219_paulis.txt,BK_H2O_sto3g_8_electrons_12_spin_orbitals_Hamiltonian_1219_paulis.txt,0.1,0.1,qdrift,3,none,Trotterization (QDrift),IBMDigital,1219,363,,42.055417,1.023442,True,0.052088,12,2147,548,0,461,1138,"{""CX"": 1138, ""H"": 548, ""Rzq"": 461, ""X"": 0}",639,94,105,18,422,"{""CX"": 422, ""U1"": 94, ""U2"": 105, ""U3"": 18}",Start analyze_one_circuit\nBefore lexing\nafter lexing\nbefore parser\nafter parser\nAfter parserAfter getting qubit 12\nEnter translation_lowprog_ap\ndecompose to full gate set\ndecompose to voqc\nconvert to rzq\nFinish translation_lowprog_ap\n,"[DBG] Expected error: 0.100000;   t: 0.100000\n[DBG] Analyzing /var/folders/8l/ycc5vbn93_56mddr52w8zp040000gn/T/qblue_bench_65n1mbhl/BK_H2O_sto3g_8_electrons_12_spin_orbitals_Hamiltonian_1219_paulis.txt.marqsim.txt:\n[DBG] Length of Pauli String 1219\n\n[DBG] ---- Trotterization (QDrift) -> IBMDigital circuits: ----\n[DBG] Dealing with 363 pauli strings; lambda = 42.055417; relaxation factor: 1.023442.\n[DBG] Input circuit uses 12 qubits, has 2147 gates:  { H : 548, X : 0, Rzq : 461, CX : 1138 }.\n[DBG] After optimization, the circuit uses 639 gates : { U1 : 94, U2 : 105, U3 : 18, CX : 422 }.\n\n"
Genesis_dataset,genesis,/Users/jbg/Development/particleSystem/QBlue_Benchmark_Datasets/Genesis_dataset/H2O/JW_H2O_sto3g_8_electrons_12_spin_orbitals_Hamiltonian_1219_paulis.txt,JW_H2O_sto3g_8_electrons_12_spin_orbitals_Hamiltonian_1219_paulis.txt,0.1,0.1,qdrift,3,none,Trotterization (QDrift),IBMDigital,1219,363,,42.055417,1.023442,True,0.046176,12,1547,334,0,397,816,"{""CX"": 816, ""H"": 334, ""Rzq"": 397, ""X"": 0}",549,92,84,16,357,"{""CX"": 357, ""U1"": 92, ""U2"": 84, ""U3"": 16}",Start analyze_one_circuit\nBefore lexing\nafter lexing\nbefore parser\nafter parser\nAfter parserAfter getting qubit 12\nEnter translation_lowprog_ap\ndecompose to full gate set\ndecompose to voqc\nconvert to rzq\nFinish translation_lowprog_ap\n,"[DBG] Expected error: 0.100000;   t: 0.100000\n[DBG] Analyzing /var/folders/8l/ycc5vbn93_56mddr52w8zp040000gn/T/qblue_bench_65n1mbhl/JW_H2O_sto3g_8_electrons_12_spin_orbitals_Hamiltonian_1219_paulis.txt.marqsim.txt:\n[DBG] Length of Pauli String 1219\n\n[DBG] ---- Trotterization (QDrift) -> IBMDigital circuits: ----\n[DBG] Dealing with 363 pauli strings; lambda = 42.055417; relaxation factor: 1.023442.\n[DBG] Input circuit uses 12 qubits, has 1547 gates:  { H : 334, X : 0, Rzq : 397, CX : 816 }.\n[DBG] After optimization, the circuit uses 549 gates : { U1 : 92, U2 : 84, U3 : 16, CX : 357 }.\n\n"
Genesis_dataset,genesis,/Users/jbg/Development/particleSystem/QBlue_Benchmark_Datasets/Genesis_dataset/N2/JW_N2_sto3g_10_electrons_16_spin_orbitals_Hamiltonian_1177_paulis.txt,JW_N2_sto3g_10_electrons_16_spin_orbitals_Hamiltonian_1177_paulis.txt,0.1,0.1,qdrift,3,none,Trotterization (QDrift),IBMDigital,1177,749,,60.625823,1.01632,True,0.086216,16,3480,694,0,794,1992,"{""CX"": 1992, ""H"": 694, ""Rzq"": 794, ""X"": 0}",1221,180,173,26,842,"{""CX"": 842, ""U1"": 180, ""U2"": 173, ""U3"": 26}",Start analyze_one_circuit\nBefore lexing\nafter lexing\nbefore parser\nafter parser\nAfter parserAfter getting qubit 16\nEnter translation_lowprog_ap\ndecompose to full gate set\ndecompose to voqc\nconvert to rzq\nFinish translation_lowprog_ap\n,"[DBG] Expected error: 0.100000;   t: 0.100000\n[DBG] Analyzing /var/folders/8l/ycc5vbn93_56mddr52w8zp040000gn/T/qblue_bench_65n1mbhl/JW_N2_sto3g_10_electrons_16_spin_orbitals_Hamiltonian_1177_paulis.txt.marqsim.txt:\n[DBG] Length of Pauli String 1177\n\n[DBG] ---- Trotterization (QDrift) -> IBMDigital circuits: ----\n[DBG] Dealing with 749 pauli strings; lambda = 60.625823; relaxation factor: 1.016320.\n[DBG] Input circuit uses 16 qubits, has 3480 gates:  { H : 694, X : 0, Rzq : 794, CX : 1992 }.\n[DBG] After optimization, the circuit uses 1221 gates : { U1 : 180, U2 : 173, U3 : 26, CX : 842 }.\n\n"
Genesis_dataset,genesis,/Users/jbg/Development/particleSystem/QBlue_Benchmark_Datasets/Genesis_dataset/C2/JW_C2_sto3g_10_electrons_16_spin_orbitals_Hamiltonian_1177_paulis.txt,JW_C2_sto3g_10_electrons_16_spin_orbitals_Hamiltonian_1177_paulis.txt,0.1,0.1,qdrift,3,none,Trotterization (QDrift),IBMDigital,1177,1312,,80.451692,1.012339,True,0.083777,16,3624,646,0,1064,1914,"{""CX"": 1914, ""H"": 646, ""Rzq"": 1064, ""X"": 0}",1283,174,179,33,897,"{""CX"": 897, ""U1"": 174, ""U2"": 179, ""U3"": 33}",Start analyze_one_circuit\nBefore lexing\nafter lexing\nbefore parser\nafter parser\nAfter parserAfter getting qubit 16\nEnter translation_lowprog_ap\ndecompose to full gate set\ndecompose to voqc\nconvert to rzq\nFinish translation_lowprog_ap\n,"[DBG] Expected error: 0.100000;   t: 0.100000\n[DBG] Analyzing /var/folders/8l/ycc5vbn93_56mddr52w8zp040000gn/T/qblue_bench_65n1mbhl/JW_C2_sto3g_10_electrons_16_spin_orbitals_Hamiltonian_1177_paulis.txt.marqsim.txt:\n[DBG] Length of Pauli String 1177\n\n[DBG] ---- Trotterization (QDrift) -> IBMDigital circuits: ----\n[DBG] Dealing with 1312 pauli strings; lambda = 80.451692; relaxation factor: 1.012339.\n[DBG] Input circuit uses 16 qubits, has 3624 gates:  { H : 646, X : 0, Rzq : 1064, CX : 1914 }.\n[DBG] After optimization, the circuit uses 1283 gates : { U1 : 174, U2 : 179, U3 : 33, CX : 897 }.\n\n"
Genesis_dataset,genesis,/Users/jbg/Development/particleSystem/QBlue_Benchmark_Datasets/Genesis_dataset/N2/BK_N2_sto3g_10_electrons_16_spin_orbitals_Hamiltonian_1177_paulis.txt,BK_N2_sto3g_10_electrons_16_spin_orbitals_Hamiltonian_1177_paulis.txt,0.1,0.1,qdrift,3,none,Trotterization (QDrift),IBMDigital,1177,749,,60.625823,1.01632,True,0.104118,16,4602,1004,0,954,2644,"{""CX"": 2644, ""H"": 1004, ""Rzq"": 954, ""X"": 0}",1217,179,185,42,811,"{""CX"": 811, ""U1"": 179, ""U2"": 185, ""U3"": 42}",Start analyze_one_circuit\nBefore lexing\nafter lexing\nbefore parser\nafter parser\nAfter parserAfter getting qubit 16\nEnter translation_lowprog_ap\ndecompose to full gate set\ndecompose to voqc\nconvert to rzq\nFinish translation_lowprog_ap\n,"[DBG] Expected error: 0.100000;   t: 0.100000\n[DBG] Analyzing /var/folders/8l/ycc5vbn93_56mddr52w8zp040000gn/T/qblue_bench_65n1mbhl/BK_N2_sto3g_10_electrons_16_spin_orbitals_Hamiltonian_1177_paulis.txt.marqsim.txt:\n[DBG] Length of Pauli String 1177\n\n[DBG] ---- Trotterization (QDrift) -> IBMDigital circuits: ----\n[DBG] Dealing with 749 pauli strings; lambda = 60.625823; relaxation factor: 1.016320.\n[DBG] Input circuit uses 16 qubits, has 4602 gates:  { H : 1004, X : 0, Rzq : 954, CX : 2644 }.\n[DBG] After optimization, the circuit uses 1217 gates : { U1 : 179, U2 : 185, U3 : 42, CX : 811 }.\n\n"
Genesis_dataset,genesis,/Users/jbg/Development/particleSystem/QBlue_Benchmark_Datasets/Genesis_dataset/C2/BK_C2_sto3g_10_electrons_16_spin_orbitals_Hamiltonian_1177_paulis.txt,BK_C2_sto3g_10_electrons_16_spin_orbitals_Hamiltonian_1177_paulis.txt,0.1,0.1,qdrift,3,none,Trotterization (QDrift),IBMDigital,1177,1312,,80.451692,1.012339,True,0.122420,16,5102,894,0,1230,2978,"{""CX"": 2978, ""H"": 894, ""Rzq"": 1230, ""X"": 0}",1185,198,194,25,768,"{""CX"": 768, ""U1"": 198, ""U2"": 194, ""U3"": 25}",Start analyze_one_circuit\nBefore lexing\nafter lexing\nbefore parser\nafter parser\nAfter parserAfter getting qubit 16\nEnter translation_lowprog_ap\ndecompose to full gate set\ndecompose to voqc\nconvert to rzq\nFinish translation_lowprog_ap\n,"[DBG] Expected error: 0.100000;   t: 0.100000\n[DBG] Analyzing /var/folders/8l/ycc5vbn93_56mddr52w8zp040000gn/T/qblue_bench_65n1mbhl/BK_C2_sto3g_10_electrons_16_spin_orbitals_Hamiltonian_1177_paulis.txt.marqsim.txt:\n[DBG] Length of Pauli String 1177\n\n[DBG] ---- Trotterization (QDrift) -> IBMDigital circuits: ----\n[DBG] Dealing with 1312 pauli strings; lambda = 80.451692; relaxation factor: 1.012339.\n[DBG] Input circuit uses 16 qubits, has 5102 gates:  { H : 894, X : 0, Rzq : 1230, CX : 2978 }.\n[DBG] After optimization, the circuit uses 1185 gates : { U1 : 198, U2 : 194, U3 : 25, CX : 768 }.\n\n"
Genesis_dataset,genesis,/Users/jbg/Development/particleSystem/QBlue_Benchmark_Datasets/Genesis_dataset/H2O/JW_H2O_sto3g_10_electrons_14_spin_orbitals_Hamiltonian_1654_paulis.txt,JW_H2O_sto3g_10_electrons_14_spin_orbitals_Hamiltonian_1654_paulis.txt,0.1,0.1,qdrift,3,none,Trotterization (QDrift),IBMDigital,1654,2984,,121.618886,1.008185,True,0.228385,14,7945,1512,0,2529,3904,"{""CX"": 3904, ""H"": 1512, ""Rzq"": 2529, ""X"": 0}",2205,341,291,116,1457,"{""CX"": 1457, ""U1"": 341, ""U2"": 291, ""U3"": 116}",Start analyze_one_circuit\nBefore lexing\nafter lexing\nbefore parser\nafter parser\nAfter parserAfter getting qubit 14\nEnter translation_lowprog_ap\ndecompose to full gate set\ndecompose to voqc\nconvert to rzq\nFinish translation_lowprog_ap\n,"[DBG] Expected error: 0.100000;   t: 0.100000\n[DBG] Analyzing /var/folders/8l/ycc5vbn93_56mddr52w8zp040000gn/T/qblue_bench_65n1mbhl/JW_H2O_sto3g_10_electrons_14_spin_orbitals_Hamiltonian_1654_paulis.txt.marqsim.txt:\n[DBG] Length of Pauli String 1654\n\n[DBG] ---- Trotterization (QDrift) -> IBMDigital circuits: ----\n[DBG] Dealing with 2984 pauli strings; lambda = 121.618886; relaxation factor: 1.008185.\n[DBG] Input circuit uses 14 qubits, has 7945 gates:  { H : 1512, X : 0, Rzq : 2529, CX : 3904 }.\n[DBG] After optimization, the circuit uses 2205 gates : { U1 : 341, U2 : 291, U3 : 116, CX : 1457 }.\n\n"
Genesis_dataset,genesis,/Users/jbg/Development/particleSystem/QBlue_Benchmark_Datasets/Genesis_dataset/H2O/BK_H2O_sto3g_10_electrons_14_spin_orbitals_Hamiltonian_1654_paulis.txt,BK_H2O_sto3g_10_electrons_14_spin_orbitals_Hamiltonian_1654_paulis.txt,0.1,0.1,qdrift,3,none,Trotterization (QDrift),IBMDigital,1654,2984,,121.618886,1.008185,True,0.502527,14,12751,2366,0,2841,7544,"{""CX"": 7544, ""H"": 2366, ""Rzq"": 2841, ""X"": 0}",2551,417,449,85,1600,"{""CX"": 1600, ""U1"": 417, ""U2"": 449, ""U3"": 85}",Start analyze_one_circuit\nBefore lexing\nafter lexing\nbefore parser\nafter parser\nAfter parserAfter getting qubit 14\nEnter translation_lowprog_ap\ndecompose to full gate set\ndecompose to voqc\nconvert to rzq\nFinish translation_lowprog_ap\n,"[DBG] Expected error: 0.100000;   t: 0.100000\n[DBG] Analyzing /var/folders/8l/ycc5vbn93_56mddr52w8zp040000gn/T/qblue_bench_65n1mbhl/BK_H2O_sto3g_10_electrons_14_spin_orbitals_Hamiltonian_1654_paulis.txt.marqsim.txt:\n[DBG] Length of Pauli String 1654\n\n[DBG] ---- Trotterization (QDrift) -> IBMDigital circuits: ----\n[DBG] Dealing with 2984 pauli strings; lambda = 121.618886; relaxation factor: 1.008185.\n[DBG] Input circuit uses 14 qubits, has 12751 gates:  { H : 2366, X : 0, Rzq : 2841, CX : 7544 }.\n[DBG] After optimization, the circuit uses 2551 gates : { U1 : 417, U2 : 449, U3 : 85, CX : 1600 }.\n\n"
Genesis_dataset,genesis,/Users/jbg/Development/particleSystem/QBlue_Benchmark_Datasets/Genesis_dataset/NH3/JW_NH3_sto3g_8_electrons_14_spin_orbitals_Hamiltonian_1734_paulis.txt,JW_NH3_sto3g_8_electrons_14_spin_orbitals_Hamiltonian_1734_paulis.txt,0.1,0.1,qdrift,3,none,Trotterization (QDrift),IBMDigital,1734,400,,44.173654,1.022333,True,0.056163,14,2256,494,0,490,1272,"{""CX"": 1272, ""H"": 494, ""Rzq"": 490, ""X"": 0}",790,107,114,27,542,"{""CX"": 542, ""U1"": 107, ""U2"": 114, ""U3"": 27}",Start analyze_one_circuit\nBefore lexing\nafter lexing\nbefore parser\nafter parser\nAfter parserAfter getting qubit 14\nEnter translation_lowprog_ap\ndecompose to full gate set\ndecompose to voqc\nconvert to rzq\nFinish translation_lowprog_ap\n,"[DBG] Expected error: 0.100000;   t: 0.100000\n[DBG] Analyzing /var/folders/8l/ycc5vbn93_56mddr52w8zp040000gn/T/qblue_bench_65n1mbhl/JW_NH3_sto3g_8_electrons_14_spin_orbitals_Hamiltonian_1734_paulis.txt.marqsim.txt:\n[DBG] Length of Pauli String 1734\n\n[DBG] ---- Trotterization (QDrift) -> IBMDigital circuits: ----\n[DBG] Dealing with 400 pauli strings; lambda = 44.173654; relaxation factor: 1.022333.\n[DBG] Input circuit uses 14 qubits, has 2256 gates:  { H : 494, X : 0, Rzq : 490, CX : 1272 }.\n[DBG] After optimization, the circuit uses 790 gates : { U1 : 107, U2 : 114, U3 : 27, CX : 542 }.\n\n"
Genesis_dataset,genesis,/Users/jbg/Development/particleSystem/QBlue_Benchmark_Datasets/Genesis_dataset/NH3/BK_NH3_sto3g_8_electrons_14_spin_orbitals_Hamiltonian_1734_paulis.txt,BK_NH3_sto3g_8_electrons_14_spin_orbitals_Hamiltonian_1734_paulis.txt,0.1,0.1,qdrift,3,none,Trotterization (QDrift),IBMDigital,1734,400,,44.173654,1.022333,True,0.063035,14,3134,820,0,642,1672,"{""CX"": 1672, ""H"": 820, ""Rzq"": 642, ""X"": 0}",731,115,131,29,456,"{""CX"": 456, ""U1"": 115, ""U2"": 131, ""U3"": 29}",Start analyze_one_circuit\nBefore lexing\nafter lexing\nbefore parser\nafter parser\nAfter parserAfter getting qubit 14\nEnter translation_lowprog_ap\ndecompose to full gate set\ndecompose to voqc\nconvert to rzq\nFinish translation_lowprog_ap\n,"[DBG] Expected error: 0.100000;   t: 0.100000\n[DBG] Analyzing /var/folders/8l/ycc5vbn93_56mddr52w8zp040000gn/T/qblue_bench_65n1mbhl/BK_NH3_sto3g_8_electrons_14_spin_orbitals_Hamiltonian_1734_paulis.txt.marqsim.txt:\n[DBG] Length of Pauli String 1734\n\n[DBG] ---- Trotterization (QDrift) -> IBMDigital circuits: ----\n[DBG] Dealing with 400 pauli strings; lambda = 44.173654; relaxation factor: 1.022333.\n[DBG] Input circuit uses 14 qubits, has 3134 gates:  { H : 820, X : 0, Rzq : 642, CX : 1672 }.\n[DBG] After optimization, the circuit uses 731 gates : { U1 : 115, U2 : 131, U3 : 29, CX : 456 }.\n\n"
Genesis_dataset,genesis,/Users/jbg/Development/particleSystem/QBlue_Benchmark_Datasets/Genesis_dataset/N2/JW_N2_sto3g_12_electrons_18_spin_orbitals_Hamiltonian_1884_paulis.txt,JW_N2_sto3g_12_electrons_18_spin_orbitals_Hamiltonian_1884_paulis.txt,0.1,0.1,qdrift,3,none,Trotterization (QDrift),IBMDigital,1884,3054,,123.060928,1.008092,True,0.310051,18,9560,1646,0,2540,5374,"{""CX"": 5374, ""H"": 1646, ""Rzq"": 2540, ""X"": 0}",2517,368,299,94,1756,"{""CX"": 1756, ""U1"": 368, ""U2"": 299, ""U3"": 94}",Start analyze_one_circuit\nBefore lexing\nafter lexing\nbefore parser\nafter parser\nAfter parserAfter getting qubit 18\nEnter translation_lowprog_ap\ndecompose to full gate set\ndecompose to voqc\nconvert to rzq\nFinish translation_lowprog_ap\n,"[DBG] Expected error: 0.100000;   t: 0.100000\n[DBG] Analyzing /var/folders/8l/ycc5vbn93_56mddr52w8zp040000gn/T/qblue_bench_65n1mbhl/JW_N2_sto3g_12_electrons_18_spin_orbitals_Hamiltonian_1884_paulis.txt.marqsim.txt:\n[DBG] Length of Pauli String 1884\n\n[DBG] ---- Trotterization (QDrift) -> IBMDigital circuits: ----\n[DBG] Dealing with 3054 pauli strings; lambda = 123.060928; relaxation factor: 1.008092.\n[DBG] Input circuit uses 18 qubits, has 9560 gates:  { H : 1646, X : 0, Rzq : 2540, CX : 5374 }.\n[DBG] After optimization, the circuit uses 2517 gates : { U1 : 368, U2 : 299, U3 : 94, CX : 1756 }.\n\n"
Genesis_dataset,genesis,/Users/jbg/Development/particleSystem/QBlue_Benchmark_Datasets/Genesis_dataset/N2/BK_N2_sto3g_12_electrons_18_spin_orbitals_Hamiltonian_1884_paulis.txt,BK_N2_sto3g_12_electrons_18_spin_orbitals_Hamiltonian_1884_paulis.txt,0.1,0.1,qdrift,3,none,Trotterization (QDrift),IBMDigital,1884,3054,,123.060928,1.008092,True,0.583004,18,14542,2968,0,3192,8382,"{""CX"": 8382, ""H"": 2968, ""Rzq"": 3192, ""X"": 0}",2439,412,415,84,1528,"{""CX"": 1528, ""U1"": 412, ""U2"": 415, ""U3"": 84}",Start analyze_one_circuit\nBefore lexing\nafter lexing\nbefore parser\nafter parser\nAfter parserAfter getting qubit 18\nEnter translation_lowprog_ap\ndecompose to full gate set\ndecompose to voqc\nconvert to rzq\nFinish translation_lowprog_ap\n,"[DBG] Expected error: 0.100000;   t: 0.100000\n[DBG] Analyzing /var/folders/8l/ycc5vbn93_56mddr52w8zp040000gn/T/qblue_bench_65n1mbhl/BK_N2_sto3g_12_electrons_18_spin_orbitals_Hamiltonian_1884_paulis.txt.marqsim.txt:\n[DBG] Length of Pauli String 1884\n\n[DBG] ---- Trotterization (QDrift) -> IBMDigital circuits: ----\n[DBG] Dealing with 3054 pauli strings; lambda = 123.060928; relaxation factor: 1.008092.\n[DBG] Input circuit uses 18 qubits, has 14542 gates:  { H : 2968, X : 0, Rzq : 3192, CX : 8382 }.\n[DBG] After optimization, the circuit uses 2439 gates : { U1 : 412, U2 : 415, U3 : 84, CX : 1528 }.\n\n"
Genesis_dataset,genesis,/Users/jbg/Development/particleSystem/QBlue_Benchmark_Datasets/Genesis_dataset/C2/JW_C2_sto3g_12_electrons_18_spin_orbitals_Hamiltonian_1884_paulis.txt,JW_C2_sto3g_12_electrons_18_spin_orbitals_Hamiltonian_1884_paulis.txt,0.1,0.1,qdrift,3,none,Trotterization (QDrift),IBMDigital,1884,3876,,138.700976,1.007183,True,0.399904,18,11017,2196,0,3229,5592,"{""CX"": 5592, ""H"": 2196, ""Rzq"": 3229, ""X"": 0}",2303,394,271,106,1532,"{""CX"": 1532, ""U1"": 394, ""U2"": 271, ""U3"": 106}",Start analyze_one_circuit\nBefore lexing\nafter lexing\nbefore parser\nafter parser\nAfter parserAfter getting qubit 18\nEnter translation_lowprog_ap\ndecompose to full gate set\ndecompose to voqc\nconvert to rzq\nFinish translation_lowprog_ap\n,"[DBG] Expected error: 0.100000;   t: 0.100000\n[DBG] Analyzing /var/folders/8l/ycc5vbn93_56mddr52w8zp040000gn/T/qblue_bench_65n1mbhl/JW_C2_sto3g_12_electrons_18_spin_orbitals_Hamiltonian_1884_paulis.txt.marqsim.txt:\n[DBG] Length of Pauli String 1884\n\n[DBG] ---- Trotterization (QDrift) -> IBMDigital circuits: ----\n[DBG] Dealing with 3876 pauli strings; lambda = 138.700976; relaxation factor: 1.007183.\n[DBG] Input circuit uses 18 qubits, has 11017 gates:  { H : 2196, X : 0, Rzq : 3229, CX : 5592 }.\n[DBG] After optimization, the circuit uses 2303 gates : { U1 : 394, U2 : 271, U3 : 106, CX : 1532 }.\n\n"
Genesis_dataset,genesis,/Users/jbg/Development/particleSystem/QBlue_Benchmark_Datasets/Genesis_dataset/C2/BK_C2_sto3g_12_electrons_18_spin_orbitals_Hamiltonian_1884_paulis.txt,BK_C2_sto3g_12_electrons_18_spin_orbitals_Hamiltonian_1884_paulis.txt,0.1,0.1,qdrift,3,none,Trotterization (QDrift),IBMDigital,1884,3876,,138.700976,1.007183,True,0.699687,18,15975,3004,0,3683,9288,"{""CX"": 9288, ""H"": 3004, ""Rzq"": 3683, ""X"": 0}",2438,396,378,128,1536,"{""CX"": 1536, ""U1"": 396, ""U2"": 378, ""U3"": 128}",Start analyze_one_circuit\nBefore lexing\nafter lexing\nbefore parser\nafter parser\nAfter parserAfter getting qubit 18\nEnter translation_lowprog_ap\ndecompose to full gate set\ndecompose to voqc\nconvert to rzq\nFinish translation_lowprog_ap\n,"[DBG] Expected error: 0.100000;   t: 0.100000\n[DBG] Analyzing /var/folders/8l/ycc5vbn93_56mddr52w8zp040000gn/T/qblue_bench_65n1mbhl/BK_C2_sto3g_12_electrons_18_spin_orbitals_Hamiltonian_1884_paulis.txt.marqsim.txt:\n[DBG] Length of Pauli String 1884\n\n[DBG] ---- Trotterization (QDrift) -> IBMDigital circuits: ----\n[DBG] Dealing with 3876 pauli strings; lambda = 138.700976; relaxation factor: 1.007183.\n[DBG] Input circuit uses 18 qubits, has 15975 gates:  { H : 3004, X : 0, Rzq : 3683, CX : 9288 }.\n[DBG] After optimization, the circuit uses 2438 gates : { U1 : 396, U2 : 378, U3 : 128, CX : 1536 }.\n\n"
Genesis_dataset,genesis,/Users/jbg/Development/particleSystem/QBlue_Benchmark_Datasets/Genesis_dataset/ethylene/JW_ethylene_sto3g_12_electrons_20_spin_orbitals_Hamiltonian_2063_paulis.txt,JW_ethylene_sto3g_12_electrons_20_spin_orbitals_Hamiltonian_2063_paulis.txt,0.1,0.1,qdrift,3,none,Trotterization (QDrift),IBMDigital,2063,1042,,71.651881,1.013848,True,0.161948,20,6509,1278,0,1325,3906,"{""CX"": 3906, ""H"": 1278, ""Rzq"": 1325, ""X"": 0}",1334,206,188,66,874,"{""CX"": 874, ""U1"": 206, ""U2"": 188, ""U3"": 66}",Start analyze_one_circuit\nBefore lexing\nafter lexing\nbefore parser\nafter parser\nAfter parserAfter getting qubit 20\nEnter translation_lowprog_ap\ndecompose to full gate set\ndecompose to voqc\nconvert to rzq\nFinish translation_lowprog_ap\n,"[DBG] Expected error: 0.100000;   t: 0.100000\n[DBG] Analyzing /var/folders/8l/ycc5vbn93_56mddr52w8zp040000gn/T/qblue_bench_65n1mbhl/JW_ethylene_sto3g_12_electrons_20_spin_orbitals_Hamiltonian_2063_paulis.txt.marqsim.txt:\n[DBG] Length of Pauli String 2063\n\n[DBG] ---- Trotterization (QDrift) -> IBMDigital circuits: ----\n[DBG] Dealing with 1042 pauli strings; lambda = 71.651881; relaxation factor: 1.013848.\n[DBG] Input circuit uses 20 qubits, has 6509 gates:  { H : 1278, X : 0, Rzq : 1325, CX : 3906 }.\n[DBG] After optimization, the circuit uses 1334 gates : { U1 : 206, U2 : 188, U3 : 66, CX : 874 }.\n\n"
Genesis_dataset,genesis,/Users/jbg/Development/particleSystem/QBlue_Benchmark_Datasets/Genesis_dataset/ethylene/BK_ethylene_sto3g_12_electrons_20_spin_orbitals_Hamiltonian_2063_paulis.txt,BK_ethylene_sto3g_12_electrons_20_spin_orbitals_Hamiltonian_2063_paulis.txt,0.1,0.1,qdrift,3,none,Trotterization (QDrift),IBMDigital,2063,1042,,71.651881,1.013848,True,0.224086,20,9221,2400,0,1721,5100,"{""CX"": 5100, ""H"": 2400, ""Rzq"": 1721, ""X"": 0}",1550,238,285,59,968,"{""CX"": 968, ""U1"": 238, ""U2"": 285, ""U3"": 59}",Start analyze_one_circuit\nBefore lexing\nafter lexing\nbefore parser\nafter parser\nAfter parserAfter getting qubit 20\nEnter translation_lowprog_ap\ndecompose to full gate set\ndecompose to voqc\nconvert to rzq\nFinish translation_lowprog_ap\n,"[DBG] Expected error: 0.100000;   t: 0.100000\n[DBG] Analyzing /var/folders/8l/ycc5vbn93_56mddr52w8zp040000gn/T/qblue_bench_65n1mbhl/BK_ethylene_sto3g_12_electrons_20_spin_orbitals_Hamiltonian_2063_paulis.txt.marqsim.txt:\n[DBG] Length of Pauli String 2063\n\n[DBG] ---- Trotterization (QDrift) -> IBMDigital circuits: ----\n[DBG] Dealing with 1042 pauli strings; lambda = 71.651881; relaxation factor: 1.013848.\n[DBG] Input circuit uses 20 qubits, has 9221 gates:  { H : 2400, X : 0, Rzq : 1721, CX : 5100 }.\n[DBG] After optimization, the circuit uses 1550 gates : { U1 : 238, U2 : 285, U3 : 59, CX : 968 }.\n\n"
Genesis_dataset,genesis,/Users/jbg/Development/particleSystem/QBlue_Benchmark_Datasets/Genesis_dataset/NH3/JW_NH3_sto3g_10_electrons_16_spin_orbitals_Hamiltonian_2913_paulis.txt,JW_NH3_sto3g_10_electrons_16_spin_orbitals_Hamiltonian_2913_paulis.txt,0.1,0.1,qdrift,3,none,Trotterization (QDrift),IBMDigital,2913,2525,,111.844467,1.008898,True,0.331095,16,9704,1860,0,2470,5374,"{""CX"": 5374, ""H"": 1860, ""Rzq"": 2470, ""X"": 0}",2770,426,351,130,1863,"{""CX"": 1863, ""U1"": 426, ""U2"": 351, ""U3"": 130}",Start analyze_one_circuit\nBefore lexing\nafter lexing\nbefore parser\nafter parser\nAfter parserAfter getting qubit 16\nEnter translation_lowprog_ap\ndecompose to full gate set\ndecompose to voqc\nconvert to rzq\nFinish translation_lowprog_ap\n,"[DBG] Expected error: 0.100000;   t: 0.100000\n[DBG] Analyzing /var/folders/8l/ycc5vbn93_56mddr52w8zp040000gn/T/qblue_bench_65n1mbhl/JW_NH3_sto3g_10_electrons_16_spin_orbitals_Hamiltonian_2913_paulis.txt.marqsim.txt:\n[DBG] Length of Pauli String 2913\n\n[DBG] ---- Trotterization (QDrift) -> IBMDigital circuits: ----\n[DBG] Dealing with 2525 pauli strings; lambda = 111.844467; relaxation factor: 1.008898.\n[DBG] Input circuit uses 16 qubits, has 9704 gates:  { H : 1860, X : 0, Rzq : 2470, CX : 5374 }.\n[DBG] After optimization, the circuit uses 2770 gates : { U1 : 426, U2 : 351, U3 : 130, CX : 1863 }.\n\n"
Genesis_dataset,genesis,/Users/jbg/Development/particleSystem/QBlue_Benchmark_Datasets/Genesis_dataset/NH3/BK_NH3_sto3g_10_electrons_16_spin_orbitals_Hamiltonian_2913_paulis.txt,BK_NH3_sto3g_10_electrons_16_spin_orbitals_Hamiltonian_2913_paulis.txt,0.1,0.1,qdrift,3,none,Trotterization (QDrift),IBMDigital,2913,2525,,111.844467,1.008898,True,0.448362,16,12120,2486,0,2812,6822,"{""CX"": 6822, ""H"": 2486, ""Rzq"": 2812, ""X"": 0}",2428,398,408,106,1516,"{""CX"": 1516, ""U1"": 398, ""U2"": 408, ""U3"": 106}",Start analyze_one_circuit\nBefore lexing\nafter lexing\nbefore parser\nafter parser\nAfter parserAfter getting qubit 16\nEnter translation_lowprog_ap\ndecompose to full gate set\ndecompose to voqc\nconvert to rzq\nFinish translation_lowprog_ap\n,"[DBG] Expected error: 0.100000;   t: 0.100000\n[DBG] Analyzing /var/folders/8l/ycc5vbn93_56mddr52w8zp040000gn/T/qblue_bench_65n1mbhl/BK_NH3_sto3g_10_electrons_16_spin_orbitals_Hamiltonian_2913_paulis.txt.marqsim.txt:\n[DBG] Length of Pauli String 2913\n\n[DBG] ---- Trotterization (QDrift) -> IBMDigital circuits: ----\n[DBG] Dealing with 2525 pauli strings; lambda = 111.844467; relaxation factor: 1.008898.\n[DBG] Input circuit uses 16 qubits, has 12120 gates:  { H : 2486, X : 0, Rzq : 2812, CX : 6822 }.\n[DBG] After optimization, the circuit uses 2428 gates : { U1 : 398, U2 : 408, U3 : 106, CX : 1516 }.\n\n"
Genesis_dataset,genesis,/Users/jbg/Development/particleSystem/QBlue_Benchmark_Datasets/Genesis_dataset/N2/JW_N2_sto3g_14_electrons_20_spin_orbitals_Hamiltonian_2951_paulis.txt,JW_N2_sto3g_14_electrons_20_spin_orbitals_Hamiltonian_2951_paulis.txt,0.1,0.1,qdrift,3,none,Trotterization (QDrift),IBMDigital,2951,8385,,204.249884,1.004884,True,2.558880,20,29381,5920,0,7797,15664,"{""CX"": 15664, ""H"": 5920, ""Rzq"": 7797, ""X"": 0}",6066,934,740,280,4112,"{""CX"": 4112, ""U1"": 934, ""U2"": 740, ""U3"": 280}",Start analyze_one_circuit\nBefore lexing\nafter lexing\nbefore parser\nafter parser\nAfter parserAfter getting qubit 20\nEnter translation_lowprog_ap\ndecompose to full gate set\ndecompose to voqc\nconvert to rzq\nFinish translation_lowprog_ap\n,"[DBG] Expected error: 0.100000;   t: 0.100000\n[DBG] Analyzing /var/folders/8l/ycc5vbn93_56mddr52w8zp040000gn/T/qblue_bench_65n1mbhl/JW_N2_sto3g_14_electrons_20_spin_orbitals_Hamiltonian_2951_paulis.txt.marqsim.txt:\n[DBG] Length of Pauli String 2951\n\n[DBG] ---- Trotterization (QDrift) -> IBMDigital circuits: ----\n[DBG] Dealing with 8385 pauli strings; lambda = 204.249884; relaxation factor: 1.004884.\n[DBG] Input circuit uses 20 qubits, has 29381 gates:  { H : 5920, X : 0, Rzq : 7797, CX : 15664 }.\n[DBG] After optimization, the circuit uses 6066 gates : { U1 : 934, U2 : 740, U3 : 280, CX : 4112 }.\n\n"
Genesis_dataset,genesis,/Users/jbg/Development/particleSystem/QBlue_Benchmark_Datasets/Genesis_dataset/N2/BK_N2_sto3g_14_electrons_20_spin_orbitals_Hamiltonian_2951_paulis.txt,BK_N2_sto3g_14_electrons_20_spin_orbitals_Hamiltonian_2951_paulis.txt,0.1,0.1,qdrift,3,none,Trotterization (QDrift),IBMDigital,2951,8385,,204.249884,1.004884,True,4.790144,20,43089,9626,0,8813,24650,"{""CX"": 24650, ""H"": 9626, ""Rzq"": 8813, ""X"": 0}",6946,983,1200,353,4410,"{""CX"": 4410, ""U1"": 983, ""U2"": 1200, ""U3"": 353}",Start analyze_one_circuit\nBefore lexing\nafter lexing\nbefore parser\nafter parser\nAfter parserAfter getting qubit 20\nEnter translation_lowprog_ap\ndecompose to full gate set\ndecompose to voqc\nconvert to rzq\nFinish translation_lowprog_ap\n,"[DBG] Expected error: 0.100000;   t: 0.100000\n[DBG] Analyzing /var/folders/8l/ycc5vbn93_56mddr52w8zp040000gn/T/qblue_bench_65n1mbhl/BK_N2_sto3g_14_electrons_20_spin_orbitals_Hamiltonian_2951_paulis.txt.marqsim.txt:\n[DBG] Length of Pauli String 2951\n\n[DBG] ---- Trotterization (QDrift) -> IBMDigital circuits: ----\n[DBG] Dealing with 8385 pauli strings; lambda = 204.249884; relaxation factor: 1.004884.\n[DBG] Input circuit uses 20 qubits, has 43089 gates:  { H : 9626, X : 0, Rzq : 8813, CX : 24650 }.\n[DBG] After optimization, the circuit uses 6946 gates : { U1 : 983, U2 : 1200, U3 : 353, CX : 4410 }.\n\n"
Genesis_dataset,genesis,/Users/jbg/Development/particleSystem/QBlue_Benchmark_Datasets/Genesis_dataset/C2/BK_C2_sto3g_12_electrons_20_spin_orbitals_Hamiltonian_2951_paulis.txt,BK_C2_sto3g_12_electrons_20_spin_orbitals_Hamiltonian_2951_paulis.txt,0.1,0.1,qdrift,3,none,Trotterization (QDrift),IBMDigital,2951,4372,,147.340455,1.006763,True,1.528513,20,25349,5824,0,5067,14458,"{""CX"": 14458, ""H"": 5824, ""Rzq"": 5067, ""X"": 0}",4469,592,752,207,2918,"{""CX"": 2918, ""U1"": 592, ""U2"": 752, ""U3"": 207}",Start analyze_one_circuit\nBefore lexing\nafter lexing\nbefore parser\nafter parser\nAfter parserAfter getting qubit 20\nEnter translation_lowprog_ap\ndecompose to full gate set\ndecompose to voqc\nconvert to rzq\nFinish translation_lowprog_ap\n,"[DBG] Expected error: 0.100000;   t: 0.100000\n[DBG] Analyzing /var/folders/8l/ycc5vbn93_56mddr52w8zp040000gn/T/qblue_bench_65n1mbhl/BK_C2_sto3g_12_electrons_20_spin_orbitals_Hamiltonian_2951_paulis.txt.marqsim.txt:\n[DBG] Length of Pauli String 2951\n\n[DBG] ---- Trotterization (QDrift) -> IBMDigital circuits: ----\n[DBG] Dealing with 4372 pauli strings; lambda = 147.340455; relaxation factor: 1.006763.\n[DBG] Input circuit uses 20 qubits, has 25349 gates:  { H : 5824, X : 0, Rzq : 5067, CX : 14458 }.\n[DBG] After optimization, the circuit uses 4469 gates : { U1 : 592, U2 : 752, U3 : 207, CX : 2918 }.\n\n"
Genesis_dataset,genesis,/Users/jbg/Development/particleSystem/QBlue_Benchmark_Datasets/Genesis_dataset/C2/JW_C2_sto3g_12_electrons_20_spin_orbitals_Hamiltonian_2951_paulis.txt,JW_C2_sto3g_12_electrons_20_spin_orbitals_Hamiltonian_2951_paulis.txt,0.1,0.1,qdrift,3,none,Trotterization (QDrift),IBMDigital,2951,4372,,147.340455,1.006763,True,0.881071,20,17705,3636,0,4391,9678,"{""CX"": 9678, ""H"": 3636, ""Rzq"": 4391, ""X"": 0}",3889,592,445,170,2682,"{""CX"": 2682, ""U1"": 592, ""U2"": 445, ""U3"": 170}",Start analyze_one_circuit\nBefore lexing\nafter lexing\nbefore parser\nafter parser\nAfter parserAfter getting qubit 20\nEnter translation_lowprog_ap\ndecompose to full gate set\ndecompose to voqc\nconvert to rzq\nFinish translation_lowprog_ap\n,"[DBG] Expected error: 0.100000;   t: 0.100000\n[DBG] Analyzing /var/folders/8l/ycc5vbn93_56mddr52w8zp040000gn/T/qblue_bench_65n1mbhl/JW_C2_sto3g_12_electrons_20_spin_orbitals_Hamiltonian_2951_paulis.txt.marqsim.txt:\n[DBG] Length of Pauli String 2951\n\n[DBG] ---- Trotterization (QDrift) -> IBMDigital circuits: ----\n[DBG] Dealing with 4372 pauli strings; lambda = 147.340455; relaxation factor: 1.006763.\n[DBG] Input circuit uses 20 qubits, has 17705 gates:  { H : 3636, X : 0, Rzq : 4391, CX : 9678 }.\n[DBG] After optimization, the circuit uses 3889 gates : { U1 : 592, U2 : 445, U3 : 170, CX : 2682 }.\n\n"
Genesis_dataset,genesis,/Users/jbg/Development/particleSystem/QBlue_Benchmark_Datasets/Genesis_dataset/ethylene/JW_ethylene_sto3g_14_electrons_24_spin_orbitals_Hamiltonian_4497_paulis.txt,JW_ethylene_sto3g_14_electrons_24_spin_orbitals_Hamiltonian_4497_paulis.txt,0.1,0.1,qdrift,3,none,Trotterization (QDrift),IBMDigital,4497,3636,,134.322508,1.007416,True,1.369386,24,22318,4174,0,4490,13654,"{""CX"": 13654, ""H"": 4174, ""Rzq"": 4490, ""X"": 0}",4183,632,474,227,2850,"{""CX"": 2850, ""U1"": 632, ""U2"": 474, ""U3"": 227}",Start analyze_one_circuit\nBefore lexing\nafter lexing\nbefore parser\nafter parser\nAfter parserAfter getting qubit 24\nEnter translation_lowprog_ap\ndecompose to full gate set\ndecompose to voqc\nconvert to rzq\nFinish translation_lowprog_ap\n,"[DBG] Expected error: 0.100000;   t: 0.100000\n[DBG] Analyzing /var/folders/8l/ycc5vbn93_56mddr52w8zp040000gn/T/qblue_bench_65n1mbhl/JW_ethylene_sto3g_14_electrons_24_spin_orbitals_Hamiltonian_4497_paulis.txt.marqsim.txt:\n[DBG] Length of Pauli String 4497\n\n[DBG] ---- Trotterization (QDrift) -> IBMDigital circuits: ----\n[DBG] Dealing with 3636 pauli strings; lambda = 134.322508; relaxation factor: 1.007416.\n[DBG] Input circuit uses 24 qubits, has 22318 gates:  { H : 4174, X : 0, Rzq : 4490, CX : 13654 }.\n[DBG] After optimization, the circuit uses 4183 gates : { U1 : 632, U2 : 474, U3 : 227, CX : 2850 }.\n\n"
Genesis_dataset,genesis,/Users/jbg/Development/particleSystem/QBlue_Benchmark_Datasets/Genesis_dataset/ethylene/BK_ethylene_sto3g_14_electrons_24_spin_orbitals_Hamiltonian_4497_paulis.txt,BK_ethylene_sto3g_14_electrons_24_spin_orbitals_Hamiltonian_4497_paulis.txt,0.1,0.1,qdrift,3,none,Trotterization (QDrift),IBMDigital,4497,3636,,134.322508,1.007416,True,2.357410,24,31000,8234,0,5832,16934,"{""CX"": 16934, ""H"": 8234, ""Rzq"": 5832, ""X"": 0}",5512,804,890,237,3581,"{""CX"": 3581, ""U1"": 804, ""U2"": 890, ""U3"": 237}",Start analyze_one_circuit\nBefore lexing\nafter lexing\nbefore parser\nafter parser\nAfter parserAfter getting qubit 24\nEnter translation_lowprog_ap\ndecompose to full gate set\ndecompose to voqc\nconvert to rzq\nFinish translation_lowprog_ap\n,"[DBG] Expected error: 0.100000;   t: 0.100000\n[DBG] Analyzing /var/folders/8l/ycc5vbn93_56mddr52w8zp040000gn/T/qblue_bench_65n1mbhl/BK_ethylene_sto3g_14_electrons_24_spin_orbitals_Hamiltonian_4497_paulis.txt.marqsim.txt:\n[DBG] Length of Pauli String 4497\n\n[DBG] ---- Trotterization (QDrift) -> IBMDigital circuits: ----\n[DBG] Dealing with 3636 pauli strings; lambda = 134.322508; relaxation factor: 1.007416.\n[DBG] Input circuit uses 24 qubits, has 31000 gates:  { H : 8234, X : 0, Rzq : 5832, CX : 16934 }.\n[DBG] After optimization, the circuit uses 5512 gates : { U1 : 804, U2 : 890, U3 : 237, CX : 3581 }.\n\n"
Genesis_dataset,genesis,/Users/jbg/Development/particleSystem/QBlue_Benchmark_Datasets/Genesis_dataset/ethylene/JW_ethylene_sto3g_16_electrons_28_spin_orbitals_Hamiltonian_8919_paulis.txt,JW_ethylene_sto3g_16_electrons_28_spin_orbitals_Hamiltonian_8919_paulis.txt,0.1,0.1,qdrift,3,none,Trotterization (QDrift),IBMDigital,8919,9760,,220.39568,1.004527,True,14.317929,28,69481,13060,0,12657,43764,"{""CX"": 43764, ""H"": 13060, ""Rzq"": 12657, ""X"": 0}",9969,1513,1180,655,6621,"{""CX"": 6621, ""U1"": 1513, ""U2"": 1180, ""U3"": 655}",Start analyze_one_circuit\nBefore lexing\nafter lexing\nbefore parser\nafter parser\nAfter parserAfter getting qubit 28\nEnter translation_lowprog_ap\ndecompose to full gate set\ndecompose to voqc\nconvert to rzq\nFinish translation_lowprog_ap\n,"[DBG] Expected error: 0.100000;   t: 0.100000\n[DBG] Analyzing /var/folders/8l/ycc5vbn93_56mddr52w8zp040000gn/T/qblue_bench_65n1mbhl/JW_ethylene_sto3g_16_electrons_28_spin_orbitals_Hamiltonian_8919_paulis.txt.marqsim.txt:\n[DBG] Length of Pauli String 8919\n\n[DBG] ---- Trotterization (QDrift) -> IBMDigital circuits: ----\n[DBG] Dealing with 9760 pauli strings; lambda = 220.395680; relaxation factor: 1.004527.\n[DBG] Input circuit uses 28 qubits, has 69481 gates:  { H : 13060, X : 0, Rzq : 12657, CX : 43764 }.\n[DBG] After optimization, the circuit uses 9969 gates : { U1 : 1513, U2 : 1180, U3 : 655, CX : 6621 }.\n\n"
Genesis_dataset,genesis,/Users/jbg/Development/particleSystem/QBlue_Benchmark_Datasets/Genesis_dataset/ethylene/BK_ethylene_sto3g_16_electrons_28_spin_orbitals_Hamiltonian_8919_paulis.txt,BK_ethylene_sto3g_16_electrons_28_spin_orbitals_Hamiltonian_8919_paulis.txt,0.1,0.1,qdrift,3,none,Trotterization (QDrift),IBMDigital,8919,9760,,220.39568,1.004527,True,18.147429,28,91065,24512,0,16789,49764,"{""CX"": 49764, ""H"": 24512, ""Rzq"": 16789, ""X"": 0}",12074,1611,2154,701,7608,"{""CX"": 7608, ""U1"": 1611, ""U2"": 2154, ""U3"": 701}",Start analyze_one_circuit\nBefore lexing\nafter lexing\nbefore parser\nafter parser\nAfter parserAfter getting qubit 28\nEnter translation_lowprog_ap\ndecompose to full gate set\ndecompose to voqc\nconvert to rzq\nFinish translation_lowprog_ap\n,"[DBG] Expected error: 0.100000;   t: 0.100000\n[DBG] Analyzing /var/folders/8l/ycc5vbn93_56mddr52w8zp040000gn/T/qblue_bench_65n1mbhl/BK_ethylene_sto3g_16_electrons_28_spin_orbitals_Hamiltonian_8919_paulis.txt.marqsim.txt:\n[DBG] Length of Pauli String 8919\n\n[DBG] ---- Trotterization (QDrift) -> IBMDigital circuits: ----\n[DBG] Dealing with 9760 pauli strings; lambda = 220.395680; relaxation factor: 1.004527.\n[DBG] Input circuit uses 28 qubits, has 91065 gates:  { H : 24512, X : 0, Rzq : 16789, CX : 49764 }.\n[DBG] After optimization, the circuit uses 12074 gates : { U1 : 1611, U2 : 2154, U3 : 701, CX : 7608 }.\n\n"
Genesis_dataset,genesis,/Users/jbg/Development/particleSystem/QBlue_Benchmark_Datasets/Genesis_dataset/benzene/JW_benzene_sto3g_42_electrons_72_spin_orbitals_Hamiltonian_368021_paulis.txt,JW_benzene_sto3g_42_electrons_72_spin_orbitals_Hamiltonian_368021_paulis.txt,0.1,0.1,qdrift,3,none,,,,,,,,False,1800.037475,,,,,,,,,,,,,,Start analyze_one_circuit\nBefore lexing\nafter lexing\nbefore parser\n,[DBG] Expected error: 0.100000;   t: 0.100000\n[DBG] Analyzing /var/folders/8l/ycc5vbn93_56mddr52w8zp040000gn/T/qblue_bench_65n1mbhl/JW_benzene_sto3g_42_electrons_72_spin_orbitals_Hamiltonian_368021_paulis.txt.marqsim.txt:\n
Genesis_dataset,genesis,/Users/jbg/Development/particleSystem/QBlue_Benchmark_Datasets/Genesis_dataset/benzene/BK_benzene_sto3g_42_electrons_72_spin_orbitals_Hamiltonian_368021_paulis.txt,BK_benzene_sto3g_42_electrons_72_spin_orbitals_Hamiltonian_368021_paulis.txt,0.1,0.1,qdrift,3,none,,,,,,,,False,1800.047596,,,,,,,,,,,,,,Start analyze_one_circuit\nBefore lexing\nafter lexing\nbefore parser\n,[DBG] Expected error: 0.100000;   t: 0.100000\n[DBG] Analyzing /var/folders/8l/ycc5vbn93_56mddr52w8zp040000gn/T/qblue_bench_65n1mbhl/BK_benzene_sto3g_42_electrons_72_spin_orbitals_Hamiltonian_368021_paulis.txt.marqsim.txt:\n
