dataset,format,input_name,t,qblue_err,qblue_pipeline,qblue_grouping,qblue_algorithm,qblue_backend,qblue_ok,qblue_wall_s,qblue_qubits,qblue_gates_opt_total,qblue_gates_opt_CX,phoenix_compiler,phoenix_order_method,phoenix_qiskit_opt,phoenix_reverse_labels,phoenix_ok,phoenix_wall_s,phoenix_qubits,phoenix_depth,phoenix_gates_opt_total,phoenix_gates_opt_CX,ratio_wall_s,ratio_gates_opt_total,ratio_gates_opt_CX,qblue_stderr_tail,phoenix_error
MarQSim_dataset,marqsim,_Pauli_string_Ar.txt,0.1,0.1,qdrift,none,Trotterization (QDrift),IBMDigital,True,0.047840,8,59,43,,trivial,True,False,True,0.535823,8,102,243,131,11.2003,4.11864,3.04651,"[DBG] Expected error: 0.100000;   t: 0.100000\n[DBG] Analyzing /Users/jbg/Development/particleSystem/QBlue_Benchmark_Datasets/MarQSim_dataset/_Pauli_string_Ar.txt:\n[DBG] Length of Pauli String 60\n\n[DBG] ---- Trotterization (QDrift) -> IBMDigital circuits: ----\n[DBG] Dealing with 47 pauli strings; lambda = 14.603033; relaxation factor: 1.064112.\n[DBG] Input circuit uses 8 qubits, has 97 gates:  { H : 6, X : 0, Rzq : 53, CX : 38 }.\n[DBG] After optimization, the circuit uses 59 gates : { U1 : 12, U2 : 4, U3 : 0, CX : 43 }.\n\n",
MarQSim_dataset,marqsim,_Pauli_string_Cl-.txt,0.1,0.1,qdrift,none,Trotterization (QDrift),IBMDigital,True,0.025421,8,63,44,,trivial,True,False,True,0.508483,8,103,246,131,20.0025,3.90476,2.97727,"[DBG] Expected error: 0.100000;   t: 0.100000\n[DBG] Analyzing /Users/jbg/Development/particleSystem/QBlue_Benchmark_Datasets/MarQSim_dataset/_Pauli_string_Cl-.txt:\n[DBG] Length of Pauli String 60\n\n[DBG] ---- Trotterization (QDrift) -> IBMDigital circuits: ----\n[DBG] Dealing with 28 pauli strings; lambda = 11.128880; relaxation factor: 1.082737.\n[DBG] Input circuit uses 8 qubits, has 80 gates:  { H : 12, X : 0, Rzq : 34, CX : 34 }.\n[DBG] After optimization, the circuit uses 63 gates : { U1 : 9, U2 : 10, U3 : 0, CX : 44 }.\n\n",
MarQSim_dataset,marqsim,_Pauli_string_Na+.txt,0.1,0.1,qdrift,none,Trotterization (QDrift),IBMDigital,True,0.024457,8,32,18,,trivial,True,False,True,0.508399,8,102,243,131,20.7875,7.59375,7.27778,"[DBG] Expected error: 0.100000;   t: 0.100000\n[DBG] Analyzing /Users/jbg/Development/particleSystem/QBlue_Benchmark_Datasets/MarQSim_dataset/_Pauli_string_Na+.txt:\n[DBG] Length of Pauli String 60\n\n[DBG] ---- Trotterization (QDrift) -> IBMDigital circuits: ----\n[DBG] Dealing with 25 pauli strings; lambda = 10.456210; relaxation factor: 1.087248.\n[DBG] Input circuit uses 8 qubits, has 51 gates:  { H : 6, X : 0, Rzq : 27, CX : 18 }.\n[DBG] After optimization, the circuit uses 32 gates : { U1 : 10, U2 : 4, U3 : 0, CX : 18 }.\n\n",
MarQSim_dataset,marqsim,_Pauli_string_SYK1.txt,0.1,0.1,qdrift,none,Trotterization (QDrift),IBMDigital,True,3.000049,8,23340,16592,,trivial,True,False,True,2.182752,8,605,887,364,0.727572,0.0380034,0.0219383,"[DBG] Expected error: 0.100000;   t: 0.100000\n[DBG] Analyzing /var/folders/8l/ycc5vbn93_56mddr52w8zp040000gn/T/qblue_bench_65n1mbhl/_Pauli_string_SYK1.768984afcc13.unix.txt:\n[DBG] Length of Pauli String 210\n\n[DBG] ---- Trotterization (QDrift) -> IBMDigital circuits: ----\n[DBG] Dealing with 2191 pauli strings; lambda = 104.141124; relaxation factor: 1.009552.\n[DBG] Input circuit uses 8 qubits, has 38275 gates:  { H : 12124, X : 0, Rzq : 8523, CX : 17628 }.\n[DBG] After optimization, the circuit uses 23340 gates : { U1 : 2040, U2 : 4663, U3 : 45, CX : 16592 }.\n\n",
MarQSim_dataset,marqsim,_Pauli_string_SYK2.txt,0.1,0.1,qdrift,none,Trotterization (QDrift),IBMDigital,True,6.408052,10,6415,3290,,trivial,True,False,True,1.643965,10,351,559,210,0.256547,0.0871395,0.0638298,"[DBG] Expected error: 0.100000;   t: 0.100000\n[DBG] Analyzing /var/folders/8l/ycc5vbn93_56mddr52w8zp040000gn/T/qblue_bench_65n1mbhl/_Pauli_string_SYK2.4c135e6ff830.unix.txt:\n[DBG] Length of Pauli String 210\n\n[DBG] ---- Trotterization (QDrift) -> IBMDigital circuits: ----\n[DBG] Dealing with 2373 pauli strings; lambda = 108.410952; relaxation factor: 1.009179.\n[DBG] Input circuit uses 10 qubits, has 31487 gates:  { H : 10064, X : 0, Rzq : 7769, CX : 13654 }.\n[DBG] After optimization, the circuit uses 6415 gates : { U1 : 1692, U2 : 1108, U3 : 325, CX : 3290 }.\n\n",
MarQSim_dataset,marqsim,_Pauli_string_HF.txt,0.1,0.1,qdrift,none,Trotterization (QDrift),IBMDigital,True,0.033133,10,127,80,,trivial,True,False,True,4.922841,10,763,1515,736,148.578,11.9291,9.2,"[DBG] Expected error: 0.100000;   t: 0.100000\n[DBG] Analyzing /Users/jbg/Development/particleSystem/QBlue_Benchmark_Datasets/MarQSim_dataset/_Pauli_string_HF.txt:\n[DBG] Length of Pauli String 275\n\n[DBG] ---- Trotterization (QDrift) -> IBMDigital circuits: ----\n[DBG] Dealing with 125 pauli strings; lambda = 24.424906; relaxation factor: 1.039854.\n[DBG] Input circuit uses 10 qubits, has 301 gates:  { H : 32, X : 0, Rzq : 137, CX : 132 }.\n[DBG] After optimization, the circuit uses 127 gates : { U1 : 27, U2 : 17, U3 : 3, CX : 80 }.\n\n",
MarQSim_dataset,marqsim,_Pauli_string_OH-.txt,0.1,0.1,qdrift,none,Trotterization (QDrift),IBMDigital,True,0.032165,10,156,103,,trivial,True,False,True,4.623262,10,749,1511,721,143.736,9.6859,7,"[DBG] Expected error: 0.100000;   t: 0.100000\n[DBG] Analyzing /Users/jbg/Development/particleSystem/QBlue_Benchmark_Datasets/MarQSim_dataset/_Pauli_string_OH-.txt:\n[DBG] Length of Pauli String 275\n\n[DBG] ---- Trotterization (QDrift) -> IBMDigital circuits: ----\n[DBG] Dealing with 74 pauli strings; lambda = 18.581708; relaxation factor: 1.051503.\n[DBG] Input circuit uses 10 qubits, has 282 gates:  { H : 52, X : 0, Rzq : 96, CX : 134 }.\n[DBG] After optimization, the circuit uses 156 gates : { U1 : 26, U2 : 22, U3 : 5, CX : 103 }.\n\n",
MarQSim_dataset,marqsim,_Pauli_string_LiH_f.txt,0.1,0.1,qdrift,none,Trotterization (QDrift),IBMDigital,True,0.028159,10,33,23,,trivial,True,False,True,4.865433,10,763,1515,736,172.784,45.9091,32,"[DBG] Expected error: 0.100000;   t: 0.100000\n[DBG] Analyzing /Users/jbg/Development/particleSystem/QBlue_Benchmark_Datasets/MarQSim_dataset/_Pauli_string_LiH_f.txt:\n[DBG] Length of Pauli String 275\n\n[DBG] ---- Trotterization (QDrift) -> IBMDigital circuits: ----\n[DBG] Dealing with 18 pauli strings; lambda = 8.894264; relaxation factor: 1.103873.\n[DBG] Input circuit uses 10 qubits, has 62 gates:  { H : 8, X : 0, Rzq : 20, CX : 34 }.\n[DBG] After optimization, the circuit uses 33 gates : { U1 : 8, U2 : 2, U3 : 0, CX : 23 }.\n\n",
MarQSim_dataset,marqsim,_Pauli_string_H2O.txt,0.1,0.1,qdrift,none,Trotterization (QDrift),IBMDigital,True,0.038363,12,380,258,,trivial,True,False,True,15.089546,12,1545,3201,1589,393.336,8.42368,6.15891,"[DBG] Expected error: 0.100000;   t: 0.100000\n[DBG] Analyzing /Users/jbg/Development/particleSystem/QBlue_Benchmark_Datasets/MarQSim_dataset/_Pauli_string_H2O.txt:\n[DBG] Length of Pauli String 550\n\n[DBG] ---- Trotterization (QDrift) -> IBMDigital circuits: ----\n[DBG] Dealing with 154 pauli strings; lambda = 27.158985; relaxation factor: 1.035901.\n[DBG] Input circuit uses 12 qubits, has 1040 gates:  { H : 194, X : 0, Rzq : 250, CX : 596 }.\n[DBG] After optimization, the circuit uses 380 gates : { U1 : 59, U2 : 49, U3 : 14, CX : 258 }.\n\n",
MarQSim_dataset,marqsim,_Pauli_string_LiH_unf.txt,0.1,0.1,qdrift,none,Trotterization (QDrift),IBMDigital,True,0.037333,12,82,58,,trivial,True,False,True,15.537595,12,1723,3488,1718,416.189,42.5366,29.6207,"[DBG] Expected error: 0.100000;   t: 0.100000\n[DBG] Analyzing /Users/jbg/Development/particleSystem/QBlue_Benchmark_Datasets/MarQSim_dataset/_Pauli_string_LiH_unf.txt:\n[DBG] Length of Pauli String 614\n\n[DBG] ---- Trotterization (QDrift) -> IBMDigital circuits: ----\n[DBG] Dealing with 34 pauli strings; lambda = 12.341623; relaxation factor: 1.075298.\n[DBG] Input circuit uses 12 qubits, has 142 gates:  { H : 20, X : 0, Rzq : 42, CX : 80 }.\n[DBG] After optimization, the circuit uses 82 gates : { U1 : 12, U2 : 11, U3 : 1, CX : 58 }.\n\n",
MarQSim_dataset,marqsim,_Pauli_string_BeH2_f.txt,0.1,0.1,qdrift,none,Trotterization (QDrift),IBMDigital,True,0.040973,12,246,156,,trivial,True,False,True,27.316526,12,2958,5693,2767,666.696,23.1423,17.7372,"[DBG] Expected error: 0.100000;   t: 0.100000\n[DBG] Analyzing /Users/jbg/Development/particleSystem/QBlue_Benchmark_Datasets/MarQSim_dataset/_Pauli_string_BeH2_f.txt:\n[DBG] Length of Pauli String 661\n\n[DBG] ---- Trotterization (QDrift) -> IBMDigital circuits: ----\n[DBG] Dealing with 98 pauli strings; lambda = 21.488184; relaxation factor: 1.044829.\n[DBG] Input circuit uses 12 qubits, has 636 gates:  { H : 152, X : 0, Rzq : 142, CX : 342 }.\n[DBG] After optimization, the circuit uses 246 gates : { U1 : 32, U2 : 51, U3 : 7, CX : 156 }.\n\n",
MarQSim_dataset,marqsim,_Pauli_string_BeH2_unf.txt,0.1,0.1,qdrift,none,Trotterization (QDrift),IBMDigital,True,0.036802,14,176,135,,trivial,True,False,True,28.173992,14,2003,4060,2071,765.556,23.0682,15.3407,"[DBG] Expected error: 0.100000;   t: 0.100000\n[DBG] Analyzing /Users/jbg/Development/particleSystem/QBlue_Benchmark_Datasets/MarQSim_dataset/_Pauli_string_BeH2_unf.txt:\n[DBG] Length of Pauli String 661\n\n[DBG] ---- Trotterization (QDrift) -> IBMDigital circuits: ----\n[DBG] Dealing with 98 pauli strings; lambda = 21.488184; relaxation factor: 1.044829.\n[DBG] Input circuit uses 14 qubits, has 522 gates:  { H : 104, X : 0, Rzq : 134, CX : 284 }.\n[DBG] After optimization, the circuit uses 176 gates : { U1 : 25, U2 : 9, U3 : 7, CX : 135 }.\n\n",
Genesis_dataset,genesis,JW_LiH_sto3g_4_electrons_12_spin_orbitals_Hamiltonian_631_paulis.txt,0.1,0.1,qdrift,none,Trotterization (QDrift),IBMDigital,True,0.042610,12,101,68,,trivial,True,False,True,16.840538,12,1820,3629,1779,395.225,35.9307,26.1618,"[DBG] Expected error: 0.100000;   t: 0.100000\n[DBG] Analyzing /var/folders/8l/ycc5vbn93_56mddr52w8zp040000gn/T/qblue_bench_65n1mbhl/JW_LiH_sto3g_4_electrons_12_spin_orbitals_Hamiltonian_631_paulis.txt.marqsim.txt:\n[DBG] Length of Pauli String 631\n\n[DBG] ---- Trotterization (QDrift) -> IBMDigital circuits: ----\n[DBG] Dealing with 66 pauli strings; lambda = 17.506900; relaxation factor: 1.054484.\n[DBG] Input circuit uses 12 qubits, has 180 gates:  { H : 32, X : 0, Rzq : 64, CX : 84 }.\n[DBG] After optimization, the circuit uses 101 gates : { U1 : 15, U2 : 14, U3 : 4, CX : 68 }.\n\n",
Genesis_dataset,genesis,BK_LiH_sto3g_4_electrons_12_spin_orbitals_Hamiltonian_631_paulis.txt,0.1,0.1,qdrift,none,Trotterization (QDrift),IBMDigital,True,0.040765,12,142,106,,trivial,True,False,True,22.216763,12,2856,5276,2419,544.996,37.1549,22.8208,"[DBG] Expected error: 0.100000;   t: 0.100000\n[DBG] Analyzing /var/folders/8l/ycc5vbn93_56mddr52w8zp040000gn/T/qblue_bench_65n1mbhl/BK_LiH_sto3g_4_electrons_12_spin_orbitals_Hamiltonian_631_paulis.txt.marqsim.txt:\n[DBG] Length of Pauli String 631\n\n[DBG] ---- Trotterization (QDrift) -> IBMDigital circuits: ----\n[DBG] Dealing with 66 pauli strings; lambda = 17.506900; relaxation factor: 1.054484.\n[DBG] Input circuit uses 12 qubits, has 252 gates:  { H : 42, X : 0, Rzq : 68, CX : 142 }.\n[DBG] After optimization, the circuit uses 142 gates : { U1 : 18, U2 : 17, U3 : 1, CX : 106 }.\n\n",
Genesis_dataset,genesis,JW_BeH2_sto3g_6_electrons_14_spin_orbitals_Hamiltonian_666_paulis.txt,0.1,0.1,qdrift,none,Trotterization (QDrift),IBMDigital,True,0.034571,14,164,115,,trivial,True,False,True,28.265494,14,2003,4057,2071,817.607,24.7378,18.0087,"[DBG] Expected error: 0.100000;   t: 0.100000\n[DBG] Analyzing /var/folders/8l/ycc5vbn93_56mddr52w8zp040000gn/T/qblue_bench_65n1mbhl/JW_BeH2_sto3g_6_electrons_14_spin_orbitals_Hamiltonian_666_paulis.txt.marqsim.txt:\n[DBG] Length of Pauli String 666\n\n[DBG] ---- Trotterization (QDrift) -> IBMDigital circuits: ----\n[DBG] Dealing with 235 pauli strings; lambda = 33.705040; relaxation factor: 1.029101.\n[DBG] Input circuit uses 14 qubits, has 607 gates:  { H : 102, X : 0, Rzq : 189, CX : 316 }.\n[DBG] After optimization, the circuit uses 164 gates : { U1 : 28, U2 : 17, U3 : 4, CX : 115 }.\n\n",
Genesis_dataset,genesis,BK_BeH2_sto3g_6_electrons_14_spin_orbitals_Hamiltonian_666_paulis.txt,0.1,0.1,qdrift,none,Trotterization (QDrift),IBMDigital,True,0.034383,14,260,166,,trivial,True,False,True,38.708914,14,4341,7982,3882,1125.82,30.7,23.3855,"[DBG] Expected error: 0.100000;   t: 0.100000\n[DBG] Analyzing /var/folders/8l/ycc5vbn93_56mddr52w8zp040000gn/T/qblue_bench_65n1mbhl/BK_BeH2_sto3g_6_electrons_14_spin_orbitals_Hamiltonian_666_paulis.txt.marqsim.txt:\n[DBG] Length of Pauli String 666\n\n[DBG] ---- Trotterization (QDrift) -> IBMDigital circuits: ----\n[DBG] Dealing with 235 pauli strings; lambda = 33.705040; relaxation factor: 1.029101.\n[DBG] Input circuit uses 14 qubits, has 1067 gates:  { H : 142, X : 0, Rzq : 217, CX : 708 }.\n[DBG] After optimization, the circuit uses 260 gates : { U1 : 38, U2 : 53, U3 : 3, CX : 166 }.\n\n",
Genesis_dataset,genesis,JW_ethylene_sto3g_10_electrons_16_spin_orbitals_Hamiltonian_789_paulis.txt,0.1,0.1,qdrift,none,Trotterization (QDrift),IBMDigital,True,0.041021,16,375,266,,trivial,True,False,True,45.027919,16,2238,4885,2582,1097.68,13.0267,9.70677,"[DBG] Expected error: 0.100000;   t: 0.100000\n[DBG] Analyzing /var/folders/8l/ycc5vbn93_56mddr52w8zp040000gn/T/qblue_bench_65n1mbhl/JW_ethylene_sto3g_10_electrons_16_spin_orbitals_Hamiltonian_789_paulis.txt.marqsim.txt:\n[DBG] Length of Pauli String 789\n\n[DBG] ---- Trotterization (QDrift) -> IBMDigital circuits: ----\n[DBG] Dealing with 366 pauli strings; lambda = 42.223338; relaxation factor: 1.023341.\n[DBG] Input circuit uses 16 qubits, has 1332 gates:  { H : 252, X : 0, Rzq : 332, CX : 748 }.\n[DBG] After optimization, the circuit uses 375 gates : { U1 : 58, U2 : 38, U3 : 13, CX : 266 }.\n\n",
Genesis_dataset,genesis,BK_ethylene_sto3g_10_electrons_16_spin_orbitals_Hamiltonian_789_paulis.txt,0.1,0.1,qdrift,none,Trotterization (QDrift),IBMDigital,True,0.044797,16,346,238,,trivial,True,False,True,37.397604,16,3988,7675,3616,834.824,22.1821,15.1933,"[DBG] Expected error: 0.100000;   t: 0.100000\n[DBG] Analyzing /var/folders/8l/ycc5vbn93_56mddr52w8zp040000gn/T/qblue_bench_65n1mbhl/BK_ethylene_sto3g_10_electrons_16_spin_orbitals_Hamiltonian_789_paulis.txt.marqsim.txt:\n[DBG] Length of Pauli String 789\n\n[DBG] ---- Trotterization (QDrift) -> IBMDigital circuits: ----\n[DBG] Dealing with 366 pauli strings; lambda = 42.223338; relaxation factor: 1.023341.\n[DBG] Input circuit uses 16 qubits, has 1636 gates:  { H : 262, X : 0, Rzq : 322, CX : 1052 }.\n[DBG] After optimization, the circuit uses 346 gates : { U1 : 61, U2 : 34, U3 : 13, CX : 238 }.\n\n",
Genesis_dataset,genesis,BK_NH3_sto3g_8_electrons_12_spin_orbitals_Hamiltonian_915_paulis.txt,0.1,0.1,qdrift,none,Trotterization (QDrift),IBMDigital,True,0.040368,12,494,304,,trivial,True,False,True,29.184291,12,3519,6377,2867,722.956,12.9089,9.43092,"[DBG] Expected error: 0.100000;   t: 0.100000\n[DBG] Analyzing /var/folders/8l/ycc5vbn93_56mddr52w8zp040000gn/T/qblue_bench_65n1mbhl/BK_NH3_sto3g_8_electrons_12_spin_orbitals_Hamiltonian_915_paulis.txt.marqsim.txt:\n[DBG] Length of Pauli String 915\n\n[DBG] ---- Trotterization (QDrift) -> IBMDigital circuits: ----\n[DBG] Dealing with 305 pauli strings; lambda = 38.512463; relaxation factor: 1.025576.\n[DBG] Input circuit uses 12 qubits, has 1871 gates:  { H : 452, X : 0, Rzq : 403, CX : 1016 }.\n[DBG] After optimization, the circuit uses 494 gates : { U1 : 86, U2 : 91, U3 : 13, CX : 304 }.\n\n",
Genesis_dataset,genesis,JW_NH3_sto3g_8_electrons_12_spin_orbitals_Hamiltonian_915_paulis.txt,0.1,0.1,qdrift,none,Trotterization (QDrift),IBMDigital,True,0.038042,12,552,384,,trivial,True,False,True,24.308965,12,2372,4630,2259,639.003,8.38768,5.88281,"[DBG] Expected error: 0.100000;   t: 0.100000\n[DBG] Analyzing /var/folders/8l/ycc5vbn93_56mddr52w8zp040000gn/T/qblue_bench_65n1mbhl/JW_NH3_sto3g_8_electrons_12_spin_orbitals_Hamiltonian_915_paulis.txt.marqsim.txt:\n[DBG] Length of Pauli String 915\n\n[DBG] ---- Trotterization (QDrift) -> IBMDigital circuits: ----\n[DBG] Dealing with 305 pauli strings; lambda = 38.512463; relaxation factor: 1.025576.\n[DBG] Input circuit uses 12 qubits, has 1219 gates:  { H : 258, X : 0, Rzq : 301, CX : 660 }.\n[DBG] After optimization, the circuit uses 552 gates : { U1 : 77, U2 : 75, U3 : 16, CX : 384 }.\n\n",
Genesis_dataset,genesis,BK_H2O_sto3g_8_electrons_12_spin_orbitals_Hamiltonian_1219_paulis.txt,0.1,0.1,qdrift,none,Trotterization (QDrift),IBMDigital,True,0.052088,12,639,422,,trivial,True,False,True,30.807509,12,2924,5332,2404,591.451,8.34429,5.69668,"[DBG] Expected error: 0.100000;   t: 0.100000\n[DBG] Analyzing /var/folders/8l/ycc5vbn93_56mddr52w8zp040000gn/T/qblue_bench_65n1mbhl/BK_H2O_sto3g_8_electrons_12_spin_orbitals_Hamiltonian_1219_paulis.txt.marqsim.txt:\n[DBG] Length of Pauli String 1219\n\n[DBG] ---- Trotterization (QDrift) -> IBMDigital circuits: ----\n[DBG] Dealing with 363 pauli strings; lambda = 42.055417; relaxation factor: 1.023442.\n[DBG] Input circuit uses 12 qubits, has 2147 gates:  { H : 548, X : 0, Rzq : 461, CX : 1138 }.\n[DBG] After optimization, the circuit uses 639 gates : { U1 : 94, U2 : 105, U3 : 18, CX : 422 }.\n\n",
Genesis_dataset,genesis,JW_H2O_sto3g_8_electrons_12_spin_orbitals_Hamiltonian_1219_paulis.txt,0.1,0.1,qdrift,none,Trotterization (QDrift),IBMDigital,True,0.046176,12,549,357,,trivial,True,False,True,27.070070,12,1841,3798,1829,586.237,6.91803,5.12325,"[DBG] Expected error: 0.100000;   t: 0.100000\n[DBG] Analyzing /var/folders/8l/ycc5vbn93_56mddr52w8zp040000gn/T/qblue_bench_65n1mbhl/JW_H2O_sto3g_8_electrons_12_spin_orbitals_Hamiltonian_1219_paulis.txt.marqsim.txt:\n[DBG] Length of Pauli String 1219\n\n[DBG] ---- Trotterization (QDrift) -> IBMDigital circuits: ----\n[DBG] Dealing with 363 pauli strings; lambda = 42.055417; relaxation factor: 1.023442.\n[DBG] Input circuit uses 12 qubits, has 1547 gates:  { H : 334, X : 0, Rzq : 397, CX : 816 }.\n[DBG] After optimization, the circuit uses 549 gates : { U1 : 92, U2 : 84, U3 : 16, CX : 357 }.\n\n",
Genesis_dataset,genesis,JW_N2_sto3g_10_electrons_16_spin_orbitals_Hamiltonian_1177_paulis.txt,0.1,0.1,qdrift,none,Trotterization (QDrift),IBMDigital,True,0.086216,16,1221,842,,trivial,True,False,True,65.584359,16,3506,7236,3827,760.698,5.92629,4.54513,"[DBG] Expected error: 0.100000;   t: 0.100000\n[DBG] Analyzing /var/folders/8l/ycc5vbn93_56mddr52w8zp040000gn/T/qblue_bench_65n1mbhl/JW_N2_sto3g_10_electrons_16_spin_orbitals_Hamiltonian_1177_paulis.txt.marqsim.txt:\n[DBG] Length of Pauli String 1177\n\n[DBG] ---- Trotterization (QDrift) -> IBMDigital circuits: ----\n[DBG] Dealing with 749 pauli strings; lambda = 60.625823; relaxation factor: 1.016320.\n[DBG] Input circuit uses 16 qubits, has 3480 gates:  { H : 694, X : 0, Rzq : 794, CX : 1992 }.\n[DBG] After optimization, the circuit uses 1221 gates : { U1 : 180, U2 : 173, U3 : 26, CX : 842 }.\n\n",
Genesis_dataset,genesis,JW_C2_sto3g_10_electrons_16_spin_orbitals_Hamiltonian_1177_paulis.txt,0.1,0.1,qdrift,none,Trotterization (QDrift),IBMDigital,True,0.083777,16,1283,897,,trivial,True,False,True,62.654567,16,3642,7517,3955,747.873,5.85892,4.40914,"[DBG] Expected error: 0.100000;   t: 0.100000\n[DBG] Analyzing /var/folders/8l/ycc5vbn93_56mddr52w8zp040000gn/T/qblue_bench_65n1mbhl/JW_C2_sto3g_10_electrons_16_spin_orbitals_Hamiltonian_1177_paulis.txt.marqsim.txt:\n[DBG] Length of Pauli String 1177\n\n[DBG] ---- Trotterization (QDrift) -> IBMDigital circuits: ----\n[DBG] Dealing with 1312 pauli strings; lambda = 80.451692; relaxation factor: 1.012339.\n[DBG] Input circuit uses 16 qubits, has 3624 gates:  { H : 646, X : 0, Rzq : 1064, CX : 1914 }.\n[DBG] After optimization, the circuit uses 1283 gates : { U1 : 174, U2 : 179, U3 : 33, CX : 897 }.\n\n",
Genesis_dataset,genesis,BK_N2_sto3g_10_electrons_16_spin_orbitals_Hamiltonian_1177_paulis.txt,0.1,0.1,qdrift,none,Trotterization (QDrift),IBMDigital,True,0.104118,16,1217,811,,trivial,True,False,True,70.786078,16,6773,12719,6144,679.864,10.4511,7.57583,"[DBG] Expected error: 0.100000;   t: 0.100000\n[DBG] Analyzing /var/folders/8l/ycc5vbn93_56mddr52w8zp040000gn/T/qblue_bench_65n1mbhl/BK_N2_sto3g_10_electrons_16_spin_orbitals_Hamiltonian_1177_paulis.txt.marqsim.txt:\n[DBG] Length of Pauli String 1177\n\n[DBG] ---- Trotterization (QDrift) -> IBMDigital circuits: ----\n[DBG] Dealing with 749 pauli strings; lambda = 60.625823; relaxation factor: 1.016320.\n[DBG] Input circuit uses 16 qubits, has 4602 gates:  { H : 1004, X : 0, Rzq : 954, CX : 2644 }.\n[DBG] After optimization, the circuit uses 1217 gates : { U1 : 179, U2 : 185, U3 : 42, CX : 811 }.\n\n",
Genesis_dataset,genesis,BK_C2_sto3g_10_electrons_16_spin_orbitals_Hamiltonian_1177_paulis.txt,0.1,0.1,qdrift,none,Trotterization (QDrift),IBMDigital,True,0.122420,16,1185,768,,trivial,True,False,True,70.486070,16,6847,13049,6262,575.773,11.0118,8.15365,"[DBG] Expected error: 0.100000;   t: 0.100000\n[DBG] Analyzing /var/folders/8l/ycc5vbn93_56mddr52w8zp040000gn/T/qblue_bench_65n1mbhl/BK_C2_sto3g_10_electrons_16_spin_orbitals_Hamiltonian_1177_paulis.txt.marqsim.txt:\n[DBG] Length of Pauli String 1177\n\n[DBG] ---- Trotterization (QDrift) -> IBMDigital circuits: ----\n[DBG] Dealing with 1312 pauli strings; lambda = 80.451692; relaxation factor: 1.012339.\n[DBG] Input circuit uses 16 qubits, has 5102 gates:  { H : 894, X : 0, Rzq : 1230, CX : 2978 }.\n[DBG] After optimization, the circuit uses 1185 gates : { U1 : 198, U2 : 194, U3 : 25, CX : 768 }.\n\n",
Genesis_dataset,genesis,JW_H2O_sto3g_10_electrons_14_spin_orbitals_Hamiltonian_1654_paulis.txt,0.1,0.1,qdrift,none,Trotterization (QDrift),IBMDigital,True,0.228385,14,2205,1457,,trivial,True,False,True,64.058525,14,3524,7161,3581,280.485,3.24762,2.45779,"[DBG] Expected error: 0.100000;   t: 0.100000\n[DBG] Analyzing /var/folders/8l/ycc5vbn93_56mddr52w8zp040000gn/T/qblue_bench_65n1mbhl/JW_H2O_sto3g_10_electrons_14_spin_orbitals_Hamiltonian_1654_paulis.txt.marqsim.txt:\n[DBG] Length of Pauli String 1654\n\n[DBG] ---- Trotterization (QDrift) -> IBMDigital circuits: ----\n[DBG] Dealing with 2984 pauli strings; lambda = 121.618886; relaxation factor: 1.008185.\n[DBG] Input circuit uses 14 qubits, has 7945 gates:  { H : 1512, X : 0, Rzq : 2529, CX : 3904 }.\n[DBG] After optimization, the circuit uses 2205 gates : { U1 : 341, U2 : 291, U3 : 116, CX : 1457 }.\n\n",
Genesis_dataset,genesis,BK_H2O_sto3g_10_electrons_14_spin_orbitals_Hamiltonian_1654_paulis.txt,0.1,0.1,qdrift,none,Trotterization (QDrift),IBMDigital,True,0.502527,14,2551,1600,,trivial,True,False,True,60.451160,14,5291,10052,4664,120.294,3.94042,2.915,"[DBG] Expected error: 0.100000;   t: 0.100000\n[DBG] Analyzing /var/folders/8l/ycc5vbn93_56mddr52w8zp040000gn/T/qblue_bench_65n1mbhl/BK_H2O_sto3g_10_electrons_14_spin_orbitals_Hamiltonian_1654_paulis.txt.marqsim.txt:\n[DBG] Length of Pauli String 1654\n\n[DBG] ---- Trotterization (QDrift) -> IBMDigital circuits: ----\n[DBG] Dealing with 2984 pauli strings; lambda = 121.618886; relaxation factor: 1.008185.\n[DBG] Input circuit uses 14 qubits, has 12751 gates:  { H : 2366, X : 0, Rzq : 2841, CX : 7544 }.\n[DBG] After optimization, the circuit uses 2551 gates : { U1 : 417, U2 : 449, U3 : 85, CX : 1600 }.\n\n",
Genesis_dataset,genesis,JW_NH3_sto3g_8_electrons_14_spin_orbitals_Hamiltonian_1734_paulis.txt,0.1,0.1,qdrift,none,Trotterization (QDrift),IBMDigital,True,0.056163,14,790,542,,trivial,True,False,True,69.136375,14,4526,8920,4500,1231,11.2911,8.30258,"[DBG] Expected error: 0.100000;   t: 0.100000\n[DBG] Analyzing /var/folders/8l/ycc5vbn93_56mddr52w8zp040000gn/T/qblue_bench_65n1mbhl/JW_NH3_sto3g_8_electrons_14_spin_orbitals_Hamiltonian_1734_paulis.txt.marqsim.txt:\n[DBG] Length of Pauli String 1734\n\n[DBG] ---- Trotterization (QDrift) -> IBMDigital circuits: ----\n[DBG] Dealing with 400 pauli strings; lambda = 44.173654; relaxation factor: 1.022333.\n[DBG] Input circuit uses 14 qubits, has 2256 gates:  { H : 494, X : 0, Rzq : 490, CX : 1272 }.\n[DBG] After optimization, the circuit uses 790 gates : { U1 : 107, U2 : 114, U3 : 27, CX : 542 }.\n\n",
Genesis_dataset,genesis,BK_NH3_sto3g_8_electrons_14_spin_orbitals_Hamiltonian_1734_paulis.txt,0.1,0.1,qdrift,none,Trotterization (QDrift),IBMDigital,True,0.063035,14,731,456,,trivial,True,False,True,75.469060,14,7397,13809,6366,1197.26,18.8906,13.9605,"[DBG] Expected error: 0.100000;   t: 0.100000\n[DBG] Analyzing /var/folders/8l/ycc5vbn93_56mddr52w8zp040000gn/T/qblue_bench_65n1mbhl/BK_NH3_sto3g_8_electrons_14_spin_orbitals_Hamiltonian_1734_paulis.txt.marqsim.txt:\n[DBG] Length of Pauli String 1734\n\n[DBG] ---- Trotterization (QDrift) -> IBMDigital circuits: ----\n[DBG] Dealing with 400 pauli strings; lambda = 44.173654; relaxation factor: 1.022333.\n[DBG] Input circuit uses 14 qubits, has 3134 gates:  { H : 820, X : 0, Rzq : 642, CX : 1672 }.\n[DBG] After optimization, the circuit uses 731 gates : { U1 : 115, U2 : 131, U3 : 29, CX : 456 }.\n\n",
Genesis_dataset,genesis,JW_N2_sto3g_12_electrons_18_spin_orbitals_Hamiltonian_1884_paulis.txt,0.1,0.1,qdrift,none,Trotterization (QDrift),IBMDigital,True,0.310051,18,2517,1756,,trivial,True,False,True,139.693498,18,6066,12633,6711,450.55,5.01907,3.82175,"[DBG] Expected error: 0.100000;   t: 0.100000\n[DBG] Analyzing /var/folders/8l/ycc5vbn93_56mddr52w8zp040000gn/T/qblue_bench_65n1mbhl/JW_N2_sto3g_12_electrons_18_spin_orbitals_Hamiltonian_1884_paulis.txt.marqsim.txt:\n[DBG] Length of Pauli String 1884\n\n[DBG] ---- Trotterization (QDrift) -> IBMDigital circuits: ----\n[DBG] Dealing with 3054 pauli strings; lambda = 123.060928; relaxation factor: 1.008092.\n[DBG] Input circuit uses 18 qubits, has 9560 gates:  { H : 1646, X : 0, Rzq : 2540, CX : 5374 }.\n[DBG] After optimization, the circuit uses 2517 gates : { U1 : 368, U2 : 299, U3 : 94, CX : 1756 }.\n\n",
Genesis_dataset,genesis,BK_N2_sto3g_12_electrons_18_spin_orbitals_Hamiltonian_1884_paulis.txt,0.1,0.1,qdrift,none,Trotterization (QDrift),IBMDigital,True,0.583004,18,2439,1528,,trivial,True,False,True,200.213186,18,13729,25466,12610,343.416,10.4412,8.25262,"[DBG] Expected error: 0.100000;   t: 0.100000\n[DBG] Analyzing /var/folders/8l/ycc5vbn93_56mddr52w8zp040000gn/T/qblue_bench_65n1mbhl/BK_N2_sto3g_12_electrons_18_spin_orbitals_Hamiltonian_1884_paulis.txt.marqsim.txt:\n[DBG] Length of Pauli String 1884\n\n[DBG] ---- Trotterization (QDrift) -> IBMDigital circuits: ----\n[DBG] Dealing with 3054 pauli strings; lambda = 123.060928; relaxation factor: 1.008092.\n[DBG] Input circuit uses 18 qubits, has 14542 gates:  { H : 2968, X : 0, Rzq : 3192, CX : 8382 }.\n[DBG] After optimization, the circuit uses 2439 gates : { U1 : 412, U2 : 415, U3 : 84, CX : 1528 }.\n\n",
Genesis_dataset,genesis,JW_C2_sto3g_12_electrons_18_spin_orbitals_Hamiltonian_1884_paulis.txt,0.1,0.1,qdrift,none,Trotterization (QDrift),IBMDigital,True,0.399904,18,2303,1532,,trivial,True,False,True,135.941100,18,5965,12499,6653,339.934,5.42727,4.34269,"[DBG] Expected error: 0.100000;   t: 0.100000\n[DBG] Analyzing /var/folders/8l/ycc5vbn93_56mddr52w8zp040000gn/T/qblue_bench_65n1mbhl/JW_C2_sto3g_12_electrons_18_spin_orbitals_Hamiltonian_1884_paulis.txt.marqsim.txt:\n[DBG] Length of Pauli String 1884\n\n[DBG] ---- Trotterization (QDrift) -> IBMDigital circuits: ----\n[DBG] Dealing with 3876 pauli strings; lambda = 138.700976; relaxation factor: 1.007183.\n[DBG] Input circuit uses 18 qubits, has 11017 gates:  { H : 2196, X : 0, Rzq : 3229, CX : 5592 }.\n[DBG] After optimization, the circuit uses 2303 gates : { U1 : 394, U2 : 271, U3 : 106, CX : 1532 }.\n\n",
Genesis_dataset,genesis,BK_C2_sto3g_12_electrons_18_spin_orbitals_Hamiltonian_1884_paulis.txt,0.1,0.1,qdrift,none,Trotterization (QDrift),IBMDigital,True,0.699687,18,2438,1536,,trivial,True,False,True,192.749687,18,13147,24160,12120,275.48,9.90976,7.89062,"[DBG] Expected error: 0.100000;   t: 0.100000\n[DBG] Analyzing /var/folders/8l/ycc5vbn93_56mddr52w8zp040000gn/T/qblue_bench_65n1mbhl/BK_C2_sto3g_12_electrons_18_spin_orbitals_Hamiltonian_1884_paulis.txt.marqsim.txt:\n[DBG] Length of Pauli String 1884\n\n[DBG] ---- Trotterization (QDrift) -> IBMDigital circuits: ----\n[DBG] Dealing with 3876 pauli strings; lambda = 138.700976; relaxation factor: 1.007183.\n[DBG] Input circuit uses 18 qubits, has 15975 gates:  { H : 3004, X : 0, Rzq : 3683, CX : 9288 }.\n[DBG] After optimization, the circuit uses 2438 gates : { U1 : 396, U2 : 378, U3 : 128, CX : 1536 }.\n\n",
Genesis_dataset,genesis,JW_ethylene_sto3g_12_electrons_20_spin_orbitals_Hamiltonian_2063_paulis.txt,0.1,0.1,qdrift,none,Trotterization (QDrift),IBMDigital,True,0.161948,20,1334,874,,trivial,True,False,True,228.884732,20,6543,14063,7536,1413.32,10.542,8.62243,"[DBG] Expected error: 0.100000;   t: 0.100000\n[DBG] Analyzing /var/folders/8l/ycc5vbn93_56mddr52w8zp040000gn/T/qblue_bench_65n1mbhl/JW_ethylene_sto3g_12_electrons_20_spin_orbitals_Hamiltonian_2063_paulis.txt.marqsim.txt:\n[DBG] Length of Pauli String 2063\n\n[DBG] ---- Trotterization (QDrift) -> IBMDigital circuits: ----\n[DBG] Dealing with 1042 pauli strings; lambda = 71.651881; relaxation factor: 1.013848.\n[DBG] Input circuit uses 20 qubits, has 6509 gates:  { H : 1278, X : 0, Rzq : 1325, CX : 3906 }.\n[DBG] After optimization, the circuit uses 1334 gates : { U1 : 206, U2 : 188, U3 : 66, CX : 874 }.\n\n",
Genesis_dataset,genesis,BK_ethylene_sto3g_12_electrons_20_spin_orbitals_Hamiltonian_2063_paulis.txt,0.1,0.1,qdrift,none,Trotterization (QDrift),IBMDigital,True,0.224086,20,1550,968,,trivial,True,False,True,300.060676,20,16656,31333,15737,1339.04,20.2148,16.2572,"[DBG] Expected error: 0.100000;   t: 0.100000\n[DBG] Analyzing /var/folders/8l/ycc5vbn93_56mddr52w8zp040000gn/T/qblue_bench_65n1mbhl/BK_ethylene_sto3g_12_electrons_20_spin_orbitals_Hamiltonian_2063_paulis.txt.marqsim.txt:\n[DBG] Length of Pauli String 2063\n\n[DBG] ---- Trotterization (QDrift) -> IBMDigital circuits: ----\n[DBG] Dealing with 1042 pauli strings; lambda = 71.651881; relaxation factor: 1.013848.\n[DBG] Input circuit uses 20 qubits, has 9221 gates:  { H : 2400, X : 0, Rzq : 1721, CX : 5100 }.\n[DBG] After optimization, the circuit uses 1550 gates : { U1 : 238, U2 : 285, U3 : 59, CX : 968 }.\n\n",
Genesis_dataset,genesis,JW_NH3_sto3g_10_electrons_16_spin_orbitals_Hamiltonian_2913_paulis.txt,0.1,0.1,qdrift,none,Trotterization (QDrift),IBMDigital,True,0.331095,16,2770,1863,,trivial,True,False,True,168.737475,16,7471,15301,7770,509.635,5.52383,4.17069,"[DBG] Expected error: 0.100000;   t: 0.100000\n[DBG] Analyzing /var/folders/8l/ycc5vbn93_56mddr52w8zp040000gn/T/qblue_bench_65n1mbhl/JW_NH3_sto3g_10_electrons_16_spin_orbitals_Hamiltonian_2913_paulis.txt.marqsim.txt:\n[DBG] Length of Pauli String 2913\n\n[DBG] ---- Trotterization (QDrift) -> IBMDigital circuits: ----\n[DBG] Dealing with 2525 pauli strings; lambda = 111.844467; relaxation factor: 1.008898.\n[DBG] Input circuit uses 16 qubits, has 9704 gates:  { H : 1860, X : 0, Rzq : 2470, CX : 5374 }.\n[DBG] After optimization, the circuit uses 2770 gates : { U1 : 426, U2 : 351, U3 : 130, CX : 1863 }.\n\n",
Genesis_dataset,genesis,BK_NH3_sto3g_10_electrons_16_spin_orbitals_Hamiltonian_2913_paulis.txt,0.1,0.1,qdrift,none,Trotterization (QDrift),IBMDigital,True,0.448362,16,2428,1516,,trivial,True,False,True,112.816610,16,8700,16464,7453,251.619,6.78089,4.91623,"[DBG] Expected error: 0.100000;   t: 0.100000\n[DBG] Analyzing /var/folders/8l/ycc5vbn93_56mddr52w8zp040000gn/T/qblue_bench_65n1mbhl/BK_NH3_sto3g_10_electrons_16_spin_orbitals_Hamiltonian_2913_paulis.txt.marqsim.txt:\n[DBG] Length of Pauli String 2913\n\n[DBG] ---- Trotterization (QDrift) -> IBMDigital circuits: ----\n[DBG] Dealing with 2525 pauli strings; lambda = 111.844467; relaxation factor: 1.008898.\n[DBG] Input circuit uses 16 qubits, has 12120 gates:  { H : 2486, X : 0, Rzq : 2812, CX : 6822 }.\n[DBG] After optimization, the circuit uses 2428 gates : { U1 : 398, U2 : 408, U3 : 106, CX : 1516 }.\n\n",
Genesis_dataset,genesis,JW_N2_sto3g_14_electrons_20_spin_orbitals_Hamiltonian_2951_paulis.txt,0.1,0.1,qdrift,none,Trotterization (QDrift),IBMDigital,True,2.558880,20,6066,4112,,trivial,True,False,True,294.182708,20,9855,20630,11114,114.965,3.40092,2.70282,"[DBG] Expected error: 0.100000;   t: 0.100000\n[DBG] Analyzing /var/folders/8l/ycc5vbn93_56mddr52w8zp040000gn/T/qblue_bench_65n1mbhl/JW_N2_sto3g_14_electrons_20_spin_orbitals_Hamiltonian_2951_paulis.txt.marqsim.txt:\n[DBG] Length of Pauli String 2951\n\n[DBG] ---- Trotterization (QDrift) -> IBMDigital circuits: ----\n[DBG] Dealing with 8385 pauli strings; lambda = 204.249884; relaxation factor: 1.004884.\n[DBG] Input circuit uses 20 qubits, has 29381 gates:  { H : 5920, X : 0, Rzq : 7797, CX : 15664 }.\n[DBG] After optimization, the circuit uses 6066 gates : { U1 : 934, U2 : 740, U3 : 280, CX : 4112 }.\n\n",
Genesis_dataset,genesis,BK_N2_sto3g_14_electrons_20_spin_orbitals_Hamiltonian_2951_paulis.txt,0.1,0.1,qdrift,none,Trotterization (QDrift),IBMDigital,True,4.790144,20,6946,4410,,trivial,True,False,True,391.351159,20,21314,39786,20026,81.6992,5.7279,4.54104,"[DBG] Expected error: 0.100000;   t: 0.100000\n[DBG] Analyzing /var/folders/8l/ycc5vbn93_56mddr52w8zp040000gn/T/qblue_bench_65n1mbhl/BK_N2_sto3g_14_electrons_20_spin_orbitals_Hamiltonian_2951_paulis.txt.marqsim.txt:\n[DBG] Length of Pauli String 2951\n\n[DBG] ---- Trotterization (QDrift) -> IBMDigital circuits: ----\n[DBG] Dealing with 8385 pauli strings; lambda = 204.249884; relaxation factor: 1.004884.\n[DBG] Input circuit uses 20 qubits, has 43089 gates:  { H : 9626, X : 0, Rzq : 8813, CX : 24650 }.\n[DBG] After optimization, the circuit uses 6946 gates : { U1 : 983, U2 : 1200, U3 : 353, CX : 4410 }.\n\n",
Genesis_dataset,genesis,BK_C2_sto3g_12_electrons_20_spin_orbitals_Hamiltonian_2951_paulis.txt,0.1,0.1,qdrift,none,Trotterization (QDrift),IBMDigital,True,1.528513,20,4469,2918,,trivial,True,False,True,392.610782,20,20879,38882,19586,256.858,8.70038,6.71213,"[DBG] Expected error: 0.100000;   t: 0.100000\n[DBG] Analyzing /var/folders/8l/ycc5vbn93_56mddr52w8zp040000gn/T/qblue_bench_65n1mbhl/BK_C2_sto3g_12_electrons_20_spin_orbitals_Hamiltonian_2951_paulis.txt.marqsim.txt:\n[DBG] Length of Pauli String 2951\n\n[DBG] ---- Trotterization (QDrift) -> IBMDigital circuits: ----\n[DBG] Dealing with 4372 pauli strings; lambda = 147.340455; relaxation factor: 1.006763.\n[DBG] Input circuit uses 20 qubits, has 25349 gates:  { H : 5824, X : 0, Rzq : 5067, CX : 14458 }.\n[DBG] After optimization, the circuit uses 4469 gates : { U1 : 592, U2 : 752, U3 : 207, CX : 2918 }.\n\n",
Genesis_dataset,genesis,JW_C2_sto3g_12_electrons_20_spin_orbitals_Hamiltonian_2951_paulis.txt,0.1,0.1,qdrift,none,Trotterization (QDrift),IBMDigital,True,0.881071,20,3889,2682,,trivial,True,False,True,294.132064,20,9700,20288,10922,333.835,5.21677,4.07233,"[DBG] Expected error: 0.100000;   t: 0.100000\n[DBG] Analyzing /var/folders/8l/ycc5vbn93_56mddr52w8zp040000gn/T/qblue_bench_65n1mbhl/JW_C2_sto3g_12_electrons_20_spin_orbitals_Hamiltonian_2951_paulis.txt.marqsim.txt:\n[DBG] Length of Pauli String 2951\n\n[DBG] ---- Trotterization (QDrift) -> IBMDigital circuits: ----\n[DBG] Dealing with 4372 pauli strings; lambda = 147.340455; relaxation factor: 1.006763.\n[DBG] Input circuit uses 20 qubits, has 17705 gates:  { H : 3636, X : 0, Rzq : 4391, CX : 9678 }.\n[DBG] After optimization, the circuit uses 3889 gates : { U1 : 592, U2 : 445, U3 : 170, CX : 2682 }.\n\n",
Genesis_dataset,genesis,JW_ethylene_sto3g_14_electrons_24_spin_orbitals_Hamiltonian_4497_paulis.txt,0.1,0.1,qdrift,none,Trotterization (QDrift),IBMDigital,True,1.369386,24,4183,2850,,trivial,True,False,True,834.919617,24,16182,33802,18736,609.704,8.0808,6.57404,"[DBG] Expected error: 0.100000;   t: 0.100000\n[DBG] Analyzing /var/folders/8l/ycc5vbn93_56mddr52w8zp040000gn/T/qblue_bench_65n1mbhl/JW_ethylene_sto3g_14_electrons_24_spin_orbitals_Hamiltonian_4497_paulis.txt.marqsim.txt:\n[DBG] Length of Pauli String 4497\n\n[DBG] ---- Trotterization (QDrift) -> IBMDigital circuits: ----\n[DBG] Dealing with 3636 pauli strings; lambda = 134.322508; relaxation factor: 1.007416.\n[DBG] Input circuit uses 24 qubits, has 22318 gates:  { H : 4174, X : 0, Rzq : 4490, CX : 13654 }.\n[DBG] After optimization, the circuit uses 4183 gates : { U1 : 632, U2 : 474, U3 : 227, CX : 2850 }.\n\n",
Genesis_dataset,genesis,BK_ethylene_sto3g_14_electrons_24_spin_orbitals_Hamiltonian_4497_paulis.txt,0.1,0.1,qdrift,none,Trotterization (QDrift),IBMDigital,True,2.357410,24,5512,3581,,trivial,True,False,True,740.891386,24,31181,59344,29596,314.282,10.7663,8.26473,"[DBG] Expected error: 0.100000;   t: 0.100000\n[DBG] Analyzing /var/folders/8l/ycc5vbn93_56mddr52w8zp040000gn/T/qblue_bench_65n1mbhl/BK_ethylene_sto3g_14_electrons_24_spin_orbitals_Hamiltonian_4497_paulis.txt.marqsim.txt:\n[DBG] Length of Pauli String 4497\n\n[DBG] ---- Trotterization (QDrift) -> IBMDigital circuits: ----\n[DBG] Dealing with 3636 pauli strings; lambda = 134.322508; relaxation factor: 1.007416.\n[DBG] Input circuit uses 24 qubits, has 31000 gates:  { H : 8234, X : 0, Rzq : 5832, CX : 16934 }.\n[DBG] After optimization, the circuit uses 5512 gates : { U1 : 804, U2 : 890, U3 : 237, CX : 3581 }.\n\n",
Genesis_dataset,genesis,JW_ethylene_sto3g_16_electrons_28_spin_orbitals_Hamiltonian_8919_paulis.txt,0.1,0.1,qdrift,none,Trotterization (QDrift),IBMDigital,True,14.317929,28,9969,6621,,,,,,,,,,,,,,"[DBG] Expected error: 0.100000;   t: 0.100000\n[DBG] Analyzing /var/folders/8l/ycc5vbn93_56mddr52w8zp040000gn/T/qblue_bench_65n1mbhl/JW_ethylene_sto3g_16_electrons_28_spin_orbitals_Hamiltonian_8919_paulis.txt.marqsim.txt:\n[DBG] Length of Pauli String 8919\n\n[DBG] ---- Trotterization (QDrift) -> IBMDigital circuits: ----\n[DBG] Dealing with 9760 pauli strings; lambda = 220.395680; relaxation factor: 1.004527.\n[DBG] Input circuit uses 28 qubits, has 69481 gates:  { H : 13060, X : 0, Rzq : 12657, CX : 43764 }.\n[DBG] After optimization, the circuit uses 9969 gates : { U1 : 1513, U2 : 1180, U3 : 655, CX : 6621 }.\n\n",
Genesis_dataset,genesis,BK_ethylene_sto3g_16_electrons_28_spin_orbitals_Hamiltonian_8919_paulis.txt,0.1,0.1,qdrift,none,Trotterization (QDrift),IBMDigital,True,18.147429,28,12074,7608,,,,,,,,,,,,,,"[DBG] Expected error: 0.100000;   t: 0.100000\n[DBG] Analyzing /var/folders/8l/ycc5vbn93_56mddr52w8zp040000gn/T/qblue_bench_65n1mbhl/BK_ethylene_sto3g_16_electrons_28_spin_orbitals_Hamiltonian_8919_paulis.txt.marqsim.txt:\n[DBG] Length of Pauli String 8919\n\n[DBG] ---- Trotterization (QDrift) -> IBMDigital circuits: ----\n[DBG] Dealing with 9760 pauli strings; lambda = 220.395680; relaxation factor: 1.004527.\n[DBG] Input circuit uses 28 qubits, has 91065 gates:  { H : 24512, X : 0, Rzq : 16789, CX : 49764 }.\n[DBG] After optimization, the circuit uses 12074 gates : { U1 : 1611, U2 : 2154, U3 : 701, CX : 7608 }.\n\n",
Genesis_dataset,genesis,JW_benzene_sto3g_42_electrons_72_spin_orbitals_Hamiltonian_368021_paulis.txt,0.1,0.1,qdrift,none,,,False,1800.037475,,,,,,,,,,,,,,,,,[DBG] Expected error: 0.100000;   t: 0.100000\n[DBG] Analyzing /var/folders/8l/ycc5vbn93_56mddr52w8zp040000gn/T/qblue_bench_65n1mbhl/JW_benzene_sto3g_42_electrons_72_spin_orbitals_Hamiltonian_368021_paulis.txt.marqsim.txt:\n,
Genesis_dataset,genesis,BK_benzene_sto3g_42_electrons_72_spin_orbitals_Hamiltonian_368021_paulis.txt,0.1,0.1,qdrift,none,,,False,1800.047596,,,,,,,,,,,,,,,,,[DBG] Expected error: 0.100000;   t: 0.100000\n[DBG] Analyzing /var/folders/8l/ycc5vbn93_56mddr52w8zp040000gn/T/qblue_bench_65n1mbhl/BK_benzene_sto3g_42_electrons_72_spin_orbitals_Hamiltonian_368021_paulis.txt.marqsim.txt:\n,
